recipe_id,title,category_slug,category_fr,category_en,chef,intro,servings,duration_text,duration_minutes,difficulty_fr,difficulty_en,ingredient_count,step_count,ingredients,steps,summary_fr,summary_en,url,source
METRO-REC-0001,1000 feuilles caramel chocolat noisette,dessert,Desserts,Desserts,Laetitia Visse,Régalez vos clients avec cette recette gourmande de 1000 feuilles à la crème pâtissière caramel noisettes caramélisées et copeaux de chocolat.,10.0,40 min,40.0,Moyen,Medium,19,31,1L Crème fleurette | 350g Chocolat noir | 1 pièce Fève tonka | 1L Lait | 150g Sucre (caramel) | 50g Sucre pour la crème | 80g Jaunes d'œufs | 100g Maïzena | 1 gousse Vanille | 160g Blancs d'œufs | 25g Jaunes d'œufs | 150g Chocolat noir | 50g Beurre | 320g Sucre | 1kg Feuilletage pur beurre | 100g Sucre glace | 400g Noisettes entières | 100g Sucre | 500g Chocolat de couverture,"1. Faire chauffer la moitié de la crème fleurette avec la fève tonka 2. Verser dans un cul de poule sur le chocolat en pistoles 3. Fouetter et ajouter l'autre moitié de crème froide 4. Réserver une nuit au frais 5. Faire un caramel à sec avec la première partie du sucre 6. Décuire avec le lait, laisser cuire à frémissement une petite dizaine de minutes, et passer au chinois 7. Remettre le lait au caramel à bouillir avec la gousse de vanille fendue et grattée 8. Fouetter les jaunes avec le sucre restant, et la maïzena 9. Verser le lait brulant sur ce mélange, fouetter l'ensemble, et remettre le tout à cuire dans la russe jusqu'à ébullition, en continuant de fouetter 10. Laisser cuire 5 minutes et débarrasser au frais, avec un film au contact 11. Faire fondre le beurre et le chocolat au bain marie 12. Ajouter les jaunes d'œuf à la spatule 13. Monter les blancs en neige et serrer avec le sucre 14. Incorporer le mélange chocolat/beurre/jaunes aux blancs en deux fois et réserver le tout au frais 15. Cuire les plaques de feuilletages entre deux plaques de four, à 200°C, 25 minutes 16. Vérifier la cuisson, il est possible de devoir enfourner de nouveau, par tranches de 5 minutes, jusqu'à obtenir une coloration dorée et régulière 17. Saupoudrer une fine couche de sucre glace sur le feuilletage, et caraméliser le tout au chalumeau 18. Tailler le feuilletage de la taille souhaitée lorsque le feuilletage est encore chaud, au couteau scie 19. Compter trois rectangles par personne 20. Faire un caramel à sec bien brun 21. Ajouter les noisettes et mélanger à la spatule 22. Continuer à faire cuire le tout à petit feu, jusqu'à ce que le sucre fonde de nouveau 23. Débarrasser sur un tapis de cuisson, et laisser refroidir avant de concasser 24. Tabler le chocolat en respectant la courbe de température correspondant à la couverture utilisée (bien souvent : 45, puis 27, et enfin 32) 25. Une fois la courbe de température respectée, étaler finement le chocolat sur le plan de travail à la spatule, et quand le chocolat commence à figer, faire des ""cigarettes"" à l'aide d'un triangle 26. Monter la ganache au batteur 27. Mettre la ganache et la crème pâtissière au caramel en poches séparées avec une douille cannelée 28. Monter le 1000 feuilles en alternant à chaque fois un point de crème, un point de ganache 29. Mettre quelques noisettes caramélisées au centre, et recouvrir d'une première couche de feuilletage 30. Faire la même chose sur le second étage, et décorer le dessus avec un point de ganache et quelques copeaux de chocolat noirs 31. Faire une quenelle de mousse au chocolat à côté et servir","« 1000 feuilles caramel chocolat noisette » est une recette professionnelle METRO (desserts) signée Laetitia Visse, composée de 19 ingrédients et 31 étapes, pour 10 portions, durée 40 min.","""1000 feuilles caramel chocolat noisette"" is a professional METRO recipe (desserts) by Laetitia Visse, with 19 ingredients and 31 steps, for 10 servings.",https://www.metro.fr/inspiration/recette-chef/dessert/1000-feuilles-caramel-chocolat-noisette,METRO France – metro.fr/inspiration/recette-chef
METRO-REC-0002,Ananas façon Mojito,dessert,Desserts,Desserts,,L'ananas victoria façon mojito : un dessert original et gourmand qui fera sensation sur votre menu.,4.0,1h,60.0,Moyen,Medium,14,16,2 Ananas Victoria | Sirop de menthe fraîche | 30g Sucre semoule pâtissière | 1L Préparation pour cocktail mojito | 20g Gomme xanthane | 20g Gomme xanthane | 100cl Huile de pépin de raisin | 1g Agar-agar | Menthe fraîche | 500ml Eau | 2 Citrons jaunes | 1 Citron vert | 200g Sucre semoule pâtissière | 100ml Sorbet ananas,"1. Éplucher les ananas et les partager en deux 2. Couper une partie en gros dés 3. Les mettre dans un sac sous vide avec un sirop de menthe fraîche 4. Cuire à 180°C pendant 15min au four vapeur 5. Réserver au frais 6. Couper la 2ème partie en fine brunoise, mélanger avec de la menthe fraîche ciselée et du sucre 7. Mélanger la préparation mojito avec la xanthane 8. Mixer 9. Mettre au siphon avec 2 cartouches de gaz et réserver au frais 10. Faire un sirop à 30°C avec la xanthane, la menthe fraîche, le sucre, l'huile de pépin de raisin et un demi litre d'eau 11. Une fois prêt, mixer et passer au chinois 12. Tailler les zestes de citron en julienne et les faire bouillir dans un sirop 13. Les faire ensuite sécher au four avant de les paner au sucre semoule 14. Faire une meringue classique (blanc + sucre) et rajouter du citron vert râpé 15. Disposer les gros dés et la brunoise d'ananas, puis les meringues, finir avec les zestes de citron, la quenelle de glace et la mousse mojito 16. Finir avec quelques billes de menthe","« Ananas façon Mojito » est une recette professionnelle METRO (desserts), composée de 14 ingrédients et 16 étapes, pour 4 portions, durée 1h.","""Ananas façon Mojito"" is a professional METRO recipe (desserts), with 14 ingredients and 16 steps, for 4 servings.",https://www.metro.fr/inspiration/recette-chef/dessert/ananas-facon-mojito,METRO France – metro.fr/inspiration/recette-chef
METRO-REC-0003,"Baba au rhum, fruits exotiques",dessert,Desserts,Desserts,,,12.0,1h,60.0,Moyen,Medium,24,17,"600g Farine | 480g Oeuf | 10g Sel | 100g Levure Boulangère | 150g Sucre cassonade | 350g Beurre Fondue 45° | 1 Ananas | 30g Glucose | 130g Sucre | 10g Stab 2000 | 1l Purée de coco | 37,5cl Eau | Zeste de citron vert | ¼ Botte de coriandre fraîche | ½ Bâton de cannelle râpée | Poivre Timut | 1l Crème | 2 Zeste de citron vert | 1 Gousse de vanille | 30cl Eau | 300g Sucre cassonade | 600g Purée passion | 1 Fruit de la passion | 30 cl Rhum vieux","1. Mettre dans la cuve du batteur au crochet la farine, le sel, les œufs, la levure boulangère. 2. Petit à petit, ajouter le sucre cassonade ainsi que le beurre fondu à 45°C. 3. Laisser pousser une première fois dans la cuve. 4. Pocher ensuite dans les moules à baba et refaire pousser 30 min à 50°C. 5. Cuire 13 min à 170°C et laisser sécher une journée. 6. Faire chauffer le tout et verser très chaud sur les babas secs, les retourner 4 fois. 7. Reposer dans le sirop au moins 4 heures et égoutter. 8. Faire la brunoise d'ananas et mélanger avec les graines de fruit de la passion, la coriandre ciselée, les zestes et le poivre Timut. 9. Monter la chantilly au batteur et mettre en poche avec une douille cannelée. 10. Faire bouillir l'eau et le glucose. 11. Mélanger le sucre et le stab 2000 puis verser sur le mélange. 12. Verser ensuite sur la purée de coco ou ponthier déjà mélangée aux épices et zestes. 13. Faire prendre au Pacojet ou en sorbetière. 14. Mettre le baba au milieu de l'assiette, le creux sur le dessus et le remplir avec la brunoise d'ananas. 15. Faire une petite quenelle de sorbet coco et recouvrir de chantilly citron vert. 16. Pocher en cercle pour effectuer un beau dôme. 17. Disposer quelques copeaux de coco fraîche et de graines de fruits de la passion ainsi que de cress coriandre.","« Baba au rhum, fruits exotiques » est une recette professionnelle METRO (desserts), composée de 24 ingrédients et 17 étapes, pour 12 portions, durée 1h.","""Baba au rhum, fruits exotiques"" is a professional METRO recipe (desserts), with 24 ingredients and 17 steps, for 12 servings.",https://www.metro.fr/inspiration/recette-chef/dessert/baba-rhum-exotique,METRO France – metro.fr/inspiration/recette-chef
METRO-REC-0004,"Brownie chocolat, banane et crémeux cacahuètes",dessert,Desserts,Desserts,,,4.0,1h30 min,90.0,Moyen,Medium,27,21,250g Beurre | 150g Sucre | 250g Chocolat Tanzanie | 70g Farine | 4 Oeufs | 500g Crème | 200g Pâte de cacahuètes | 220g Jaune d'œuf | 170g Sucre | 5 Feuille de gélatine | 1L Crème | 500g Lait | 150g Jaune d'œuf | 180g Sucre | 4 Feuilles de gélatine | 500g Chocolat Tanzanie | 50g Sucre muscovado | 40g Farine | 300g Sucre | 100g Beurre | 4 Feuilles de gélatine | 10g Poudre d'amande | 50g Blanc d'oeuf | 50g Beurre pommade | 50g Sucre glace | 20g Beurre | 4 Bananes,"1. Faire chauffer le chocolat et le beurre au bain-marie 2. Blanchir les œufs entiers avec le sucre puis ajouter la farine. Cuire à 180°C pendant 15 min 3. Faire chauffer la crème et la pâte de cacahuètes, en parallèle blanchir les jaunes d'œufs et le sucre 4. Verser la crème chaude sur le mélange œufs/sucre et cuire à 83°C 5. Ajouter la gélatine préalablement hydratée puis refroidir et mettre en poche 6. Faire chauffer la crème et le lait 7. En parallèle, blanchir les jaunes d'œuf et le sucre 8. Verser ensuite la crème chaude sur le mélange œufs/sucre et cuire à 83°C puis verser en plusieurs fois sur le chocolat et émulsionner 9. Ajouter la gélatine préalablement hydratée, couler dans les moules en silicone afin d'obtenir des dômes 10. Faire un caramel à sec, décuire au beurre et ajouter la gélatine 11. Transvaser en chinois à piston et glacer les dômes chocolat sur des grilles avec un bac en dessous 12. Puis faire prendre les dômes glacés 5 min au frais et les transférer sur le brownie 13. Mélanger les poudres, ajouter les blancs d'œuf non montés et le beurre pommade 14. Ensuite, étaler sur un silpat en forme de rond puis cuire 5 min à 170°C 15. Retourner la plaque à mi-cuisson 16. Réaliser un caramel avec le sucre et le beurre et ajouter les bananes taillées 17. Laisser compoter pendant 15 min puis mettre en poche 18. Disposer le brownie surmonté des dômes glacés au caramel au milieu de l'assiette 19. Disposer les points de crémeux caramel et de compotée de banane dans les espaces vides 20. Ensuite, couper quelques demi-rondelles de bananes fraîches et les disposer en volume 21. Saupoudrez de cacahuètes, puis mettre les tuiles cigarettes dorées et quelques cress anisés","« Brownie chocolat, banane et crémeux cacahuètes » est une recette professionnelle METRO (desserts), composée de 27 ingrédients et 21 étapes, pour 4 portions, durée 1h30 min.","""Brownie chocolat, banane et crémeux cacahuètes"" is a professional METRO recipe (desserts), with 27 ingredients and 21 steps, for 4 servings.",https://www.metro.fr/inspiration/recette-chef/dessert/brownie-chocolat-banane,METRO France – metro.fr/inspiration/recette-chef
METRO-REC-0005,Buche Marron poire Yuzu,dessert,Desserts,Desserts,Philippe Rigollot,,8.0,1h30 min,90.0,Moyen,Medium,31,35,"720g Crème 35% | 10g Gélatine poudre 200 bloom | 120g Couverture Lait 38% | 240g Crème de marrons | 165g Beurre | 110g Fécule de pommes de terre | 105g Cassonade | 110g Farine de châtaignes | 3g Sel | 15g Crème 35% | 8g Sucre inverti | 17g Sucre | 50g Beurre | 15g Purée de marrons | 35g Sucre | 3g Levure chimique | 55g Jaunes d'œufs | 50g Blancs d'oeufs | 45g Farine de châtaigne | 10g Gélatine poudre 200 bloom | 25g Arome Yuzu | 25g Fécule de pommes de terre | 70g Poires William | 70g Sucre | 475g Purée de poire | 70g Sucre | 7g Eau | 355g Crème 35% | 36g Sucre | 200g Purée de marron | 1,5g Gélatine poudre","1. Bouillir la crème. 2. Ajouter la gélatine réhydratée et verser sur le chocolat fondu. 3. Réaliser une émulsion puis ajouter la purée et la crème de marrons. 4. Incorporer délicatement la crème montée souple. 5. Incorporer tous les ingrédients dans le beurre pommade. 6. Abaisser entre deux feuilles de cuisson à 3 mm d'épaisseur. 7. Cuire à 150°C pendant 15 minutes puis détailler en 56 x 7 et remettre à cuire pendant 15 minutes. 8. Mettre le beurre dans une cuve de batteur, avec la purée de marron, le sel, le sucre, bien blanchir avec la feuille. 9. Verser petit à petit le mélange la crème, sucre inverti et les jaunes d'œufs. 10. Ajouter le mélange tamisé, farine levure chimique. 11. Monter les blancs au fouet et incorporer le sucre. 12. Mélanger délicatement les deux masses. 13. Étaler en cadre de 57 x 17. 14. Cuire au four à 180°C pendant 8/10 minutes. 15. Dans une casserole mettre la purée de poire. 16. Chauffer puis ajouter le mélange sucre et fécule de pomme de terre. 17. Donner une ébullition puis ajouter la gélatine réhydratée. 18. Incorporer les dés de poires et l'arôme yuzu, bien mélanger puis couler de suite. 19. Hydrater la gélatine avec l'eau. 20. Chauffer légèrement (30°C) 10% de la crème. 21. Fondre la gélatine et ajouter la crème tiède, bien mélanger et ajouter le reste de crème. 22. Laisser 24h au frigo. 23. Ajouter le sucre et monter. 24. Terminer en incorporant la purée de marron à la maryse. 25. Réaliser l'insert en cadre de 56 x 4.5, avec un biscuit au fond, couler 650 g de marmelade de poire et recouvrir avec un deuxième biscuit. 26. Congeler. 27. Couler 1100 g de mousse marron dans une gouttière à bûche de 57 x 8.5. 28. Mettre au centre l'insert de marmelade de poire, lisser la crème à hauteur. 29. Refermer la bûche avec le sablé châtaigne. 30. Congeler. 31. Démouler la bûche, puis avec la chantilly marron, recouvrir toute la bûche et donner un effet avec une petite palette. 32. Congeler. 33. Passer sur la bûche un voile de chocolat noir au pistolet. 34. Détailler à la dimension souhaitée, mettre sur carton. 35. Disposer des embouts chocolat lait et sur la bûche des ronds de chocolat lait et des morceaux de marron au sirop.","« Buche Marron poire Yuzu » est une recette professionnelle METRO (desserts) signée Philippe Rigollot, composée de 31 ingrédients et 35 étapes, pour 8 portions, durée 1h30 min.","""Buche Marron poire Yuzu"" is a professional METRO recipe (desserts) by Philippe Rigollot, with 31 ingredients and 35 steps, for 8 servings.",https://www.metro.fr/inspiration/recette-chef/dessert/buche-marron-poire-yuzu,METRO France – metro.fr/inspiration/recette-chef
METRO-REC-0006,Bûche Carachoc,dessert,Desserts,Desserts,,,8.0,1h30 min,90.0,Moyen,Medium,40,35,220g Sucre | 350g Crème liquide 35% | 1 gousse Vanille | 120g Glucose | 2g Pectine N.H | 180g Beurre demi-sel | 2g Fleur de sel | 250g Eau | 600g Choc Couverture Noir 72% | 288g Masse gélatine | 600g Glucose | 400g Lait concentré non sucré | 600g Sucre semoule | 480g Sucre semoule | 250g Noix de pécan | 250g Noisettes blanches entières | 300g Eau | 60g Beurre frais | 250g Amandes blanches entières | 250g Noix de macadamia | 624g Choc couverture Noir 72% | 52g Eau | 234g Oeufs entier liquides | 806g Crème liquide 35% MG | 156g Jaunes d'oeufs | 234g Sucre cristal | 520g Couverture Noir 72% | 140g Blancs d'oeufs | 320g Noix de Pécan concassés | 450g Sucre semoule | 270g Farine Pâtissière | 720g Beurre clarifié | 450g Vergeoise blonde | 700g Oeufs entiers liquides | 300g Choc couverture lait 38% | 80g Jaune d'oeufs | 200g Lait entier | 40g Sucre cristal | 15g Masse gélatine | 200g Crème liquide 35%,"1. Prélever 50g de sucre des 220g et les mélanger avec la pectine N.H 2. Incorporer le mélange pectine/sucre dans la crème froide 3. Porter la crème à ébullition avec la gousse de vanille préalablement fendue et grattée 4. Réaliser un caramel à sec avec le glucose et le sucre. Cuisson : 175°c. Déglacer le caramel avec la crème 5. Refroidir à 45°c puis incorporer le beurre demi-sel et la fleur de sel 6. Émulsionner au mixeur 7. Réserver au réfrigérateur jusqu'à obtention d'une texture pochable 8. Dresser 150g par bûche 9. Cuire le sucre, le glucose et l'eau à 103°C 10. Incorporer la masse gélatine, le lait concentré 11. Mixer le tout et réaliser une émulsion sur la couverture noire puis laisser cristalliser avant utilisation 12. Utilisation fondue à 30°c / 35°c 13. Cuire le sucre et l'eau à 118°c 14. Incorporer les fruits secs et faire sabler en mélangeant, continuer la cuisson jusqu'à caramélisation 15. Décuire avec le beurre, verser sur une plaque et laisser refroidir 16. Concasser grossièrement peser 100 g par bûche 17. Faire cuire l'eau et le sucre à 118°c et verser sur les jaunes et les œufs entiers déjà battus, monter au batteur jusqu'à complet refroidissement 18. Fondre le chocolat de couverture noir à 50°c 19. Mélanger une grosse corne de crème mousseuse dans la couverture, démarrer une émulsion et y ajouter la pâte à bombe puis terminer en incorporant le reste de la crème mousseuse 20. Peser 1000 g de mousse par bûche 21. Fondre la couverture noire à 45°, ajouter le beurre clarifié à la même T° 22. Monter ensemble, les œufs, les blancs, et les sucres jusqu'à obtenir une préparation lisse et bien foisonnée 23. Verser le mélange beurre/chocolat dans les œufs, mélanger de manière homogène 24. Tamiser la farine et l'ajouter au précédent mélange 25. Terminer en incorporant les noix de pécan concassées 26. Verser dans un cadre 60X40 sur toile siliconée 27. Cuisson four ventilé 15/20 mn à 160°C clef fermée ou four à sole 175°C durant le même temps 28. Après cuisson de l'anglaise de base incorporer la gélatine et réaliser une émulsion sur la couverture lactée fondue, réserver une nuit au froid avant pochage sur les semelles brownies 29. Dresser deux traits de crémeux chocolat a l'aide d'une douille de 10mm (200 g) par semelle de biscuit 30. Réserver au froid 31. Prendre une semelle de biscuit Brownies 32. Dresser deux traits de crémeux chocolat espacés de 3 cm à l'aide d'une douille de 10mm (200 g) par semelle de biscuit, dresser le caramel tendre beurre salé entre les deux boudins de crémeux chocolat (150 g) parsemer dessus de fruits secs caramélisés (100 g) et surgeler le tout 33. Réaliser la mousse chocolat Noir 72 %, peser 1000 g de mousse par moule à bûche, venir déposer la semelle garnie de fruits secs surgelée, appuyer légèrement pour insérer le biscuit au niveau du moule et surgeler le tout 34. Démouler sur grille et glacer aussitôt à l'aide du glaçage noir chauffé à 30/35°C 35. Finition et décors","« Bûche Carachoc » est une recette professionnelle METRO (desserts), composée de 40 ingrédients et 35 étapes, pour 8 portions, durée 1h30 min.","""Bûche Carachoc"" is a professional METRO recipe (desserts), with 40 ingredients and 35 steps, for 8 servings.",https://www.metro.fr/inspiration/recette-chef/dessert/buche-chocolat-caramel-fruits-secs,METRO France – metro.fr/inspiration/recette-chef
METRO-REC-0007,Bûche Casse Noisette,dessert,Desserts,Desserts,,,8.0,1h30 min,90.0,Moyen,Medium,37,31,375g Oeufs entiers liquides | 120g Sucre semoule | 140g Jaunes d'oeuf | 240g Blancs d'oeufs | 95g Sucre semoule | 95g Farine pâtissière | 95g Cacao en poudre | 290g Sucre semoule | 150g Beurre sec 84% | 150g Sucre glace | 75g Poudre d'amandes blanches | 60g Oeufs entiers liquides | 305g Farine patissière | 3g Sel fin | 100g Riz soufflé nature | 400g Pailleté feuilletine Cacao Barry | 260g Choc couverture lait 38% | 600g Praliné amandes noisettes | 810g Glucose | 1200g Crème liquide 35% | 4 gousses Vanille | 312g Masse gélatine | 1050g Sucre cristal | 300g Choc Couverture Noir 72% | 600g Eau | 900g Sucre cristal | 4g Pectine NH | 10 Citrons Jaunes | 1000g Lait entier | 1 gousse Vanille grattée | 250g Jaunes d'oeufs | 200g Sucre semoule | 100g Farine de maïs | 175g Masse gélatine | 500g Praliné à l'ancienne | 100g Beurre frais | 1000g Crème liquide 35%,"1. Faire foisonner au batteur à l'aide d'un fouet : Jaunes, œufs entiers et sucre 2. Simultanément monter les blancs et le sucre 3. Mélanger les deux masses ensemble délicatement et incorporer la farine et le cacao poudre tamisés 4. Etaler 600 g sur toile de cuisson 60X40 siliconée 5. Cuisson 6 mn au four ventilé à 230 °C clef fermée 6. Mélanger au batteur à la feuille et faire blanchir, le beurre sec, sucre glace, poudre d'amande, œufs entiers, farine (75 g) et le sel 7. Ajouter à la fin la farine (220 g) mélanger à petite vitesse pour ne pas donner trop de corps et garder le croustillant 8. Abaisser et cuire à 150/160°C four ventilé jusqu'à coloration blonde à cœur 9. Laisser refroidir et éclater au robot coupe, prélever 600 gr et ajouter la couverture lactée fondue ainsi que le praliné, puis le riz soufflé et la feuilletine 10. Etaler entre deux règles ou en cadre et presser pour obtenir des semelles de 1.5 cm d'épaisseur 11. Laisser prendre au froid et détailler les semelles 12. Cuire le sucre et le glucose à 185°C 13. Décuire avec la fleurette chaude infusée des gousses de vanille 14. Ajouter la masse gélatine puis mixer 15. Réaliser une émulsion sur la couverture noire 72% 16. Laisser cristalliser une nuit au réfrigérateur 17. Utilisation fondue à 30°c / 35°c 18. Blanchir trois fois les citrons dans de l'eau frémissante 19. Préparer un sirop à 30°C avec l'eau et le sucre cristal, y plonger les citrons jaunes blanchis et cuire environ 30 mn sirop frémissant 20. Laisser confire les citrons pendant 24h dans le sirop 21. Égoutter les citrons et les épépiner, peser 600 g de citrons semi confits puis les mixer 22. Ajouter le sucre semoule mélangé à la pectine NH et donner un bouillon tout en remuant 23. Réserver au froid 24. Réaliser une crème pâtissière avec le lait, la vanille, le sucre, les jaunes et l'amidon 25. Après cuisson incorporer à chaud la masse gélatine et le praliné, refroidir à 40°C et mixer avec le beurre frais 26. Laisser refroidir à 18°C et incorporer la crème liquide montée mousseuse 27. Prendre une feuille de biscuit viennois chocolat, étaler sur l'ensemble de la surface à l'aide d'une palette, 460 g de confit de citron jaune 28. Étaler ensuite 800 g de crème diplomate pralinée, couper la feuille 60X40 en deux sur la longueur puis rouler et serrer à l'aide d'un papier sulfurisé 29. Passer au grand froid et démouler, lisser le dessus du rouleau à l'aide d'une fine couche de diplomate et surgeler de nouveau 30. Glacer les rouleaux surgelés à l'aide du glaçage choco/caramel chauffé à 30/35°C et les déposer au milieu des semelles de sablé pressé, dressés de part et d'autre des boules de diplomate 31. Finition décor","« Bûche Casse Noisette » est une recette professionnelle METRO (desserts), composée de 37 ingrédients et 31 étapes, pour 8 portions, durée 1h30 min.","""Bûche Casse Noisette"" is a professional METRO recipe (desserts), with 37 ingredients and 31 steps, for 8 servings.",https://www.metro.fr/inspiration/recette-chef/dessert/buche-casse-noisette,METRO France – metro.fr/inspiration/recette-chef
METRO-REC-0008,Bûche de Noël chocolat praliné amandes,dessert,Desserts,Desserts,,,1.0,40 min,40.0,Moyen,Medium,28,28,40g Feuilletine | 40g Praliné noisette | 20g Chocolat au Lait | 30g Cacao pâte | 80g Lait entier pasteurisé | 25g Crème 35% MG | 180g Crème fleurette des Limousins | 30g Blancs d'œufs | 20g Sucre semoule | 75g Jaune d'œufs | 60g Chocolat | Crème pâtissière | 20g Jaunes d'œufs | 80g Lait entier pasteurisé | 10g Poudre à crème Ancel | 75g Praliné noisette | 75g Crème fleurette des limousins | 15g Noisettes concassées torréfiées | 20g Sucre semoule | 25g Crème fleurette des limousins | 30g Beurre de cacao | 70g Chocolat | 25g Sucre glace | 50g Sucre semoule | 80g Blancs d'œufs | 1g Sel fin | 15g Farine faible | 45g Poudre d'amande,"1. Fondre le chocolat à 45°C, puis le mélanger au praliné 2. Incorporer délicatement la feuilletine 3. Étaler sur une bande de biscuit dacquoise 4. Fondre les chocolats au bain marie à 50°C 5. Faire bouillir le lait et la crème 6. Verser la moitié du liquide sur les chocolats 7. Ajouter les jaunes puis la deuxième partie du liquide 8. Mixer 9. Monter les blancs avec le sucre en meringue 10. Monter la crème fouettée mousseuse 11. Mélanger la préparation chocolatée dans la crème fouettée 12. Versez le mélange dans la meringue et finir de mélanger délicatement 13. Faire bouillir le lait, la crème et le sucre 14. Blanchir les jaunes avec la deuxième partie de sucre et la poudre à crème 15. Délayer l'appareil avec le lait chaud, puis verser le tout dans la casserole 16. Cuire au premier bouillon l'ensemble des ingrédients 17. Mélanger la crème pâtissière chaude avec le praliné 18. Mettre à refroidir filmé sur plaque au grand froid 19. Monter la crème fouettée mousseuse 20. Incorporer la crème praliné dans la crème fouettée et les noisettes 21. Fondre le chocolat et le beurre de cacao au bain marie à 50°C 22. Pulvériser à l'aide d'un pistolet 23. Monter ""au bec d'oiseau"" les blancs avec le sucre et le sel 24. Incorporer la poudre d'amande, le sucre glace et la farine, dans la meringue 25. Détailler une bande de 10 cm x 50 cm 26. Saupoudrer régulièrement de sucre glace 27. Cuire au four à 190°C pendant 9 minutes 28. Découper 2 bandes de 5 cm de large sur 50 cm de long","« Bûche de Noël chocolat praliné amandes » est une recette professionnelle METRO (desserts), composée de 28 ingrédients et 28 étapes, pour 1 portion, durée 40 min.","""Bûche de Noël chocolat praliné amandes"" is a professional METRO recipe (desserts), with 28 ingredients and 28 steps, for 1 serving.",https://www.metro.fr/inspiration/recette-chef/dessert/buche-chocolat-praline-amande,METRO France – metro.fr/inspiration/recette-chef
METRO-REC-0009,Bûche des îles,dessert,Desserts,Desserts,,Retrouvez notre recette incontournable de la bûche des îles pour des fêtes de fin d'année exotiques. Une recette traditionnelle et savoureuse en toute simplicité !,1.0,1h,60.0,Moyen,Medium,36,33,15g Sucre semoule | 95g Purée de fraise | 5g Pectine NH | 15g Sirop de glucose | 14g Jus de Citron Vert | 16g Blancs d'oeufs | 35g Eau | 14g Sucre inverti | 5g Blancs d'œufs en poudre | 105g Crème fouettée 35% | 26g Sucre semoule | 53g Purée de mangue | 7g Gélatine 150 Bloom | 35g Purée de banane | 70g Purée de passion | 10g Sucre glace tamisé | 15g Farine faible | 16g Poudre d'amande blanche | 60g Sucre semoule | 80g Blancs d'œufs | Sel fin | 30g Noix de coco râpée | 30g Purée de mangue | Zestes de Citron vert | 160g Dés d'ananas frais égouttés | 50g Purée de passion | Gingembre râpé | 15g Beurre | 3g Pectine NH | 15g Sirop de glucose | 15g Sucre semoule | 30g Purée de coco | 50g Farine faible | 20g Sucre glace tamisé | 50g Beurre pommade | Sel fin,"1. Chauffer la purée de fraise avec le glucose à 50°C 2. Incorporer le sucre préalablement mélangé avec la pectine 3. Donner un bon bouillon 4. Ajouter la deuxième purée de fraise, puis mixer 5. Mettre à refroidir 6. Garnir 160 g de coulis par gouttière 7. Mélanger les blancs secs avec le sucre, puis ajouter les blancs frais 8. Faire monter la meringue au ""bec d'oiseau"" en ajoutant le jus de citron vert à la fin 9. Hydrater la gélatine avec l'eau 10. Incorporer la préparation gélatinée fondue à 80°C dans la meringue avant d'arrêter 11. Monter la crème fouettée mousseuse 12. Incorporer les purées préalablement mélangé à la trimoline dans la crème fouettée 13. Verser le tout dans la meringue 14. Garnir 350 g de crème par gouttière 15. Monter ""au bec d'oiseau"" les blancs avec le sucre et le sel 16. Incorporer la poudre d'amande, la coco râpée, le sucre glace et la farine, dans la meringue 17. Détailler une bande de 10 cm x 50 cm 18. Saupoudrer régulièrement de sucre glace 19. Cuire au four à 190°C pendant 9 minutes 20. Découper 2 bandes de 5 cm de large sur 50 cm de long 21. Chauffer la purée de passion et de mangue avec le glucose à 50°C 22. Incorporer le sucre préalablement mélangé avec la pectine 23. Donner un bon bouillon 24. Ajouter le beurre et la purée de coco, puis mixer 25. Mettre à refroidir 26. Garnir 160 g de coulis par gouttière 27. Mélanger les zestes de citron, le gingembre et les dés d'ananas ensemble 28. Laisser macérer, puis égoutter 29. Parsemer les 160 g de dés dessus le coulis exotique 30. Monter le beurre pommade très souple, le sucre glace tamisé et le sel ensemble 31. Incorporer la farine et mélanger 32. Détailler 1 bandes de 6 cm x 49 cm 33. Cuire à 145°C pendant 25 minutes","« Bûche des îles » est une recette professionnelle METRO (desserts), composée de 36 ingrédients et 33 étapes, pour 1 portion, durée 1h.","""Bûche des îles"" is a professional METRO recipe (desserts), with 36 ingredients and 33 steps, for 1 serving.",https://www.metro.fr/inspiration/recette-chef/dessert/buche-mangue-passion-coco,METRO France – metro.fr/inspiration/recette-chef
METRO-REC-0010,Bûche Roussillon,dessert,Desserts,Desserts,,Laissez-vous tenter par la recette de la bûche roussillon pour les fêtes de fin d'année. Un dessert facile à préparer et qui sublimera la carte de votre restaurant.,8.0,1h30 min,90.0,Moyen,Medium,39,27,1150g Sucre semoule | 500g Glucose | 475g Farine pâtissière | 350g Dragée amande concassée | 250g Choc couverture blanc | 850g Beurre frais | 200g Pâte d'amandes | 825g Œufs frais | 210g Farine pâtissière | 280g Sucre semoule | 240g Jaunes d'œufs | 600g Œufs entiers liquides | 360g Blancs d'oeufs | 800g Pâte d'amande | 240g Pâte de pistache | 108g Sucre semoule | 72g Jus de Citron Jaune | 480g Miel de fleurs liquide | 360g Sucre cristal | 42g Pectine N.H | 1200g Oreillons d'abricot | 390g Lait entier | 95g Jaunes d'œufs | 750g Choc couverture blanc | 63g Masse gélatine | 238g Pâte de pistache | 390g Crème liquide 35% | 185g Sucre semoule | 1kg Purée d'abricot | 180g Eau | 450g Sucre semoule | 200g Meringue Italienne | 600g Crème liquide | 300g Blancs d'oeufs | 90g Masse gélatine | 15g Sucre | 450g Eau | 3g Acide tartrique | 10g Pectine N.H,"1. Monter ensemble au batteur à la feuille, le beurre, la pâte d'amande et le sucre. 2. Détendre petit à petit avec les œufs, puis incorporer la couverture ivoire fondue et enfin la farine. 3. Verser 3500 g de masse dans un cadre 60X40, puis parsemer les dragées concassées sur le dessus avant cuisson. 4. Cuire 25/30 minutes à 165°c clef fermée au four ventilé. 5. Dans un batteur muni de la feuille, détendre la pâte d'amande et la pâte de pistache petit à petit avec les œufs et les jaunes. 6. Monter le tout à l'aide du fouet jusqu'à foisonnement. 7. Simultanément monter les blancs d'œufs et le sucre, mélanger les deux masses et incorporer la farine délicatement. 8. Peser des feuilles à 800 g de masse étaler sur papier sulfurisé. 9. Cuire 10/12 minutes à 180°c four ventilé clef fermée. 10. Dans une grande casserole monter à 40°C les abricots, le sucre et le miel. 11. Parsemer du mélange sucre et pectine NH puis porter à ébullition durant 1 mn. 12. En fin de cuisson ajouter le jus de citron. 13. Après cuisson peser 2000 g de masse par cadre 60X40 sur un biscuit fin pistache et l'emprisonner avec un deuxième biscuit fin pistache. 14. Après cuisson de l'anglaise de base, incorporer la masse gélatine et réaliser une émulsion sur la couverture ivoire fondue et la pâte de pistache. 15. Couler aussitôt sur le dessus du cadre insert (biscuit pistache et compotée d'abricots). 16. Faire cuire l'eau et le sucre à 118°c et verser sur les blancs d'œufs monter au batteur jusqu'à refroidissement. 17. Prélever 200 g de purée d'abricots et y faire fondre la masse gélatine sans dépasser 50°C. 18. Détendre les 200 g de meringue italienne avec ce mélange, ajouter le reste de la purée d'abricots et terminer par la fleurette montée mousseuse. 19. Chauffer à 40°C l'eau, l'acide tartrique et le glucose, parsemer le mélange pectine NH et sucre. 20. Donner un bouillon, mixer puis réserver. 21. Utiliser à 80°C au pistolet ou pulvérisateur manuel. 22. Dans un cadre 60X40 déposer une feuille de biscuit fin pistache, couler sur le biscuit la compotée d'abricots au miel (2000 g) et recouvrir d'un second biscuit pistache. 23. Couler le crémeux pistache (2000 g) sur le biscuit du dessus et surgeler le tout. 24. Réaliser la mousse abricots et couler dans une gouttière à bûche un 1er étage de 520 g de mousse, puis déposer un insert abricot pistache (découpe 4.5 cm de large). 25. Couler à nouveau un 2ème étage de 250 g de mousse, puis refermer à l'aide du biscuit moelleux aux éclats de dragées, appuyer légèrement pour insérer le biscuit au niveau du moule et surgeler le tout. 26. Démouler sur grille et pulvériser aussitôt à l'aide du nappage neutre chauffé à 80°C. 27. Finition et décors.","« Bûche Roussillon » est une recette professionnelle METRO (desserts), composée de 39 ingrédients et 27 étapes, pour 8 portions, durée 1h30 min.","""Bûche Roussillon"" is a professional METRO recipe (desserts), with 39 ingredients and 27 steps, for 8 servings.",https://www.metro.fr/inspiration/recette-chef/dessert/buche-dragees-pistache-abricot,METRO France – metro.fr/inspiration/recette-chef
METRO-REC-0011,Bûche Trois Chocolats,dessert,Desserts,Desserts,Philippe Rigollot,,8.0,1h30 min,90.0,Moyen,Medium,50,39,"250g Crème 35% | 250g Lait | 100g Jaunes d'œufs | 44g Sucre | 2g Gélatine poudre 200 bloom | 335g Crème anglaise de base | 190g Couverture Metro chef 38% | 45g Fécule | 2g Sel | 55g Sucre | 45g Farine de riz | 10g Cacao poudre | 25g Amidon de maïs | 50g Beurre | 10g Jaunes d'œufs | 30g Mascarpone | 0,5g Vanille en poudre | 275g Crème anglaise de base | 413g Crème 35% | 312g Couverture Chocolat Noir 64% | 135g Praliné Noisettes | 85g Pâte sablée sans gluten | 25g Couverture noir 64% Metro chef | 25g Couverture lait 38% Metro chef | 50g Feuillantine | 22g Sucre | 35g Jaunes d'œufs | 25g Oeufs | 41g Blancs d'œufs | 22g Sucre | 15g Amidon de maïs | 8g Cacao poudre | 17g Couverture noir Metro chef 64% | 71g Pâte d'amandes 50% | 17g Beurre | 34g Eau | 66g Sucre | 66g Glucose | 44g Lait concentré sucré | 4,5g Gélatine poudre 200 bloom | 22,5g Gélatine poudre 200 bloom | 0,4g Colorant Rouge Naturel CA3543 | 56g Couverture Noir Metro chef 64% | ½gousse Gousse de vanille | 6g Beurre de cacao | 16g Couverture Ivoire Metro chef 30% | 71g Crème 35% | 5g Glucose | 48g Crème 35% | 5g Sucre inverti","1. Bouillir la crème avec le lait et verser sur les jaunes d'œufs préalablement mélangés (sans blanchir) avec le sucre 2. Cuire le tout à la nappe 84/86 °C, passer au chinois étamine et utiliser tout de suite 3. Couler 1000 g de mousse chocolat dans un gouttière à bûche de 57 x 8.5 4. Congeler 5. Quand la crème anglaise est cuite, ajouter la gélatine réhydratée 6. Verser en trois fois la crème chaude sur la couverture, en mélangeant énergiquement entre chaque incorporation 7. Finir par mixer en prenant garde de ne pas ajouter des bulles d'air dans le crémeux 8. Couler de suite 9. Mettre toutes les poudres ensemble dans une cuve de batteur avec le beurre et mélanger avec la feuille, jusqu'à sablage 10. Mélanger le mascarpone avec les jaunes d'œufs et la vanille, puis verser sur le premier mélange 11. Quand la pâte est bien mélangée, étaler entre deux feuilles de cuisson à une épaisseur de 2 mn 12. Cuire au four à 150°c pendant 25 minutes 13. Refroidir 14. Émulsionner au fouet le chocolat fondu et la crème anglaise chaude, la température du mélange devra être de 45/50°C 15. Stabiliser si besoin cette émulsion avec un ajout de la crème fleurette montée 16. Dès que le mélange est lisse, vérifier la température et ajouter le reste de la crème 17. Couler de suite 18. Fondre les couvertures, puis mélanger avec le sablé chocolat sans gluten cuit, la feuillantine et le praliné 19. Étaler en cadre de 56 x 7 puis mettre au congélateur 20. Mélanger la pâte d'amandes avec les 22 g de sucre, puis détendre en incorporant les jaunes et les œufs entiers, monter le tout au ruban 21. Monter les blancs en ajoutant peu à peu la deuxième pesée de sucre 22. Tamiser ensemble le cacao poudre et la farine, parallèlement, faire fondre la couverture et le beurre à 50ºC 23. Mélanger une petite partie des blancs avec le mélange couverture Noir et le beurre fondu afin d'obtenir une texture lisse et légère 24. Ajouter le mélange pâte d'amandes, œufs et jaunes. Incorporer les poudres et terminer avec le reste des blancs. Étaler en cadre de 57 x 17. Cuire sur plaque à 180/200°C clé fermée pendant 12/15 minutes 25. Cuire à 103°c l'eau, le sucre, la vanille, le colorant rouge et le glucose 26. Ajouter le lait concentré et la gélatine 27. Verser sur la couverture et mixer. Refroidir à 4°c 28. Température d'utilisation 32/35°c sur bûche congelée 29. Porter à ébullition le mélange crème, sucre inverti, glucose 30. Verser lentement le mélange bouillant sur la couverture et le beurre de cacao fondu en mélangeant au centre pour créer un "" noyau "" élastique et brillant, signe d'une émulsion démarrée 31. Continuer en ajoutant le liquide peu à peu 32. Mixer pour parfaire l'émulsion. Ajouter la crème fleurette froide et mixer de nouveau 33. Réserver au frais et laisser cristalliser de préférence une nuit 34. Monter le mélange au fouet afin d'obtenir une texture suffisamment consistante pour travailler cette ganache à la poche 35. Détailler à la taille souhaitée, puis mettre sur carton à bûche 36. Monter la ganache ivoire au fouet, puis pocher la ganache sur le dessus de la bûche 37. Mettre l'insert, puis refermer par le croustillant chocolat 38. Congeler 39. Chauffer le glaçage chocolat noir à 32/35°c, puis démouler la bûche et la glacer","« Bûche Trois Chocolats » est une recette professionnelle METRO (desserts) signée Philippe Rigollot, composée de 50 ingrédients et 39 étapes, pour 8 portions, durée 1h30 min.","""Bûche Trois Chocolats"" is a professional METRO recipe (desserts) by Philippe Rigollot, with 50 ingredients and 39 steps, for 8 servings.",https://www.metro.fr/inspiration/recette-chef/dessert/buche-3-chocolats,METRO France – metro.fr/inspiration/recette-chef
METRO-REC-0012,Bûchette individuelle,dessert,Desserts,Desserts,,,72.0,50 min,50.0,Moyen,Medium,18,22,700g Chocolat de couverture noir Excellence 55% | 500g Beurre frais | 500g Œufs | 180g Sucre semoule | 100g Farine | 1330g Chocolat de couverture lait Lactée Supérieure 38% | 490g Pâte de Noisettes | 310g Pailleté Feuilletine™ | 1650g Crème liquide 35% M.G | 65g Lait entier | 90g Glucose | 53g Jaune d'œufs | Chocolat de couverture lait Lactée Supérieure 38% | 500g Pâte à Glacer Brune | 75g Huile d'arachide | 100g Praliné grains | Chocolat de couverture lait Lactée Supérieure 38% | Gélatine 200 Bloom,"1. Faire fondre à 45°C le chocolat de couverture noir Excellence 55% et le beurre frais. 2. Blanchir les œufs avec le sucre. 3. Mélanger les deux appareils. 4. Ajouter la farine. 5. Étaler dans 2 cadres 40 x 60 et cuire à 160°C durant 15/20 minutes. 6. Après refroidissement, étaler 700 g de Praliné Feuilleté sur toute la surface du cadre de brownie. 7. Mettre le chocolat de couverture lait Lactée Supérieure 38% à fondre et mélanger avec la Pâte de Noisettes. 8. Ajouter la Pailleté Feuilletine. 9. Le praliné Feuilleté peut être remplacé par le Pralin Feuilletine prêt à l'emploi dans la gamme Cacao Barry. 10. Faire bouillir la crème liquide et le lait entier. 11. Blanchir les jaunes d'œufs. 12. Pocher à 85°C puis verser sur le chocolat de couverture noir Excellence 55%. 13. Couler le crémeux sur le Praliné Feuilleté puis recouvrir de la seconde feuille de brownie. 14. Surgeler puis détailler des bandes de 2,5 x 12,5 cm. 15. Faire fondre à 40°C le chocolat de couverture lait Lactée Supérieure 38%, chocolat de couverture noir Excellence 55%, Pâte à Glacer Brune et l'huile d'arachide et ajouter le praliné grains. 16. Utiliser à 35°C. 17. Faire bouillir la crème liquide et la verser sur 800g de Chocolat de couverture lait Lactée Supérieure 38%. 18. Hydrater et ajouter la gélatine 200 Bloom. 19. Réserver à +4°C jusqu'à complet refroidissement, puis foisonner la crème délicatement jusqu'à une texture crémeuse. 20. Glacer avec le glaçage Excellence la bande d'entremets Brownie. 21. Montée la chantilly Lactée Supérieure et dresser à l'aide d'une douille cannelée. 22. Décorer la bûche individuelle avec les Crispearls™ Caramel beurre salé de la gamme Callebaut.","« Bûchette individuelle » est une recette professionnelle METRO (desserts), composée de 18 ingrédients et 22 étapes, pour 72 portions, durée 50 min.","""Bûchette individuelle"" is a professional METRO recipe (desserts), with 18 ingredients and 22 steps, for 72 servings.",https://www.metro.fr/inspiration/recette-chef/dessert/buchette-brownie-chocolat-chantilly,METRO France – metro.fr/inspiration/recette-chef
METRO-REC-0013,Cake noisette,dessert,Desserts,Desserts,Jeffrey Cagnes,,2.0,40 min,40.0,Facile,Easy,13,15,250g Beurre | 250g Sucre glace | 250g Œufs | 200g Farine | 50g Fécule | 8g Poudre à lever | 2g Vanille liquide | 60g Pâte de noisettes | 200g Lait demi écrémé | 400g Crème liquide 35% | 365g Chocolat lait 35% | 4g Gélatine feuille | 50g Pâte de noisettes,"1. Crémer le beurre avec le sucre glace, ensuite rajouter les œufs, la vanille, la farine et la levure, la poudre à lever tamisée 2. Rajouter la pâte de noisettes au mélange 3. Verser la pâte dans un moule à cake préalablement graissé 4. Mettre dans un fou à 220°C, dès le début de coloration, couper la croûte avec un couteau dont la lame est mouillée et monter les quatre quarts sur plaques doublées dans un four à 180°C 5. Contrôler la cuisson en enfonçant la lame d'un couteau, celle-ci doit ressortir propre sans pâte dessus 6. Démouler le cake et réserver 7. Réhydrater la gélatine dans l'eau froide 8. Dans une casserole, porter la crème, le lait et la pâte de noisettes à ébullition 9. Ajouter le chocolat et la gélatine, puis mixer 10. Ajouter la crème froide 11. Réserver au froid une nuit 12. Le lendemain, monter la crème au fouet et débarrasser dans une poche 13. Imbiber le cake de sirop 14. Pocher la ganache noisette 15. Décorer avec des noisettes","« Cake noisette » est une recette professionnelle METRO (desserts) signée Jeffrey Cagnes, composée de 13 ingrédients et 15 étapes, pour 2 portions, durée 40 min.","""Cake noisette"" is a professional METRO recipe (desserts) by Jeffrey Cagnes, with 13 ingredients and 15 steps, for 2 servings.",https://www.metro.fr/inspiration/recette-chef/dessert/cake-noisette,METRO France – metro.fr/inspiration/recette-chef
METRO-REC-0014,Calisson chocolat,dessert,Desserts,Desserts,,,1.0,40 min,40.0,Facile,Easy,27,34,70g Jaune d'oeuf | 100g Lait | 160g Blanc d'oeuf | 170g Sucre | 40g Cacao en poudre | 40g Poudre d'amande | 180g Couverture noire 70 % | 10g Beurre de cacao | 200g Crème | 100g Lait | 10g Lait en poudre | 1gousse de Vanille | 4 Baies poivres timut | 20g Zestes de pamplemousse | 120g Purée de pamplemousse | 70g Oeuf | 3 Feuilles de gélatine hydratées et pressées | 240g Crème montée | 40g Feuilletine chocolat | 40g Beurre | 70g Sucre | 60g Sucre | 80g Praliné | 20g Couverture noire 70 % | 140g Jaune d'oeuf | 2 Feuilles de gélatine hydratées et pressées | 110g Jaune d'oeuf,"1. Préchauffer le four à 210°C 2. Monter les blancs, serrer avec le sucre, ajouter les jaunes 3. Incorporer la poudre d'amande et le cacao en poudre tamisés ensemble 4. Étaler le biscuit sur une plaque et feuille 5. Cuire à 180°C à four ventilé pendant 10 min 6. Détailler les formes calissons 7. Fondre la couverture avec le beurre de cacao. 8. Mélanger tous les ingrédients 9. Réaliser le crémeux caramel, bouillir le lait, la crème et le lait en poudre, infuser le poivre et la gousse de vanille à couvert pendant 30 min 10. Ajouter la purée bouillie. Cuire le sucre caramel et déglacer avec le mélange lait crème 11. Ajouter les jaunes et cuire comme une anglaise à 82°C 12. Ajouter la gélatine 13. Refroidir 14. À l'aide d'une poche garnir un biscuit détaillé en forme de calisson maximum 1 cm d'épaisseur 15. Surgeler 16. Faire bouillir le lait et les zestes, infuser et filtrer 17. Verser sur les jaunes et les œufs 18. Cuire à 70°C 19. Filtrer puis monter jusqu'à refroidissement 20. Fondre la couverture à 50°C et ajouter le beurre puis la gélatine fondue 21. Mélanger la crème montée 22. Ajouter la pâte à bombe 23. Monter l'entremets à l'envers 24. Couler la mousse chocolat dans un cercle calisson 25. Remonter sur le bord avec une palette 26. Vous pouvez mettre un tour de rhodoïd ou une bande de feuille de structure 27. Poser le biscuit avec le cremeux. Lisser avec la mousse chocolat 28. Poser un second disque de biscuit, mettre au congélateur 29. Ajouter la feuilletine chocolat 30. Surgeler 31. Vous pouvez réaliser une bordure avec une poche et douille saint honoré garnie de mousse chocolat 32. Démouler et passer la bombe velours ou votre propre mélange velours 33. Glacer l'intérieur du gâteau avec un glaçage de votre choix 34. Décorer de vagues chocolat et oeufs de Pâques","« Calisson chocolat » est une recette professionnelle METRO (desserts), composée de 27 ingrédients et 34 étapes, pour 1 portion, durée 40 min.","""Calisson chocolat"" is a professional METRO recipe (desserts), with 27 ingredients and 34 steps, for 1 serving.",https://www.metro.fr/inspiration/recette-chef/dessert/calisson-chocolat,METRO France – metro.fr/inspiration/recette-chef
METRO-REC-0015,"Cent feuilles, mousseux caramel chantilly vanille",dessert,Desserts,Desserts,,"Besoin d'inspiration pour votre menu ? Lancez vous dans cette recette du cent feuilles, mousseux caramel et chantilly vanille pour varier les saveurs, sublimer vos assiettes et satisfaire vos clients.",4.0,1h,60.0,Difficile,Hard,19,14,1kg Farine | 6g Sel | 500g Eau | 750g Beurre/margarine | 200g Sucre | 400g Crème | 4 Feuille de gélatine | 1 pincée Fleur de sel | 2gousses Vanille | 295g Eau | 6g Superneutrose | 125g Sucre | 195g Yaourt grec | 30g Jus de citron vert | 200g Sucre Rapadura | 20g Noisette concassée | 1L crème | 20g Sucre Rapadura | 500g Mascarpone,"1. Pour la pâte feuilletée, réaliser la détrempe avec la farine, le sel et l'eau 2. Mettre ensuite le pâton au frais pendant 30 min 3. Étaler la détrempe et incorporer le beurre, ensuite refermer en portefeuille et étaler 4. Reproduire 5 tours à chaque fois en réalisant un quart de tour et en laissant refroidir au frigo entre chaque étape 5. Emporte-piécer en cercle de 3 cm de diamètre et cuire entre 2 plaques pendant 12 min à 180°C 6. Réaliser un caramel à sec avec le sucre puis décuire avec la crème au fur et à mesure 7. Ajouter le sel et la gélatine préalablement hydratée puis mettre en poche 8. Chauffer l'eau à 50°C et ajouter le sucre et le superneutrose, verser sur le yaourt grec et le jus de citron vert 9. Mettre ensuite en Paco ou en sorbetière 10. Saupoudrer le sucre Rapadura sur un silpat et ajouter les noisettes concassées 11. Cuire ensuite à 180°C puis casser des petits morceaux une fois tiède 12. Monter tous les ingrédients au fouet électrique et débarrasser en poche avec une douille unie moyenne 13. Au centre de l'assiette, réaliser un serpentin avec la mousse vanille puis placer 3 bonbons de feuilletés garnis au mousseux caramel et vanille en quinconce 14. Disposer ensuite des morceaux de tuile Rapadura et faire une quenelle de sorbet yaourt","« Cent feuilles, mousseux caramel chantilly vanille » est une recette professionnelle METRO (desserts), composée de 19 ingrédients et 14 étapes, pour 4 portions, durée 1h.","""Cent feuilles, mousseux caramel chantilly vanille"" is a professional METRO recipe (desserts), with 19 ingredients and 14 steps, for 4 servings.",https://www.metro.fr/inspiration/recette-chef/dessert/cent-feuilles-mousseux-caramel-chantilly-vanille,METRO France – metro.fr/inspiration/recette-chef
METRO-REC-0016,Chocolat betteraves,dessert,Desserts,Desserts,Alexis Pocinho,,15.0,1h,60.0,Moyen,Medium,25,42,1 Betterave rouge | 1 Betterave Chioggia | 1 Betterave jaune | 1 Jus de betterave | Thym citron | 250g Beurre | 250g Sucre | 250g Oeuf | 100g Farine | Betteraves cuites | 200g Lait | 250g Guanaja chocolat noir | 400g Crème | 5g Gélatine | 500g Lait | 170g Sucre | 260g Chocolat | 500g Jus de cuisson de betteraves | 100g Liqueur de cacao | 200g Tonic | 50g Jus de citron | 150g Sucre | Feuilles de brick | 300g Salicorne | 3g Agar,"1. Éplucher les betteraves Chioggia, jaune et rouge 2. Passer les betteraves à la dérouleuse japonaise 3. Mettre en sac sous vide de cuisson avec sirop à 30°C, jus de betterave et branche de thym 4. Cuire vapeur à 90°C pendant 30 min 5. Glacer les sacs sortis du four 6. Égoutter les brandes et garder leur jus 7. Détailler avec l'emporte-pièce 8. Réserver en boîte dans leur jus froid 9. Dans un cul de poule, blanchir les œufs et le sucre 10. Dans un deuxième cul de poule, faire fondre le beurre et le chocolat au bain-marie 11. Verser petit à petit beurre et chocolat dans les œufs 12. Ajouter la farine 13. Plaquer l'appareil à 1 cm de hauteur 14. Disposer les betteraves cuites dedans à 0,5 cm d'intervalle 15. Cuire 12 minutes à 180°C 16. Réserver à +3°C 17. Détailler en rond 18. Dans une casserole, faire chauffer le lait, la gélatine et le verser sur le chocolat 19. Au bain mix, mixer avec la crème froide 20. Verser au filet 21. Réserver 2h à +3°C 22. Monter l'appareil au batteur, en consistance mousse 23. Mettre en poche 24. Chauffer dans une russe le lait et le sucre 25. Verser sur le chocolat 26. Mixer, passer 27. Réserver au froid 28. À l'envoi, laisser au bain-marie pour la servir tiède 29. Dans une russe, chauffer le jus de betterave, le tonic, le jus de citron et le sucre 30. À ébullition, verser le gastro sur la liqueur de cacao 31. Bien mélanger 32. Réserver à -18°C 33. Gratter à la fourchette 34. Mettre en présentation dans une betterave fraîche 35. Détailler dans une feuille de brick des libellules avec un poinçon 36. Disposer le moelleux dans l'assiette creuse 37. Faire un point de ganache 38. Disposer en rosace les pétales de betterave 39. Faire des points de gel de salicorne 40. Disposer les libellules 41. Mettre la sauce en saucière 42. Mettre le granité dans la betterave","« Chocolat betteraves » est une recette professionnelle METRO (desserts) signée Alexis Pocinho, composée de 25 ingrédients et 42 étapes, pour 15 portions, durée 1h.","""Chocolat betteraves"" is a professional METRO recipe (desserts) by Alexis Pocinho, with 25 ingredients and 42 steps, for 15 servings.",https://www.metro.fr/inspiration/recette-chef/dessert/chocolat-betteraves,METRO France – metro.fr/inspiration/recette-chef
METRO-REC-0017,"Chocolat Grand Cru aux agrumes et financier amande, émulsion mandarine",dessert,Desserts,Desserts,,,8.0,40 min,40.0,Facile,Easy,16,14,65g Farine T65 | 60g Poudre d'amande | 6 Blanc d'œuf moyen | 95g Beurre noisette | 100g Sucre | 70g Glucose | 420g Chocolat 70% Ocoa | 8zestes Mandarines | 4zestes Citrons jaune de Nice | 800g Crème liquide 35% | 1gousse Vanille | 6 Jus de Mandarines | 50g Lait | 100g Crème liquide 35% | 50g Sucre | 1 Citron caviar,"1. Mélanger les poudres et le blanc d'œuf dans un batteur, faire tourner à vitesse moyenne environ 5 min puis à fond environ 4 min. 2. Dans une casserole réaliser au préalable le beurre noisette puis le filtrer et le verser dans le premier mélange et faire foisonner. 3. Réaliser un sucre cuit à 121 °C avec 100 gr de sucre, 70 gr de glucose et 5% d'eau, puis verser le chocolat. 4. Bien mélanger puis étaler sur silpat. Recuire au four à 160 °C environ 10 à 12 minutes. Bien étaler à nouveau et réserver au sec dans un bac. 5. Récupérer les zestes de 8 mandarines et les citrons puis lever les segments et réserver au frais. 6. Faire chauffer la crème et la gousse de vanille, laisser infuser. 7. Verser sur la couverture chocolat et ajouter les zestes puis mélanger précautionneusement. 8. Réserver au frais. La ganache doit être réaliser 12h à l'avance pour une bonne tenu. 9. Prélever le jus de 6 mandarines restantes, ajouter le lait, 100 gr de crème, 50 gr de sucre. 10. Émulsionner grâce au bas mix. 11. Emporte-piècer avec un cercle de 6 cm le financier et le déposer au centre de l'assiette, venir y déposer une jolie quenelle de ganache. 12. Positionner sur la quenelle quelques segments d'agrumes et citron caviar. 13. Verser l'émulsion dans l'assiette. 14. Finir avec la tuile au chocolat.","« Chocolat Grand Cru aux agrumes et financier amande, émulsion mandarine » est une recette professionnelle METRO (desserts), composée de 16 ingrédients et 14 étapes, pour 8 portions, durée 40 min.","""Chocolat Grand Cru aux agrumes et financier amande, émulsion mandarine"" is a professional METRO recipe (desserts), with 16 ingredients and 14 steps, for 8 servings.",https://www.metro.fr/inspiration/recette-chef/dessert/chocolat-agrume-financier-amande,METRO France – metro.fr/inspiration/recette-chef
METRO-REC-0018,Chocolat lait tonka,dessert,Desserts,Desserts,,,4.0,40 min,40.0,Facile,Easy,26,15,250g Lait | 250g Crème | 100g Farine | 200g Chocolat | 20g Cacao | 2 feuilles Gélatine | 1L Lait | 10 Jaunes d'œuf | 50g Trimoline | 100g Sucre | 8g Stabilisateur | 10g Fèves de Tonka | Pain | Beurre tonka | 500g Lait entier | 100g Farine | 100g Sucre | 100g Beurre | 100g Amandes | 50g Cacao | 10g Fleur de sel | 1L Lait entier | 12 feuilles Gélatine | Noisettes | 300g Sucre | 400g Amandes,"1. Chauffer le lait et la crème, ajouter les ingrédients dans l'ordre de la recette 2. Blanchir les jaunes et le sucre 3. Ajouter le lait, la trimoline, le stabilisateur et la fève de tonka préalablement chauffée 4. Cuire à la nappe et débarrasser 5. Trancher le pain finement 6. Badigeonner de beurre tonka 7. Le faire sécher au four 8. Émulsionner 9. Ajouter tous les éléments dans l'ordre de la recette 10. Cuire quelques minutes au four 170° C 11. Chauffer, mélanger et étendre sur plaque 12. Laisser sécher 24h dans un déshydrateur 13. Passer les noisettes au four à 160° C quelques minutes 14. Réaliser un caramel à sec 15. Verser sur les amandes torréfiées et bien mixer","« Chocolat lait tonka » est une recette professionnelle METRO (desserts), composée de 26 ingrédients et 15 étapes, pour 4 portions, durée 40 min.","""Chocolat lait tonka"" is a professional METRO recipe (desserts), with 26 ingredients and 15 steps, for 4 servings.",https://www.metro.fr/inspiration/recette-chef/dessert/chocolat-lait-tonka,METRO France – metro.fr/inspiration/recette-chef
METRO-REC-0019,Chou exotique façon religieuse,dessert,Desserts,Desserts,Jeffrey Cagnes,Des choux délicatement garnis d'un crémeux passion pour un dessert raffiné et plein de surprises pour émerveiller vos clients.,6.0,1h,60.0,Facile,Easy,16,20,45g Beurre pommade | 60g Farine | 50g Sucre cassonade | 100g Beurre doux | 6g Sucre semoule | 4g Sel | 100g Eau | 100g Lait demi-écrémé | 120g Farine T45 | 230g Œufs | 1g Gélatine en feuille | 7g Eau | 195g Œufs entiers | 145g Sucre semoule | 165g Purée de passion | 290g Beurre,"1. Dans un cul de poule, mélanger tous les ingrédients jusqu'à formation d'une pâte homogène 2. Etaler la pâte sur 2 mm entre 2 feuilles de papier sulfurisé 3. Réserver 10 min au frais 4. Détailler des disques de 7 cm et d'autres de 3 cm de diamètre et réserver au frais 5. Dans une casserole à feu doux, faire fondre le beurre coupé en morceaux avec le sucre semoule, le sel, l'eau et le lait 6. Hors du feu, ajouter la farine, puis mélanger de nouveau sur le feu à l'aide d'une spatule, jusqu'à ce que la pâte se décolle des parois de la casserole 7. La débarrasser dans la cuve d'un batteur muni de la feuille 8. Battre les œufs en omelette légère, les verser petit à petit dans le bol du batteur jusqu'à l'obtention d'une masse lisse et souple 9. A l'aide d'une poche munie d'une douille unie N°12, dresser 6 choux de 6 cm de diamètre sur la plaque du four recouverte de papier sulfurisé 10. A l'aide d'une poche munie d'une douille unie N°10, dresser 6 choux de 3 cm de diamètre sur la plaque du four recouverte de papier sulfurisé 11. Disposer les craquelins sur les choux 12. Enfourner dans un four préchauffé à 180°C pour 30 minutes en veillant à ne surtout pas ouvrir la porte lors de la cuisson des choux 13. Réhydrater la gélatine dans de l'eau froide 14. Mélanger les œufs, le sucre et la purée de passion 15. Chauffer à feu doux en remuant jusqu'à ce que l'appareil épaississe légèrement (autour de 85°C) 16. Hors du feu, incorporer la gélatine essorée et le beurre coupé en petits morceaux 17. Donner un coup de mixeur plongeant afin de bien homogénéiser le crémeux et réserver 18. Fourrer les choux de crémeux passion 19. Pocher une boule de crémeux au-dessus du chou et tremper dans du sésame noir 20. Faire la même chose pour le petit chou et le coller sur le grand","« Chou exotique façon religieuse » est une recette professionnelle METRO (desserts) signée Jeffrey Cagnes, composée de 16 ingrédients et 20 étapes, pour 6 portions, durée 1h.","""Chou exotique façon religieuse"" is a professional METRO recipe (desserts) by Jeffrey Cagnes, with 16 ingredients and 20 steps, for 6 servings.",https://www.metro.fr/inspiration/recette-chef/dessert/chou-exotique-religieuse,METRO France – metro.fr/inspiration/recette-chef
METRO-REC-0020,"Choux à la crème vanillée, clémentine",dessert,Desserts,Desserts,,Clôturez votre repas en douceur avec des desserts originaux et délicieux,12.0,1h,60.0,Moyen,Medium,18,14,80g Beurre | 100g Cassonade | 100g Farine | 25cl Eau | 100g Beurre | 4g Sel | 150g Farine | 4 Oeufs entier | 500g Yaourt Grec | 250g Crème | 125g Mascarpone | 1gousse Vanille | 20g Sucre Glace | 600g Yaourt grec | 2gousses Vanille | 125g Sucre | 160g Jaune d'oeuf | 5 Feuilles de gélatine,"1. Mélanger le tout et étaler entre 2 papiers sulfurisés pour emporte-piécer à la taille des choux 2. Dans une casserole faire bouillir l'eau avec le beurre et le sel, ajouter la farine hors du feu puis travailler la pâte à feux feu jusqu'à ce que le mélange soit bien homogène 3. Faire tiédir l'appareil dans la cuve du batteur et ajouter les œufs 1 par 1 au crochet jusqu'à ce qu'ils forment un ruban ou bec d'oiseau 4. Pocher à l'aide d'une douille unie et disposer sur chaque chou ou craquelin 5. Cuire à 180°c pendant 16 min 6. Mettre le tout dans la cuve du batteur et monter en chantilly 7. Débarrasser en poche 8. Faire chauffer la crème et la vanille et ajouter les jaunes blanchis avec le sucre 9. Cuire à 83°C et ajouter les feuilles de gélatine préalablement hydratées 10. Refroidir 4h puis mettre en poche 11. Garnir trois beaux choux de crémeux vanille et disposer en triangle sur l'assiette 12. Alterner des points de mousse yaourt et de crémeux vanille 13. Faire des quartiers de clémentines fraîches et en disposer joliment sur l'assiette 14. Terminer par dresser le crémeux vanille au milieu et saupoudrer le tout de sucre glace","« Choux à la crème vanillée, clémentine » est une recette professionnelle METRO (desserts), composée de 18 ingrédients et 14 étapes, pour 12 portions, durée 1h.","""Choux à la crème vanillée, clémentine"" is a professional METRO recipe (desserts), with 18 ingredients and 14 steps, for 12 servings.",https://www.metro.fr/inspiration/recette-chef/dessert/choux-creme-vanille,METRO France – metro.fr/inspiration/recette-chef
METRO-REC-0021,Clémentine en babas et tagète fleurie,dessert,Desserts,Desserts,,"Surprenez vos clients avec ces clémentines en babas. Une harmonie sucrée, légère et parfumée, sublimée par des zestes et une touche de créativité.",10.0,1h30,,Facile,Easy,32,27,150g Farine T55 | 3g Sel fin | 12g Sucre semoule | 112g Œufs entiers | 75g Lait entier | 8g Levure fraîche biologique | 34g Beurre doux en pommade | 65g Lait entier | 45g Sucre semoule | 1 gousse Vanille de Tahiti | 15g Tagète en feuilles | 30g Masse gélatine | 65g Mascarpone | 555g Crème liquide 35% froide | 40g Rhum brun Dom Pacello | 1000g Eau | 400g Sucre complet | 2 gousses Vanille de Madagascar | 100g Jus de clémentine | 100g Rhum ambré | 100g Blancs d'œufs | 100g Sucre semoule clémentine | 100g Sucre glace tamisé | Colorant naturel orange | 40g Eau | 40g Jus de clémentine | 30g Huile de pépins de raisins | 10g Farine T55 | Colorant orange naturel | Zestes cristallisés | Zestes confits | Poudre de vanille,"1. Après avoir pesé tous les ingrédients, au robot coupe, mixer la farine, le sel fin, le sucre semoule et la levure. 2. Ajouter les œufs entiers et le lait progressivement. 3. Incorporer ensuite le beurre pommade, homogénéiser afin d'obtenir un mélange lisse et souple. 4. Mouler, faire pousser et cuire à 170°C. 5. Démouler et finir la cuisson. 6. Réserver à température ambiante. 7. Porter le lait à frémissement avec le sucre, la vanille et la tagète et infuser 30 min. 8. Hors du feu, ajouter la masse gélatine, verser sur le mascarpone et homogénéiser. 9. Ajouter la crème liquide froide, mixer et passer au chinois. 10. Réserver au froid jusqu'au lendemain. 11. Monter souple et utiliser immédiatement. 12. Réaliser un sirop avec l'eau, le sucre et la vanille. 13. Hors du feu, ajouter le jus de clémentine et le rhum ambré. 14. Refroidir à 50°C et imbiber les babas pendant plusieurs heures. 15. Zester 5 clémentines sur 100 g de sucre semoule et sécher à l'étuve pendant 24 h. 16. Mixer afin d'obtenir un sucre clémentine. 17. Réaliser la meringue française et dresser de jolies petites pointes. 18. Cuire 2h à 90°C. 19. Mélanger tous les ingrédients à froid. 20. Dans une poêle antiadhésive, sans huile et bien chaude, verser un peu de préparation et cuire quelques minutes jusqu'à disparition de la totalité des bulles de cuisson. 21. Réserver sur papier absorbant. 22. Réaliser les babas, pousser, cuire et démouler. 23. Réaliser la crème et refroidir rapidement. 24. Réaliser le sirop, refroidir à 50°C et immerger les babas durant plusieurs heures. 25. Réaliser les différents éléments de décors et conserver jusqu'au dressage. 26. Égoutter les babas, monter la crème souple et procéder au dressage. 27. Décorer en plaçant tous les éléments avec amour et délicatesse.","« Clémentine en babas et tagète fleurie » est une recette professionnelle METRO (desserts), composée de 32 ingrédients et 27 étapes, pour 10 portions, durée 1h30.","""Clémentine en babas et tagète fleurie"" is a professional METRO recipe (desserts), with 32 ingredients and 27 steps, for 10 servings.",https://www.metro.fr/inspiration/recette-chef/dessert/clementine-babas-tagete-fleurie,METRO France – metro.fr/inspiration/recette-chef
METRO-REC-0022,Coco Calin,dessert,Desserts,Desserts,,Un dessert original et savoureux pour satisfaire vos clients.,1.0,30 min,30.0,Facile,Easy,6,9,50g Céréales Extra Chocolat Kellog's | 30g Crème glacée noix de coco | 20g Pâte à tartiner Nutella | 1 pincée Poivre Timut en poudre Thiercelin | 1 Noix coco | Honey cress Kopper Cress,"1. Faire cuire un pâton de 60g sans l'avoir préalablement étalé 2. Le sortir du four lorsque la cuisson est uniforme 3. Le couper en deux aux deux-tiers avec un couteau à pain afin de pouvoir le garnir ensuite 4. Faire un nid de céréales sur le fond de l'assiette 5. Déposer dessus la coque de pâte pizza, ajouter au fond la coque un peu de céréales, puis la boule de crème glacée coco 6. Finir en nappant le tout d'un filet de Nutella tiède 7. Réserver 8. Râper un peu de coco fraîche sur le tout 9. Décorer de quelques pousses de Honey cress et de fibres de coco","« Coco Calin » est une recette professionnelle METRO (desserts), composée de 6 ingrédients et 9 étapes, pour 1 portion, durée 30 min.","""Coco Calin"" is a professional METRO recipe (desserts), with 6 ingredients and 9 steps, for 1 serving.",https://www.metro.fr/inspiration/recette-chef/dessert/calin-nutella-coco,METRO France – metro.fr/inspiration/recette-chef
METRO-REC-0023,"Coco-nifère, chocolat guanaja 70%, mangue - maracuja",dessert,Desserts,Desserts,Jean-François Bury,"Recette de chef - Coco-nifère, chocolat guanaja 70%, mangue - maracuja - JF Bury",,2h10 min,130.0,,,18,35,Purée de coco Ponthier | Crème 35% M.G. | Chocolat guanaja 70% Valrhona | Crème 35% M.G. | Jaune d'œufs | Œufs entiers | Masse gélatine | Purée de maracuja Ponthier | Sucre glace | Œuf entier | Poudre d'amandes | Purée de passion Ponthier | Huile de tournesol | Purée de fruits rouges Ponthier | Huile de tournesol | Sucre glace tamisé | Gélatine fondue dans 8 g d'eau | Poudre coco,"1. Dans une casserole, faire bouillir la purée coco avec l'agar-agar et le sucre 2. Faire une belle ébullition 3. Débarrasser et laisser figer. Puis mixer 4. En parallèle, monter la crème. Une fois montée, récupérer la première préparation, et mélanger le tout à la maryse 5. Monter la crème et la réserver 6. Faire fondre le chocolat et le laisser sur un bain-marie afin qu'il reste à température 7. Mélanger dans un batteur les jaunes d'œufs et les œufs entiers à vitesse maximale 8. Dans une casserole, mélanger l'eau et le sucre puis cuire à 118°C 9. Dans la cuve du batteur, verser le sirop sur les jaunes d'œufs et les œufs entiers en petits filets progressivement, jusqu'à ce que la préparation soit froide pour obtenir une pâte à bombe 10. Arrêter le batteur, et incorporer le chocolat tiède dans la cuve en veillant à ne pas faire retomber l'appareil 11. Incorporer ensuite la masse gélatine 12. Pour finir, intégrer la crème montée dans cette préparation en 3 fois à la maryse 13. Débarrasser dans une poche, et couler dans des moules Flexipan coniques 14. Éplucher la mangue et la détailler en brunoise. La réserver dans un cul de poule 15. Faire une belle ébullition avec la purée de Maracuja Ponthier et l'agar-agar 16. Débarrasser et laisser figer. Puis mixer et incorporer la mangue dans l'appareil 17. Couler cette préparation dans un cadre pour obtenir 1 cm d'épaisseur et mettre en cellule. Une fois figée détailler des bandes de 3,5 cm de longueur sur 1 cm de largeur 18. Vous avez obtenu l'insert. Vous pouvez désormais l'intégrer à la mousse chocolat préalablement moulée 19. Mettre au congélateur toute la nuit 20. Préparer le beurre pommade 21. Dans un batteur, incorporer le sucre glace. Une fois homogène, mettre l'œuf entier 22. Bien mélanger à la feuille, puis intégrer le reste des ingrédients 23. Une fois l'appareil obtenu, réaliser dans un papier film une ballotine de 4 cm de diamètre 24. La mettre au réfrigérateur pour pouvoir la détailler par tronçon de 2 cm 25. Mettre en moule Flexipan rond de 5 cm de diamètre, et cuire à 180° pendant 10 min 26. Préalablement, mettre l'huile dans un récipient au congélateur toute la nuit 27. Faire bouillir les purées passion et fruits rouges séparément avec l'agar-agar 28. Sortir l'huile du congélateur et faire des billes à l'aide d'une seringue ou d'une pipette 29. Filtrer ensuite les billes à l'aide d'un chinois fin puis les rincer à l'eau froide et les débarrasser sur un papier absorbant pour les utiliser pour la décoration 30. Prendre le palet de pâte sucrée 31. Démouler la mousse chocolat et la poser soigneusement sur le palet, bien centrée 32. À l'aide d'une poche et d'une douille rose d'1 cm, réaliser le pochage de bas en haut en commençant par le bas du cône chocolat 33. Positionner délicatement et harmonieusement les billes de caviar passion et fruits rouges 34. Soupoudrez comme une neige sur l'ensemble du Coco-nifère la poudre de Coco 35. Pour finir, positionner le pastillage étoile de neige en topping","« Coco-nifère, chocolat guanaja 70%, mangue - maracuja » est une recette professionnelle METRO (desserts) signée Jean-François Bury, composée de 18 ingrédients et 35 étapes, durée 2h10 min.","""Coco-nifère, chocolat guanaja 70%, mangue - maracuja"" is a professional METRO recipe (desserts) by Jean-François Bury, with 18 ingredients and 35 steps.",https://www.metro.fr/inspiration/recette-chef/dessert/coco-nifere-chocolat-mangue-maracuja,METRO France – metro.fr/inspiration/recette-chef
METRO-REC-0024,Couronne de l'avent au nougat,dessert,Desserts,Desserts,Philippe Rigollot,,8.0,1h30 min,90.0,Moyen,Medium,12,10,"105g Beurre | 80g Sucre | 40g Crème de nougat | 50g Eau de Fleur d'Oranger | 3 Œufs | 90g Brisures de Nougat | 6,5g Sel | Zestes de citron | Zestes d'orange | 65g Eau | 520g Farine T45 gruau | 13g Levure de boulanger","1. Réaliser un sirop avec le beurre, le sucre, la crème de nougat, l'eau, le sel et les zestes râpés 2. Chauffer sur feu doux puis hors du feu, ajouter la fleur d'oranger 3. Faire refroidir le sirop 4. Mettre la levure au fond de la cuve, puis recouvrir avec la farine et les œufs. Mélanger. Verser petit à petit le sirop tiède et bien pétrir 5. Ajouter les brisures de nougat. Laissez pousser pendant 1 h à température ambiante 6. Rompre la pâte, puis la mettre au froid pendant 4 h 7. Façonner la pâte en couronne, dorer à l'œuf et laisser pousser pendant 2 h à température ambiante 8. Dorer une deuxième fois et couper aux ciseaux 9. Cuire au four à 180°c pendant 25/30 minutes 10. Pour le décor, napper la brioche au nappage neutre, puis parsemer des brisures de nougat, des morceaux d'amandes et de noisettes","« Couronne de l'avent au nougat » est une recette professionnelle METRO (desserts) signée Philippe Rigollot, composée de 12 ingrédients et 10 étapes, pour 8 portions, durée 1h30 min.","""Couronne de l'avent au nougat"" is a professional METRO recipe (desserts) by Philippe Rigollot, with 12 ingredients and 10 steps, for 8 servings.",https://www.metro.fr/inspiration/recette-chef/dessert/galette-couronne-nougat,METRO France – metro.fr/inspiration/recette-chef
METRO-REC-0025,Croustillant Chocolat Noisette Caramel,dessert,Desserts,Desserts,,"Besoin d'inspiration pour votre menu ? Lancez vous dans cette recette du croustillant chocolat noisette au caramel pour varier les saveurs, sublimer vos assiettes et satisfaire vos clients.",4.0,1h,60.0,Moyen,Medium,18,11,110g - Jaune d'œuf liquide pasteurisé | 100cl - Crème fraîche épaisse 30% | 90g - Chocolat noir de couverture extra-bitter 64% cacao | 60g - Maïzena fleur de maïs | 100g - Noisettes sèches | 35g - Blancs d'œufs liquides | 60g - Farine de blé | 10g - Jaune d'œuf liquide pasteurisé | 1000g - Sucre cassonade pur canne l'Antillaise | 100g - Beurre doux | 2càs - Chocolat en poudre 32% | 200g - Sirop de glucose | 200g - Sucre cristal | Chocolat blanc 28% | 20g - Crisp pearl caramel au beurre salé | 20g - Crisp pearl chocolat noir ou de perles 3 chocolats | 50cl - Crème glacée noisette | Atsina cress,"1. Mettre le jaune d'œuf, la crème, les palets de chocolat et la maizena à 60°c dans un thermomix 2. Couler cette préparation sur une plaque 3. Réserver au frais 4. Torréfier les noisettes et les mixer 5. Monter les blancs d'œuf et mélanger avec la farine, les jaunes, la cassonnade et le beurre 6. Mettre sur plaque et passer au four à 180°C env. 30mn 7. Ajouter à un caramel maison 2 cuillère à soupe de chocolat en poudre 8. Couler sur un silpat 9. Passer au four à 160°C pendant 5mn 10. Une fois cuit, mouler en forme de tuile 11. Disposer la tuile au centre de l'assiette et placer les ingrédients en son centre","« Croustillant Chocolat Noisette Caramel » est une recette professionnelle METRO (desserts), composée de 18 ingrédients et 11 étapes, pour 4 portions, durée 1h.","""Croustillant Chocolat Noisette Caramel"" is a professional METRO recipe (desserts), with 18 ingredients and 11 steps, for 4 servings.",https://www.metro.fr/inspiration/recette-chef/dessert/croustillant-chocolat-noisette-caramel,METRO France – metro.fr/inspiration/recette-chef
METRO-REC-0026,"Crumble cacao, chocolat blanc, café",dessert,Desserts,Desserts,Nicolas Brousse,"Ce crumble gourmand est l'alliance parfaite entre le croquant et le fondant d'un duo de cacao et de chocolat blanc, rehaussé par les arômes du café.",6.0,45 min,45.0,Moyen,Medium,13,6,100g Poudre d'amandes | 100g Beurre | 100g Sucre | 20g Cacao | 80g Farine | 35g Jaunes d'œufs | 70g Crème liquide | 20g Sucre | 250g Chocolat blanc | 515g Crème liquide fouettée | 200g Eau | 100g Sucre | 50g Arôme café Trablit,"1. Mélanger la poudre d'amande, le beurre, 100g de sucre, le cacao et la farine 2. Cuire le tout 12 min à 170°C 3. Faire une crème anglaise avec les jaunes, la crème liquide, et 20 g de sucre 4. Verser sur le chocolat blanc, et incorporer la crème fouettée 5. Réaliser un sirop à 15° en mélangeant 100g de sucre et les 200g d'eau 6. Diviser la mousse chocolat blanc en deux, et incorporer l'arôme café dans une des deux","« Crumble cacao, chocolat blanc, café » est une recette professionnelle METRO (desserts) signée Nicolas Brousse, composée de 13 ingrédients et 6 étapes, pour 6 portions, durée 45 min.","""Crumble cacao, chocolat blanc, café"" is a professional METRO recipe (desserts) by Nicolas Brousse, with 13 ingredients and 6 steps, for 6 servings.",https://www.metro.fr/inspiration/recette-chef/dessert/crumble-cacao-chocolat-blanc-cafe,METRO France – metro.fr/inspiration/recette-chef
METRO-REC-0027,"Dessert chocolat, piment et noisette",dessert,Desserts,Desserts,Jérome Devreese,,30.0,12h (avec les temps de repos),,Moyen,Medium,27,43,225g Chocolat noir | 320g Lait | 320g Crème | 75g Jaunes d'œufs | 30g Sucre semoule | 3feuilles Gélatine | Feuilles de bois d'Inde | 500g Eau | 150g Sucre semoule | 50g Glucose | 80g Cacao poudre | 100g Pâte de cacao | 5g Stabilisateur à glace | 100g Beurre | 100g Sucre glace | 80g Farine de riz (ou T55) | 20g Cacao poudre | 100g Blancs d'œufs | 340g Œufs | 220g Sucre semoule | 62g Cacao poudre | 5g Baking powder (levure chimique) | 200g Noisettes | 80 à 100g Sucre | 100g Eau | 1 à 2g Piment | PM Sel fin,"1. Peser dans la cuve d'un Thermomix ou dans une casserole la crème, le lait, les jaunes d'œufs et le sucre 2. Cuire à la nappe (82–84°C) en mélangeant constamment 3. Hors du feu, ajouter la gélatine hydratée et essorée 4. Incorporer les feuilles de bois d'Inde 5. Mixer pendant 1 min afin d'homogénéiser 6. Laisser infuser 15 min à couvert 7. Chinoiser l'appareil chaud directement sur le chocolat 8. Mixer si nécessaire pour un crémeux lisse et émulsionné 9. Filmer au contact et réserver au froid positif 10. Peser l'eau dans une casserole et la chauffer 11. Mélanger à sec le sucre, le stabilisateur et le glucose 12. Incorporer ce mélange dans l'eau chaude en fouettant 13. Ajouter le cacao poudre puis la pâte de cacao 14. Mélanger jusqu'à parfaite dispersion 15. Cuire à feu très doux pendant environ 30 min en remuant régulièrement 16. Débarrasser en bac 17. Refroidir en cellule de refroidissement négative 18. Stocker ensuite au congélateur (ou turbiner selon l'organisation) 19. Peser l'ensemble des ingrédients 20. Mettre tous les éléments dans un Thermomix ou Robot Coupe 21. Mixer jusqu'à l'obtention d'une pâte homogène et lisse 22. Corner si nécessaire 23. Débarrasser en bac 24. Filmer au contact 25. Stocker au réfrigérateur pendant 2 h avant utilisation 26. Peser l'ensemble des ingrédients 27. Dans la cuve du batteur, incorporer les œufs 28. Mélanger à grande vitesse afin de les émulsionner 29. Mélanger préalablement le sucre avec la baking powder 30. Ajouter progressivement ce mélange dans la cuve 31. Laisser émulsionner 5 à 8 min jusqu'à un appareil mousseux 32. Incorporer le cacao poudre délicatement à la maryse 33. Débarrasser dans un bac gastro chemisé 34. Cuire au four à 180°C en sec pendant environ 20 min 35. Refroidir avant utilisation 36. Torréfier les noisettes au four jusqu'à coloration 37. Mixer longuement jusqu'à liquéfaction pour obtenir une pâte de noisettes lisse 38. Dans une casserole, peser l'ensemble des éléments 39. Cuire à feu doux en mélangeant très régulièrement au fouet pendant environ 30 min 40. Obtenir une pâte plus épaisse, homogène et bien liée 41. Débarrasser en bac 42. Refroidir en cellule de refroidissement 43. Stocker en pipette pour le dressage du dessert","« Dessert chocolat, piment et noisette » est une recette professionnelle METRO (desserts) signée Jérome Devreese, composée de 27 ingrédients et 43 étapes, pour 30 portions, durée 12h (avec les temps de repos).","""Dessert chocolat, piment et noisette"" is a professional METRO recipe (desserts) by Jérome Devreese, with 27 ingredients and 43 steps, for 30 servings.",https://www.metro.fr/inspiration/recette-chef/dessert/chocolat-piment-noisette,METRO France – metro.fr/inspiration/recette-chef
METRO-REC-0028,Entremets,dessert,Desserts,Desserts,,Découvrez la recette de l'entremet vanille chocolat et coulis framboise.,12.0,1h30 min,90.0,Difficile,Hard,36,35,"176g Beurre pommade souple | 64g Sucre glace | 1g Sel fin | 140g Farine faible (T65) | 20g Cacao poudre Barry Plein Arôme | 219g Blancs d'œufs montés | 4g Blancs d'œufs en poudre | 109g Sucre semoule | 3g Sel fin | 175g Jaunes d'œufs | 88g Oeufs entiers | 44g Sucre inverti (trimoline) | 44g Sucre semoule | 88g Farine faible (T65) | 44g Cacao poudre Barry Plein Arôme | 44g Beurre clarifié | 44g Cacao pâte 100% Équateur ""Empreinte"" CÉMOI | 100g Sirop de glucose | 800g Purée de framboise | 100g Sucre semoule | 18g Pectine NH | 131g Lait | 131g Crème 35% M.G. | 6g Gousse de vanille | 75g Sucre semoule | 75g Jaunes d'œufs | 6g Gélatine poudre 150 Bloom | 31g Eau | 250g Crème fouettée 35% M.G. | 70g Lait entier | 35g Crème 35% M.G. | 112g Jaunes d'œufs | 28g Sucre semoule | 42g Blancs d'œufs montés | 140g Couverture 75% Équateur ""Empreinte"" CÉMOI | 280g Crème fouettée 35% M.G.","1. Mixer le beurre, le sucre glace et le sel ensemble 2. Incorporer la farine et le cacao poudre, puis finir de mixer 3. Étaler 400 g de pâte pour 1 cadre 4. Cuire à 145°C pendant 25 min 5. Imperméabiliser avec du beurre Mycryo Barry 6. Mélanger à sec le sucre, le sel et les blancs en poudre 7. Verser sur les blancs, remuer et laisser fondre 8. Monter la meringue façon ""mousse à raser"" 9. Monter au ruban les jaunes, les œufs et les sucres 10. Tamiser la farine avec le cacao poudre et bien mélanger 11. Incorporer les poudres dans les œufs montés 12. Ajouter le beurre et le cacao pâte préalablement chauffé à 70°C. Incorporer la moitié de la meringue dans l'appareil 13. Mélanger la masse dans la deuxième moitié de la meringue 14. Couler la masse dans un cadre. Cuire à 155°C pendant 20 min 15. Découper après refroidissement 2 tranches de 0,7 cm d'épaisseur 16. Chauffer la purée de framboise avec le glucose à 50°C.Incorporer le sucre préalablement mélangé avec la pectine 17. Donner un bon bouillon 18. Ajouter la deuxième purée de framboise froide, puis mixer 19. Mettre à refroidir 20. Garnir 2 couches de 500 g par cadre 21. Faire bouillir le lait, la crème et la vanille 22. Blanchir les jaunes avec le sucre 23. Cuire l'anglaise à la nappe (85°C) 24. Hydrater la gélatine avec l'eau, puis l'incorporer à l'anglaise chaude 25. Mettre à refroidir filmé sur plaque au grand froid 26. Monter la crème fouettée mousseuse 27. Mélanger l'anglaise dans la crème fouettée. Garnir 1 couche de 625 g par cadre 28. Fondre le chocolat à 65°C 29. Faire bouillir le lait et la crème 30. Verser la moitié du liquide sur le chocolat 31. Ajouter les jaunes puis la deuxième partie de lait 32. Mixer 33. Monter la meringue au ""bec d'oiseau"" et la crème fouettée mousseuse 34. Mélanger la ganache dans la crème fouettée 35. Verser le mélange dans la meringue et finir de mélanger délicatement. Garnir 2 couches de 350 g par cadre","« Entremets » est une recette professionnelle METRO (desserts), composée de 36 ingrédients et 35 étapes, pour 12 portions, durée 1h30 min.","""Entremets"" is a professional METRO recipe (desserts), with 36 ingredients and 35 steps, for 12 servings.",https://www.metro.fr/inspiration/recette-chef/dessert/entremets-chocolat-framboise-vanille,METRO France – metro.fr/inspiration/recette-chef
METRO-REC-0029,Entremets aux fruits rouges et à la pistache,dessert,Desserts,Desserts,,"Avec son pain de Gênes finement parfumé à la pistache, cet entremets mise sur la couleur avec des fruits rouges savoureux.",6.0,2h,120.0,Moyen,Medium,22,15,"600g Pâte d'amande | 150g Pâte de pistache | 375g Oeufs | 75g Sucre | 1,75kg Pulpe framboise | 3 Pulpe griotte | 310g Sucre | 27tbsp Feuilles de gélatine | 120g Farine | 375g Sucre glace | 375g Poudre d'amande | 500g Oeufs | 330g Blancs d'œufs | 50g Sucre semoule | 75g Huile de pépin de raisin | 38g Beurre | 500g Crème | 150g Sucre | 300g Beurre fondu tiède | 6 Feuilles de gélatine | 8g Levure chimique | 500g Crème montée","1. Dans un robot à la feuille, mélanger la pâte d'amande, la pâte de pistache et la première quantité d'œufs 2. Y ajouter petit à petit le beurre fondu 3. Dans un cul de poule, blanchir le reste des œufs avec le sucre, puis venir les ajouter dans le robot 4. Peser la farine et la levure, les mélanger et venir également les ajouter dans le robot 5. Une fois le mélange homogène, couler en plaque et cuire à 175 °C pendant 8 minutes 6. Mettre à chauffer les pulpes ensemble avec le sucre dans une casserole, à la première ébullition ajouter les feuilles de gélatine et mettre de côté 7. Placer 1.6 kg pour la première couche entre le pain de gène et le biscuit joconde et 700g pour la deuxième 8. Dans un premier temps, tamiser la farine et le sucre glace 9. Dans un cul de poule, les mélanger et y ajouter la poudre d'amande ainsi que les œufs, émulsionner 10. Réaliser une meringue à l'aide des blancs et du sucre, bien la serrer et venir l'ajouter au premier mélange, ajouter enfin l'huile 11. Cuire sur plaque à 180°C pendant 10 minutes 12. Disposer le biscuit sur le confit 13. Dans une casserole, faire chauffer la crème avec le sucre et le beurre, à la première ébullition ajouter la gélatine. Laisser refroidir 14. Au batteur, monter 500g de crème, venir les ajouter au premier mélange refroidi 15. Verser sur le biscuit joconde, laisser prendre et enfin ajouter la dernière couche de confit","« Entremets aux fruits rouges et à la pistache » est une recette professionnelle METRO (desserts), composée de 22 ingrédients et 15 étapes, pour 6 portions, durée 2h.","""Entremets aux fruits rouges et à la pistache"" is a professional METRO recipe (desserts), with 22 ingredients and 15 steps, for 6 servings.",https://www.metro.fr/inspiration/recette-chef/dessert/entremets-fruit-rouge-pistache,METRO France – metro.fr/inspiration/recette-chef
METRO-REC-0030,"Entremets, noisette, jivara",dessert,Desserts,Desserts,,Découvrez cette recette gourmande où la douceur et l'onctuosité du chocolat Jivara se marient avec la gourmandise de la noisette.,1.0,3h,180.0,Moyen,Medium,46,37,"90g Beurre | 90g Farine | 50g Sucre glace | 60g Poudre de noisette torréfiée | 13g Jaune | 1g Sel fin | 150g Oeufs | 30g Jaune | 60g Poudre de noisette torréfiée | 150g Sucre glace | 12g Maïzena | 30g Noisette concassée | 200g Noisette | 140g Sucre | 1,5g Sel fin | 225g Praliné noisette | 10g Beurre de cacao | 22g Jivara | 250g Lait | 60g Jaune | 40g Sucre | 20g Maïzena | 10g Beurre | 10g Pâte de noisette | 30g Praliné noisette | 34g Chocolat noir | 90g Chocolat lait | 100g Lait | 18g MG | 210g Crème montée | 125g Crème | 280g Eau | 40g Sucre | 60g Glucose | 175g Chocolat lait | 50g Chocolat noir | 65g MG | 32g Sucre | 15g Farine | 10g Beurre fondu | 20g Lait | 2g Pâte noisette | 10g Poudre noisette + 5g pour la cuisson | 20g Eclat de noisette | 125g Eau | 25g Poudre gélatine poisson","1. Sabler tous les éléments en terminant par les jaunes 2. Étaler entre deux papiers sulfurisés à 4,5mm 3. Tailler un anneau de la taille de l'entremets puis cuire entre deux silpains à 165°C pendant 12 minutes 4. Passer au beurre mycrio pour le protéger de l'humidité 5. Tout mettre dans une cuve de batteur et monter avec le fouet pendant 10 minutes 6. Couler en cercle au diamètre de l'entremets 7. Cuire à 170°C pendant 20 minutes 8. Torréfier les noisettes 12 minutes à 165°C 9. Réaliser un caramel à sec 10. Débarrasser en moule 11. Une fois tiédit, mixer avec le sel et les noisettes 12. Fondre le jivara et le beurre de cacao puis ajouter le praliné 13. Couler dans un cercle sur le biscuit noisette et faire figer au congélateur 14. Chauffer le lait, blanchir jaune et sucre, ajouter la maïzena 15. Verser le lait chaud et porter à ébullition 16. Ajouter le beurre, la pâte de noisette et le praliné 17. Couler sur l'insert biscuit /praliné et figer au congélateur 18. Réaliser une ganache, ajouter la Masse Gélatine hors du feu 19. À 48°C ajouter la crème montée délicatement à la maryse 20. Pocher dans le moule et lisser les parois 21. Ajouter l'insert préalablement découpé à la bonne taille 22. Ajouter à nouveau de la mousse pour combler 23. Lisser, taper le moule sur le marbre pour retirer l'excédent de bulle 24. Figer au congélateur 25. Garder de côté la Masse Gélatine 26. Chauffer tous les éléments jusqu'à atteindre 103°C en remuant régulièrement 27. Ajouter la Masse Gélatine hors du feu 28. Stocker la barquette et reposer une nuit 29. Utiliser le glaçage à 32°C 30. Mélanger ensemble tous les éléments 31. Couler sur un silpat, ajouter des éclats de noisette et de la poudre de noisette 32. Cuire à 170°C pendant 11 minutes 33. Casser des morceaux de tuiles puis les repasser au four 3 minutes pour ensuite les galber en sortie de four 34. Mélanger ensemble et laisser au froid 30 min. Prêt à utiliser 35. Sur le sablé noisette, déposer l'entremets préalablement nappé 36. Pocher le crémeux noisette restant par-dessus 37. Pour les finitions quelques noisettes et oxalys pourpres puis des tuiles noisette","« Entremets, noisette, jivara » est une recette professionnelle METRO (desserts), composée de 46 ingrédients et 37 étapes, pour 1 portion, durée 3h.","""Entremets, noisette, jivara"" is a professional METRO recipe (desserts), with 46 ingredients and 37 steps, for 1 serving.",https://www.metro.fr/inspiration/recette-chef/dessert/entremets-noisette-jivara,METRO France – metro.fr/inspiration/recette-chef
METRO-REC-0031,"Expression de café blanc, pécans caramélisés",dessert,Desserts,Desserts,Gilles Leininger,"Jouez sur les textures avec ce dessert où le café est à l'honneur avec un biscuit, une crème brûlée et une glace.",8.0,2h15 min,135.0,Difficile,Hard,31,36,"125g Pâte d'amande 50% | 125g Oeufs | 25g Farine T45 | 2,5g Fécule de pomme de terre | 20g Beurre | 11g Arôme de café | 62,5g Lait | 335g Crème | 62g Sucre | 2g Pectine X58 | 100g Jaune d'oeufs | 60g Grain de café | 200g Sucre | 100g Glucose | 50g Eau | 20g Grué de cacao | 500g Lait | 125g Crème | 12,5g Trimoline | 100g Sucre | 85g Jaune d'œufs | 2,5g Stabilisateur | 60g Café en grain | 200g Eau | 50g Kalùha (liqueur de café) | 10g Arôme de café | 1,5g Agar Agar | 300g Chocolat au lait Valrhona Jivara | 300g Crème | 210g Chocolat au lait Valrhona Jivara | Noix de pécan caramélisée","1. Mixer au robot la pâte d'amande et les œufs 2. Rajouter la farine et la fécule de pomme de terre 3. Incorporer l'essence de café puis le beurre fondu 4. Étaler sur Silpat dans un cadre 30x20 cm 5. Cuire à 170°C pendant 12 min 6. Faire infuser à froid le café dans le lait et la crème pendant 36 heures 7. Filtrer et porter les liquides à ébullitions 8. Rajouter le sucre et la pectine à chaud 9. Tout en mixant, rajouter les jaunes d'oeufs 10. Mouler sur le biscuit café 11. Cuire l'eau, le sucre et le glucose à 160°C 12. Rajouter le grué de cacao 13. Verser sur un Silpat 14. A froid, mixer finement 15. A l'aide d'un chablon de 7,5 cm x 9 cm, façonner les opalines sur Silpat 16. Cuire à 170°C pendant 4 min, puis les rouler en tube à l'aide d'un cylindre 17. Faire infuser le café à froid dans le lait pendant 36h 18. Filtrer, puis réaliser une crème anglaise avec le reste des ingrédients 19. Verser dans des bols à PACOJET et turbiner 20. Porter à ébullition tous les ingrédients 21. Mixer à froid, puis réserver en pipette 22. Tempérer le chocolat en suivant la courbe de température : 45°C – 26°C – 28°C 23. Étaler finement sur feuille guitare 24. Pendant la cristallisation, former des ronds à l'aide de cercle de 1,2 cm et 2,5 cm 25. Porter à ébullition la crème. Verser en 3x sur le chocolat tout en remuant 26. Réserver 24 heures au frigo 27. Monter 28. Mettre la ganache montée en poche avec une douille à St Honoré 29. Détailler le biscuit et la crème brûlé en rectangle de 7,5 cm x 1,5 cm 30. Décorer avec la ganache montée et les noix 31. Insérer le rectangle dans le cylindre d'opaline 32. Décorer le dessus avec la ganache montée, les disques de chocolat et les noix concassées 33. Détailler à l'emporte-pièce des disques de biscuit et crème brûlées de 3 cm 34. Dans une assiette, disposer le cylindre et un disque de biscuit-crème brûlée 35. Sur la crème brûlée, déposer une spirale de glace café blanc 36. Décorer de noix concassées et de gel de café","« Expression de café blanc, pécans caramélisés » est une recette professionnelle METRO (desserts) signée Gilles Leininger, composée de 31 ingrédients et 36 étapes, pour 8 portions, durée 2h15 min.","""Expression de café blanc, pécans caramélisés"" is a professional METRO recipe (desserts) by Gilles Leininger, with 31 ingredients and 36 steps, for 8 servings.",https://www.metro.fr/inspiration/recette-chef/dessert/expression-cafe-blanc-pecans-caramelises,METRO France – metro.fr/inspiration/recette-chef
METRO-REC-0032,"Galette Esterel, pignons de pin et Kumquat",dessert,Desserts,Desserts,,Apportez une touche d'originalité à l'incontournable galette avec une frangipane aux pignons de pin et un coulis de kumquat.,10.0,2h45 min,165.0,Moyen,Medium,23,20,240g Kumquat frais | 140g Purée de kumquat | 100g Sucre | 125g Lait | 30g Jaune | 20g Sucre | 10g Maïzena | 10g Beurre | 100g Œufs | 100g Beurre | 100g Pignon | 80g Sucre | 8g Farine | 105g Crème pâtissière | 500g Beurre sec | 470g Farine T55 | 160g Farine T45 | 13g Sel | 63g Beurre doux | 13g Vinaigre blanc | 250g Eau | Fines tranches de kumquat | Eclats de pignons torréfiés,"1. Tailler les kumquats en quartiers et épépiner 2. Les mixer avec la purée et le sucre puis cuire à feu doux jusqu'à obtenir une texture confiture 3. Laisser refroidir 4. Pocher sur la frangipane pignon 5. Chauffer le lait 6. Blanchir le jaune et le sucre, puis ajouter la maïzena 7. Cuire la pâtissière 8. Hors du feu ajouter le beurre en dés froid 9. Mixer les pignons en fine poudre 10. Au batteur, avec le fouet, monter le beurre pommade avec le sucre, ajouter les oeufs, puis la poudre de pignon 11. Ajouter la crème pâtissière. Pocher des inserts de diamètre 10, déposer une fève 12. Faire figer au congélateur 13. Abaisser le beurre sec et réserver au frais. Au crochet, mélanger tous les éléments 8 minutes en vitesse 2 14. Laisser reposer 1h au réfrigérateur. Étaler la détrempe et enchasser le beurre sec 15. Réaliser 3 tours doubles en reposant au frais 3h entre chaque tour double 16. Abaisser à 3,5mm 17. Détailler des cercles de 120mm. Laisser reposer une nuit 18. Monter la galette 19. Cuire sur un silpat préalablement beurré et recouvert de cassonade pendant 10 minutes à 190°C puis 35 minutes à 165°C 20. Badigeonner de miel de sapin et saupoudrer d'éclats de pignons torréfiés et de quelques tranches de kumquats frais","« Galette Esterel, pignons de pin et Kumquat » est une recette professionnelle METRO (desserts), composée de 23 ingrédients et 20 étapes, pour 10 portions, durée 2h45 min.","""Galette Esterel, pignons de pin et Kumquat"" is a professional METRO recipe (desserts), with 23 ingredients and 20 steps, for 10 servings.",https://www.metro.fr/inspiration/recette-chef/dessert/galette-esterel-pignon-kumquat,METRO France – metro.fr/inspiration/recette-chef
METRO-REC-0033,Galette noisette pomme,dessert,Desserts,Desserts,Philippe Rigollot,,8.0,1h30 min,90.0,Moyen,Medium,19,22,100g Farine T65 | 220g Beurre | 210g Farine T65 | 10g Fleur de sel | 15g Sucre | 10g Eau | 55g Beurre noisette clair | 33g Praliné Noisettes 60 % | 16g Pâte de noisette | 82g Beurre | 69g Sucre glace | 8g Poudre à flan | 43g Noisettes en poudre | 20g Poudre d'amandes | 49g Œufs | 79g Crème pâtissière vanille | 250g Pommes en dés | 30g Beurre | 20g Sucre,"1. Pour le feuilletage inversé, réaliser le beurre manier avec les 100 g de farine et les 220 g de beurre en réalisant juste un mélange pour incorporer la farine au beurre, puis former en rectangle et mettre à 4°c pendant 2 h 2. Dans un deuxième temps, réaliser la détrempe avec les restes des ingrédients en prenant soin de ne pas corser la pâte 3. Former en rectangle et mettre à 4°c pendant 2 h 4. Etaler le beurre puis mettre la détrempe en son centre et replier les côtés 5. Etaler le pâton pour lui donner un tour simple puis un tour double 6. Laisser reposer 2 h puis redonner un tour simple et un tour double 7. Laisser de nouveau 2h 8. Torréfier la poudre de noisette 15 minutes à 150°c 9. Crémer le beurre avec la pâte de noisette et le praliné, puis ajouter le sucre glace, la poudre à flan, les poudres de noisette et d'amande 10. Verser petit à petit les œufs, puis en dernier la crème pâtissière 11. Pocher de suite 12. Faire revenir les pommes avec le beurre et le sucre jusqu'à une légère caramélisation 13. Réserver au froid 14. Etaler le feuilletage à 2 mn d'épaisseur, puis détailler des ronds de 18 Ø 15. Sur un premier disque de feuilletage, pocher 200 g de crème frangipane noisette, puis disposer dessus 150 g de pomme poêlée 16. Mettre un peu d'eau sur le bord du feuilletage 17. Fermer avec le deuxième disque de feuilletage, bien souder les deux en prenant soin de ne pas écraser les bords du feuilletage 18. Dorer à l'œuf le dessus et laisser reposer 2 h avant cuisson 19. Saupoudrer le dessus de la galette avec du sucre semoule, puis retourner la galette sur une feuille de cuisson 20. Cuisson à 175°c pendant 40/45 minutes 21. En fin de cuisson, retourner la galette, saupoudrer de sucre glace et caraméliser le dessus au four très chaud 22. A froid, avec un chablon en forme de tranche de pomme, saupoudrer de sucre glace","« Galette noisette pomme » est une recette professionnelle METRO (desserts) signée Philippe Rigollot, composée de 19 ingrédients et 22 étapes, pour 8 portions, durée 1h30 min.","""Galette noisette pomme"" is a professional METRO recipe (desserts) by Philippe Rigollot, with 19 ingredients and 22 steps, for 8 servings.",https://www.metro.fr/inspiration/recette-chef/dessert/galette-noisette-pomme,METRO France – metro.fr/inspiration/recette-chef
METRO-REC-0034,Galette originale Griotte/Pistache,dessert,Desserts,Desserts,,Terminez votre carte avec une note sucrée en réalisant des desserts originaux et savoureux avec la galette griotte et pistache. Une recette savoureuse et onctueuse à base de produits frais.,8.0,1h30 min,90.0,Moyen,Medium,33,28,"960g Beurre frais | 450g Vergeoise blonde | 6pincées Sel | 540g Poudre de noisette torréfiée | 960g Farine pâtissière T45 | 48g Baking Powder Ancel | 150g Œufs entiers liquides | 500g Beurre frais | 500g Sucre semoule | 150g Pâte de pistache Kerman 1 kg Cresco | 500g Œufs entiers liquides | 500g Poudre d'amandes blanches | 150g Farine de maïs | Griottes dénoyautées surgelées 1 kg | 450g Crème liquide 35% MG | 50g Glucose | 50g Sucre inverti (Trimoline) | 1gousse Vanille | 610g Choc couverture blanc | 1,150kg Crème liquide 35% MG | 500g Griottes dénoyautées surgelées 1 kg | 125g Sucre semoule | 50g Sirop de glucose | 5g Pectine N.H | 5g Pectine jaune | 25g Sucre semoule | Alcool Amaretto | 1kg Farine T45 pâtissière | 25g Sel | 250g Beurre sec de tourage (82 ou 84%) | 500g Eau | 10g Vinaigre blanc | 500g Beurre sec de tourage (82 ou 84%)","1. Faire sabler les poudres et le beurre, incorporer les œufs à la fin et réserver au réfrigérateur, une nuit 2. Travailler légèrement la masse et abaisser bien froide à 4 mm d'épaisseur, découper à l'aide d'un cercle à tarte et laisser l'abaisse à l'intérieur 3. Déposer sur papier cuisson 4. Blanchir le beurre frais, la pâte de pistache et le sucre en chauffant légèrement et incorporer les œufs tempérés petit à petit, ne pas trop foisonner le mélange 5. Ajouter la poudre d'amande et la farine de maïs et réserver au réfrigérateur 6. Chauffer à 80°C la fleurette, le glucose, le sucre inverti et la gousse de vanille grattée 7. Réaliser une émulsion sur la couverture ivoire, puis mixer le tout avec la fleurette froide 8. Laisser cristalliser une nuit au réfrigérateur avant foisonnement 9. Chauffer à 40°C les griottes surgelées, le glucose et le sucre 10. Parsemer le mélange pectine NH, pectine jaune et Sucre 11. Donner un bouillon, ajouter l'Amareto puis réserver au froid 12. Mixer l'ensemble avant de mettre en poche pour le dressage 13. Réaliser une détrempe avec les ingrédients, et laisser reposer deux heures au réfrigérateur 14. Procéder au tourage avec les 500 g de beurre sec 15. Trois tours Doubles, avec minimum deux heures de repos entre chaque tour 16. Découper des disques de feuilletages de la taille souhaitée légèrement supérieurs à celle des cercles utilisés pour la base frangipane pistache 17. Dorer deux fois et rayer selon le décor souhaité 18. Laisser reposer au moins 3 heures avant cuisson : 175°C four ventilé 20/25mn 19. Passer au sirop à la sortie du four pour faire briller la galette 20. Réserver dans un endroit sec 21. Travailler légèrement la masse de sablé noisette et abaisser bien froide à 4mm d'épaisseur 22. Découper à l'aide d'un cercle à tarte beurré de la taille souhaité et laisser l'abaisse à l'intérieur 23. Déposer sur papier cuisson et garnir le dessus de la pâte sablée avec la crème d'amande pistache à l'aide d'une douille unie de diamètre 10mm 24. Rester légèrement en dessous du cercle, disposer des griottes surgelées dans la crème d'amande et cuire l'ensemble 30 mn à 165°C four ventilé clef ouverte 25. Après cuisson laisser refroidir 26. Foisonner légèrement la ganache montée chocolat blanc, la laisser bien souple et dresser des pointes sur l'ensemble de la surface 27. Dresser des perles de griotte confites entre les pointes pour assaisonner la galette 28. Déposer pour finir le dessus de la galette en feuilletage cuit séparément","« Galette originale Griotte/Pistache » est une recette professionnelle METRO (desserts), composée de 33 ingrédients et 28 étapes, pour 8 portions, durée 1h30 min.","""Galette originale Griotte/Pistache"" is a professional METRO recipe (desserts), with 33 ingredients and 28 steps, for 8 servings.",https://www.metro.fr/inspiration/recette-chef/dessert/galette-griotte-pistache,METRO France – metro.fr/inspiration/recette-chef
METRO-REC-0035,"Guimauve glacée, citron, algue nori",dessert,Desserts,Desserts,Alessandra Montagne,"Epatez vos clients avec cette recette de dessert à base de citron et de merengue, à l'allure noble et au goût aussi doux qu'acidulé.",150.0,20 min,20.0,Moyen,Medium,8,7,"400g - Jus citron | 400g - Eau | 200g - Sucre | 46g - Gélatine | 4 feuilles - Nori | 800g - Jus citron | 1,2kg - Sucre | 1kg - Eau","1. Faire bouillir le jus de citron, l'eau et le sucre 2. Ajouter la gélatine et laisser reposer au froid 24h 3. Fouetter la préparation au robot tout en chauffant avec le chalumeau 4. Étaler la préparation sur une plaque et mettre au congélateur puis couper en rectangle 5. Réaliser un sirop traditionnel en laissant infuser les feuilles de nori 6. Dans un récipient creux, déposer un rectangle de guimauve glacée sur un fond de sirop de citron-nori 7. Agrémenter ce dessert de copeaux de feuilles de nori caramélisée ou encore d'un crémeux citron","« Guimauve glacée, citron, algue nori » est une recette professionnelle METRO (desserts) signée Alessandra Montagne, composée de 8 ingrédients et 7 étapes, pour 150 portions, durée 20 min.","""Guimauve glacée, citron, algue nori"" is a professional METRO recipe (desserts) by Alessandra Montagne, with 8 ingredients and 7 steps, for 150 servings.",https://www.metro.fr/inspiration/recette-chef/dessert/guimauve-glacee-citron-algue-nori,METRO France – metro.fr/inspiration/recette-chef
METRO-REC-0036,Joconde cacao/café,dessert,Desserts,Desserts,,,12.0,1h30 min,90.0,Moyen,Medium,28,23,175g Blanc d'oeuf | 80g Sucre | Sucre glace | 85g Poudre d'amande | 12g Poudre cacao | 6g Poudre de café | 1L Lait | 1L Crème | 500g Sucre | 480g Jaune d'oeuf | 1kg Chocolat Tanzanie | 12 Feuille de gélatine | 425g Crème Liquide | 585g Chocolat blanc | 30g Café moulu | 100g Crème | 100g Mascarpone | 140g Chocolat noir | 140g Feuillantine | 10g Café moulu | 690g Lait | 55g Café moulu | 135g Crème | 100g Trimoline | 23g Glucose aromatisé | 250g Jaune d'oeuf | 100g Sucre | 8g Stab 2000,"1. Monter les blancs au batteur et ajouter le sucre et le sucre glace 2. Ajouter aux poudres, mélanger et étaler dans une plaque à rebord avec du papier sulfurisé graissé 3. Cuire à 170°C pendant 7 min 4. Laisser refroidir puis emporte-piécer en rond de 3 cm de diamètre 5. Faire chauffer le lait et la crème 6. Ajouter le mélange sur et jaunes et cuire à 83°C comme une crème anglaise 7. Ajouter la gélatine et verser en 3 fois sur le chocolat 8. Débarrasser en bac au frais pour 3 heures puis mettre en poche 9. Faire fondre le chocolat au bain-marie, en parallèle faire chauffer la crème avec le café et laisser infuser 10 min 10. Verser en 3 fois sur le chocolat puis laisser refroidir 4 heures au frais 11. Monter doucement au batteur avec le fouet les 100 g de crème et de mascarpone afin d'obtenir une ganache montée aérienne 12. Mettre en poche 13. Faire fondre le chocolat au bain-marie 14. Mélanger à la feuillantine et au café 15. Faire des roses de sables (petits tas avec l'appareil obtenu) et stocker au frais 16. Chauffer le lait et le café et laisser infuser 10 min puis passer au chinois 17. Ajouter la crème, trimoline et le glucose atomisé 18. A 35°C ajouter les jaunes puis mélanger 19. A 40°C ajouter le sucre et le stab 2000 préalablement mélangés puis laisser cuire jusqu'à 83°C. Débarrasser en Pacojet ou sorbetière 20. Cuire les galettes assez croustillantes sur l'un des côtés 21. Sur l'assiette, faire des points de crémeux chocolat 22. Disposer 3 biscuits Joconde sur lesquels nous allons pocher la ganache montée au café 23. Disposer enfin un décor en chocolat sur chacune, répartir les roses des sables et faire une quenelle de glace caf","« Joconde cacao/café » est une recette professionnelle METRO (desserts), composée de 28 ingrédients et 23 étapes, pour 12 portions, durée 1h30 min.","""Joconde cacao/café"" is a professional METRO recipe (desserts), with 28 ingredients and 23 steps, for 12 servings.",https://www.metro.fr/inspiration/recette-chef/dessert/joconde-cacao-cafe,METRO France – metro.fr/inspiration/recette-chef
METRO-REC-0037,La marquise,dessert,Desserts,Desserts,Axel Goujon,,6.0,2h,120.0,Moyen,Medium,48,98,"250g Chocolat noir | 2 Œufs | 60g Sucre | 60g Farine | 17g Cacao | 80g Feuillantine | 20g Praliné amande | 50g Amandes émondées | 38g Sucre | 12g Eau | 25g Purée de passion | 5g Rhum blanc | 5g Sucre | 3g Jus de citron vert | 30g Fruit de la passion | 20g Purée de passion | 12g Sucre | 0,5g Pectine nh | 70g Lait | 90g Chocolat noir | 127g Crème | 1/2feuille Gélatine | 5g Purée de passion | 18g Fruit de la passion | 22g Eau | 6g Sucre | 17g Glucose atomisé | 0,5g Super neutrose | 17g Crème | 1/2feuille Gélatine | 18g Jaune d'œuf | 18g Sucre | 42g Chocolat noir | 50g Crème montée | 40g Beurre | 40g Muscovado | 50g Blanc œuf | 45g Farine | 10g Cacao | 103g Eau | 50g Lait | 17g Sucre | 20g Cacao | 15g Chocolat noir | 4g Maïzena | 27g Fruit de la passion | 38g Purée de passion | 4g Jus de citron","1. Faire fondre le chocolat au bain-marie jusqu'à une température de 45-50°C 2. Verser le chocolat sur un marbre propre et sec 3. Travailler le chocolat à l'aide d'une spatule et d'un triangle jusqu'à atteindre la température de 28°C 4. Remettre le chocolat refroidi dans votre contenant 5. Le réchauffer jusqu'à 32°C 6. Maintenir cette température pendant l'utilisation 7. Préparer des bandes de rhodoïd propre et sèche sur votre plan de travail 8. Tremper la pointe du couteau dans le chocolat tempéré 9. Déposer le chocolat sur le rhodoïd en réalisant une légère pression 10. Réaliser plusieurs plumes sur votre bande 11. Positionner immédiatement la bande de rhodoïd à l'intérieur d'un tube afin de lui donner une forme arrondie 12. Laisser cristalliser au frigo 13. Retirer délicatement le rhodoïd pour décoller les plumes 14. Déposer une feuille de rhodoïd sur votre plan de travail propre et sec 15. Verser le chocolat tempéré sur le rhodoïd 16. Étaler finement et régulièrement à l'aide d'une spatule coudée sur toute la surface de la feuille 17. Laisser cristalliser partiellement (le chocolat ne doit pas coller au doigt tout en restant souple) 18. Détailler des bandes de 3 cm de largeur à l'aide d'une bicyclette 19. Enrouler immédiatement la feuille autour d'un tube 20. Laisser cristalliser et retirer délicatement du rhodoïd 21. Battre les œufs et le sucre jusqu'à blanchissement (le mélange doit doubler de volume, devenir mousseux et former un ruban) 22. Tamiser les poudres 23. Les incorporer à l'aide d'une maryse en effectuant un mouvement de haut en bas pour ne pas faire retomber l'appareil 24. Couler dans un cadre graissé et lisser 25. Cuire dans un four préchauffé à 170°C environ 10 min 26. Détailler des cercles de 3 cm de diamètre 27. Venir mettre tous les ingrédients dans une casserole 28. Porter le tout à ébullition 29. Imbiber le moelleux chocolat, préalablement détaillé, avec le sirop chaud 30. Mettre l'eau et le sucre en casserole et porter à ébullition 31. Ajouter les amandes 32. Cuire constamment jusqu'à cristallisation du sucre 33. Poursuivre la cuisson jusqu'à caramélisation complète 34. Débarrasser sur une plaque recouverte de papier cuisson 35. Laisser refroidir totalement 36. Mixer le tout jusqu'à obtention d'une pâte lisse et homogène 37. Ajouter une pointe de fleur de sel 38. Mouler une partie praliné en petit moule demi-sphère 39. Réserver au congélateur 40. Venir mélanger la feuillantine et le praliné amande préalablement réaliser 41. Déposer une cuillère à café de croustillant sur le moelleux chocolat imbibé 42. Chauffer la purée de passion et le fruit de la passion dans une casserole 43. Mélanger le sucre et la pectine afin d'éviter les grumeaux 44. Incorporer le mélange sucre-pectine en pluie dans la préparation chaude tout en fouettant 45. Porter à ébullition 2 min afin d'activer la pectine 46. Couler immédiatement en moule silicone palet de 3 cm de diamètre sur une épaisseur d'environ 2 mm 47. Une fois le tout congelé, démouler 48. Disposer le palet passion sur le moelleux chocolat imbiber avec le croustillant 49. Réserver au congélateur 50. Blanchir les jaunes d'oeufs avec le sucre au fouet jusqu'à obtention d'un mélange mousseux et légèrement épaissi 51. Chauffer la crème liquide 52. Incorporer la gélatine préalablement hydratée et essorée 53. Verser la crème chaude sur les jaunes blanchis sans arrêter de fouetté 54. Ajouter le chocolat préalablement fondu dans l'appareil 55. Fouetter jusqu'à refroidissement partiel 56. Incorporer délicatement la crème montée en plusieurs fois, à l'aide d'une maryse 57. Utiliser immédiatement pour le montage 58. Garnir le fond du moule demi-sphère d'un fond de mousse au chocolat 59. Déposer au centre une demi-sphère de praliné amande, préalablement réaliser 60. Ajouter l'insert moelleux chocolat passion également réaliser en amont 61. Réserver au congélateur jusqu'à prise complète avant démoulage 62. Disposer les plumes en chocolat sur le dôme, une à une 63. Réserver en cellule de refroidissement 64. Floquer le tout à l'aide d'une bombe de flocage brune 65. Verser la purée et la pulpe de fruit de la passion dans une casserole avec l'eau 66. Ajouter le sucre, le glucose atomisé et le super neutrose, préalablement mélangés, en pluie tout en fouettant 67. Porter à ébullition 68. Mouler le tout en palet de 3 cm de diamètre sur une hauteur de 1,5 cm 69. Réserver au congélateur 70. Tempérer avant le dressage 71. Faire fondre le chocolat au bain-marie 72. Verser la crème chaude en plusieurs fois sur le chocolat fondu, en mélangeant à la spatule afin de créer un noyau élastique et homogène 73. Incorporer la gélatine préalablement hydratée et essorée, en mélangeant bien pour une parfaite dissolution 74. Ajouter le lait froid en dernier 75. Réserver au frigo 76. Filer au contact 77. Travailler le beurre pommade et le muscovado tamisé jusqu'à obtention d'un mélange homogène 78. Ajouter les blancs d'œufs, mélanger 79. Incorporer la farine et le cacao tamisés 80. Étaler la pâte sur le moule silicone nid d'abeille 81. Cuire au four préchauffé à 170°C pendant 6 min 82. À la sortie du four, détailler la tuile avec un cercle de 90 mm de diamètre avant refroidissement 83. Chauffer l'eau et le lait dans une casserole jusqu'à légère ébullition 84. Mélanger le sucre, le cacao et la maïzena 85. Incorporer en pluie dans le liquide chaud en fouettant pour éviter les grumeaux 86. Ajouter le chocolat 87. Mélanger jusqu'à dissolution complète 88. Mixer le tout au mixeur plongeant pour homogénéiser et lisser la sauce 89. Faire réduire doucement jusqu'à obtention d'une texture légèrement épaisse 90. Incorporer les fruits de la passion, la purée de passion et le jus de citron puis mélanger 91. Servir tiède 92. Déposer un cercle de chocolat au centre de l'assiette 93. Placer le croustillant amande au fond du cerclage 94. Déposer le palet de sorbet passion sur le croustillant 95. Ajouter le crémeux chocolat par-dessus jusqu'en haut du cerclage 96. Disposer la tuile Chocapic sur le cerclage, bien centré 97. Venir déposer la marquise délicatement au centre de la tuile 98. Verser la sauce chocolat tout autour","« La marquise » est une recette professionnelle METRO (desserts) signée Axel Goujon, composée de 48 ingrédients et 98 étapes, pour 6 portions, durée 2h.","""La marquise"" is a professional METRO recipe (desserts) by Axel Goujon, with 48 ingredients and 98 steps, for 6 servings.",https://www.metro.fr/inspiration/recette-chef/dessert/marquise,METRO France – metro.fr/inspiration/recette-chef
METRO-REC-0038,"Le dessert de Noël : du chocolat, des fruits, des épices, un parfum d'inattendu",dessert,Desserts,Desserts,,,2.0,4h,240.0,Moyen,Medium,49,50,1/2 botte Persil plat | 75g Sucre | 200g Eau de source | 1 Xanthane | 180g Sucre | 180g Beurre | 200g Chocolat 70% | 3 Oeufs extra | 50g Farine | 100g Sucre | 3 pistils Safran | 208g Chocolat 45% | 307g Lait entier | 107g Chocolat 74% | 4 cartouches Siphon | 1 Mangue | 200g Eau | 250g Lait entier | 250g Crème | 4 Jaunes d'œufs | 65g Sucre | 75g Eau | 150g Sucre | 75g Glucose | 40g Sarrasin soufflé | 10g Sésame noir | 1l Eau de source | 250g Sucre | 100g Verveine | 1 Ananas Victoria | 1 Beurre demi-sel | 2 Pommes Pink Lady | 4 Kiwis | 3 brins Basilic | 2cl Jus de citron vert | 3 feuilles Menthe poivrée | 2 cac. Cassonade | 1l Perrier | 1 cac. Trimoline | 1 Grenade | 1 Pomme Granny Smith | 2 Poires | 100g Crème crue | 1 pointe Curry vert | 50g Sucre glace | 500g Eau | 200g Sucre | 1 Fleurs de soucis | 1 cac. Cardamome moulue,"1. Faire fondre au bain-marie les 200 g de chocolat, les 180 g de sucre et 180 g de beurre 2. Ajouter la farine et les œufs 3. Fouetter énergiquement 4. Couler dans un cadre 20x20 cm, cuire 20 min à 180° C 5. Tailler à froid 6. Mixer le persil, l'eau et les 75 g de sucre 7. Gérer la texture avec le xanthane 8. Les pocher dans un sirop de 200 g d'eau, 100 g de sucre et les pistils de safran 9. Réserver au frais 10. Mélanger le lait chaud avec les chocolats 11. Mettre en siphon 12. Gazer 4 fois 13. Dresser le moelleux, une perle de mangue, le coulis de persil et finir avec le siphon 14. Mélanger à couvert la crème, le lait, la vanille et le sucre 15. Laisser infuser 10 min 16. Cuire à 83° C 17. Faire maturer 12 h minimum puis turbiner 18. Chauffer l'eau, le sucre, et le glucose à 100° C 19. Couler sur une toile silpat 20. Laisser refroidir puis mixer en poudre 21. Étaler cette poudre sur un silpat 22. Cuire à 215° C au four jusqu'à légère coloration 23. Parsemer de sésame noir 24. Dresser la glace, parsemer de sarrasin soufflé et poser la tuile 25. Parer l'ananas Victoria 26. Le rôtir au four à 180° C avec du beurre 27. L'arroser jusqu'à cuisson 28. Réserver au frais pour le tailler 29. Faire bouillir l'eau, le sucre à ébullition 30. Ajouter la verveine 31. Laisser infuser 10 min 32. Passer puis faire prendre au grand froid 33. Dresser dans une assiette une brunoise d'ananas 34. Gratter à la fourchette le granité et parsemer sur l'ananas 35. Porter à ébullition le Perrier, la cassonade, le jus de citron vert et les zestes, la menthe 36. Éplucher, évider et couper les 2 Pink Lady en 4 37. Les cuire dans le sirop de mojito sans alcool à frémissement jusqu'à consistance moelleuse 38. Peler les kiwis à vif 39. Mixer avec le basilic et la trimoline 40. Réserver en pipette 41. Dresser un tronçon de pomme avec le sirop mojito 42. Ajouter des grains de grenade, une julienne de Granny Smith et des ponts de coulis kiwi-basilic 43. Éplucher, évider les poires 44. Cuire dans un bouillon à raison de 200 g de sucre pour 500 g d'eau et une pointe de curry vert 45. Les confire en 3 fois : 10 min de cuisson, 15 min de repos 46. Égoutter les poires 47. Réduire le sirop 48. Rectifier si besoin en curry vert 49. Mélanger ensemble la crème crue, le sucre glace et la cuillère à café de cardamome moulue 50. Accompagner la crème crue à la cardamome d'un dé de poire confite, fleurir de pétales de soucis","« Le dessert de Noël : du chocolat, des fruits, des épices, un parfum d'inattendu » est une recette professionnelle METRO (desserts), composée de 49 ingrédients et 50 étapes, pour 2 portions, durée 4h.","""Le dessert de Noël : du chocolat, des fruits, des épices, un parfum d'inattendu"" is a professional METRO recipe (desserts), with 49 ingredients and 50 steps, for 2 servings.",https://www.metro.fr/inspiration/recette-chef/dessert/dessert-noel-chocolat-fruits-epices,METRO France – metro.fr/inspiration/recette-chef
METRO-REC-0039,Le Paris-Brest au praliné noisette,dessert,Desserts,Desserts,Nicolas Paciello,,6.0,1h,60.0,Moyen,Medium,22,45,135g Beurre | 90g Sucre cassonade | 90g Vergeoise brune | 180g Farine t55 | 2g Sel | 110g Lait entier | 110g Eau | 100g Beurre | 4g Sel | 3g Sucre | 120g Farine t55 | 180g Œufs entiers | 310g Noisettes entières mondées | 25g Eau | 125g Sucre | 2g Fleur de sel | 30g Sirop de glucose | 65g Chocolat blanc | 10g Masse gélatine | 65g Crème 35% | 185g Crème 35% | 80g Praliné noisette,"1. Dans une cuve de batteur, mettre le beurre en morceau et les sucres 2. Mélanger pour crémer le tout 3. Ajouter ensuite la farine et le sel 4. Mélanger le tout à vitesse moyenne 5. Arrêter une fois l'obtention d'une pâte homogène 6. Étaler le craquelin entre 2 feuilles de papier cuisson à 1,8 mm d'épaisseur 7. Placer le tout au congélateur 8. Détailler ensuite des couronnes de craquelin de 14 cm de diamètre 9. Dans une casserole, chauffer le lait, l'eau, le beurre, le sel et le sucre 10. À ébullition, retirer la casserole du feu 11. Ajouter la farine en mélangeant 12. Une fois la farine bien incorporée, remettre sur l'induction à feu moyen 13. Dessécher la panade pendant 5 min jusqu'à ce que la pâte se décolle de la casserole 14. Verser la pâte dans une cuve de batteur 15. Ajouter les œufs petit à petit 16. Laisser se mélanger, la pâte doit avoir une apparence lisse et brillante 17. Pocher 2 couronnes de pâte à choux d'un diamètre de 12 cm avec une douille de 19 18. Recouvrir une des deux couronnes d'un fine couche de craquelin 19. Préchauffer le four à 210°C 20. Cuire le tout entre 40 et 50 min à 175°C 21. Torréfier les noisettes au four pendant 15 min à 175°C en faisant attention à ne pas superposer les noisettes pour une meilleure torréfaction 22. Dans une casserole, peser l'eau, le sucre et le glucose 23. Chauffer le tout en mélangeant doucement 24. Quand le sucre est fondu 25. Porter à ébullition 26. Cuire le tout jusqu'à obtention d'un caramel doré 27. Débarrasser le caramel sur une plaque munie d'un silpat 28. Laisser refroidir 29. Mixer le tout en en ajoutant la fleur de sel 30. Arrêter quand la totalité est homogène 31. Fondre le chocolat blanc à moitié 32. Ajouter le praliné noisette 33. Chauffer la petite partie de la crème 34. Ajouter la gélatine préalablement fondue 35. Verser sur le chocolat praliné en 3 fois pour réaliser une émulsion 36. Verser la grande partie de la crème 37. Mélanger le tout à la maryse 38. Conditionner le tout puis stocker 12h à 4°C 39. Fouetter la ganache jusqu'à texture souhaitée 40. Retourner la couronne de pâte à choux avec le craquelin 41. Percer plusieurs trous pour pouvoir garnir correctement de ganache montée noisette 42. Garnir la couronne de pâte à choux sans craquelin de praliné noisette 43. La déposer sur la première 44. Pocher des traits de ganache montée noisette 45. Recouvrir le tout d'un trait de praliné noisette, puis de noisettes concassées et quelques pincées de fleur de sel","« Le Paris-Brest au praliné noisette » est une recette professionnelle METRO (desserts) signée Nicolas Paciello, composée de 22 ingrédients et 45 étapes, pour 6 portions, durée 1h.","""Le Paris-Brest au praliné noisette"" is a professional METRO recipe (desserts) by Nicolas Paciello, with 22 ingredients and 45 steps, for 6 servings.",https://www.metro.fr/inspiration/recette-chef/dessert/paris-brest-praline-noisette,METRO France – metro.fr/inspiration/recette-chef
METRO-REC-0040,Le Saint Sylvestre amande-agrume-pistache de Philippe Rigollot,dessert,Desserts,Desserts,Philippe Rigollot,"Laissez-vous tenter par une recette originale du saint sylvestre amande, agrume et pistache. Un dessert facile à préparer, qui sublimera vos assiettes ainsi que la carte de votre restaurant.",8.0,1h30 min,90.0,Moyen,Medium,38,30,"100g Couverture lait 38% | 17g Praliné Amandes 60% | 80g Feuillantine | 60g Riz soufflé | 90g Pâte d'amandes 50% | 10g Sucre | 40g Pâte de pistache | 22g Jaunes d'œufs | 110g Œufs | 35g Beurre liquide | 22g Farine T55 | 1g Levure chimique | 120g Crème 35% | 30g Pâte de pistache | 12g Sucre | 30g Purée de framboise | 130g Purée de pamplemousse rose | 30g Jus de citron vert | 265g Suprême d'orange | 66g Sucre | 1g Xanthane | 10g Pectine NH | 3g Gélatine | 175g Pâte d'amandes 50% | 210g Lait | 210g Crème 35% | 10g Gélatine poudre 200 bloom | 350g Crème 35% (Pour monter mousseux) | 25g Eau | 25g Purée de pamplemousse | 0,2g Colorant Jaune | 0,01g Colorant rouge | 10g Sucre | 2g Pectine NH | 10g Glucose | 140g Nappage neutre | 0,1g Poudre scintillant OR | 1g Gélatine poudre 200 bloom","1. Fondre la couverture lait à 40°c, puis la verser sur tous ingrédients et mélanger délicatement 2. Étaler 100 g dans un cercle de 20 Ø 3. Congeler 4. Au mixeur, mettre la pâte d'amande tiède avec le sucre, la pâte de pistache et verser petit à petit le mélange œufs, bien mixer 5. Puis verser le verser dans une cuve de batteur et monter l'appareil avec la feuille pendant 15 minutes 6. Pendant ce temps, fondre le beurre, tamiser la farine avec la levure chimique 7. Quand l'appareil est bien monté, ajouter la farine et la levure 8. Étaler en cercle de 18 Ø et cuire à 180°c pendant 8/10 minutes 9. Monter la crème au fouet avec le sucre assez ferme, puis ajouter la pâte de pistache 10. Dans une casserole, mettre les purées, le jus de citron vert et les suprêmes d'orange 11. Chauffer le tout à 40°c, puis verser en pluie le mélange sucre, xanthane, pectine NH 12. Porter le tout à ébullition 13. Ajouter la gélatine réhydratée 14. Refroidir à 40°c et couler de suite 15. Mixer la pâte d'amande avec le lait et la crème, puis chauffer à 40°c 16. Faire fondre la gélatine réhydratée, puis refroidir à 25°c et ajouter la crème montée pas trop ferme 17. Couler de suite 450 g en cercle de 20 Ø 18. Chauffer l'eau et la purée de pamplemousse et les colorants à 40°c 19. Ajouter le sucre et la pectine, puis le glucose, donner une ébullition 20. Ajouter le nappage neutre et redonner une ébullition 21. Réserver à 4°c. Température d'utilisation 35/40°c 22. Réaliser l'insert en cercle de 18 Ø, avec un biscuit et 250 g de marmelade d'agrume 23. Congeler 24. Pour le montage, prendre un cercle de 20 Ø et 4 cm de haut 25. Couler 450 g de mousse amande dans le cercle, déposer au centre l'insert de marmelade et biscuit, appuyer légèrement pour faire remonter la mousse, puis fermer avec le disque de croustillant riz soufflé 26. Congeler 27. Chauffer le nappage pamplemousse et glacer les entremets 28. Pocher sur le dessus quelques points de chantilly pistache 29. Mettre un cercle de chocolat blanc autour de l'entremet 30. Parsemer des pistaches hachées, quelques étoiles en or","« Le Saint Sylvestre amande-agrume-pistache de Philippe Rigollot » est une recette professionnelle METRO (desserts) signée Philippe Rigollot, composée de 38 ingrédients et 30 étapes, pour 8 portions, durée 1h30 min.","""Le Saint Sylvestre amande-agrume-pistache de Philippe Rigollot"" is a professional METRO recipe (desserts) by Philippe Rigollot, with 38 ingredients and 30 steps, for 8 servings.",https://www.metro.fr/inspiration/recette-chef/dessert/saint-sylvestre-amande-agrume-pistache,METRO France – metro.fr/inspiration/recette-chef
METRO-REC-0041,Madeleines au miel et citron,dessert,Desserts,Desserts,Alex Cook,"Découvrez la création culinaire d'Alex Cook, des madeleines moelleuses et parfumées alliant la douceur du miel à la fraîcheur acidulée du citron.",32.0,40 min,40.0,Facile,Easy,10,15,4 Œufs | 125g Sucre blanc | 75g Miel | 200g Farine | 5g Levure chimique | 200g Beurre fondu | 1 Citron jaune | 1 Citron vert | 6cl Sirop de citron | 10cl Eau,"1. Préchauffer votre four à 220°C 2. Dans la cuve d'un robot, battre les œufs avec le sucre blanc jusqu'à ce que le mélange devienne mousseux 3. Ajouter le miel et mélanger jusqu'à ce qu'il soit bien incorporé 4. Tamiser la farine et la levure chimique, puis ajouter progressivement au mélange précédent, en mélangeant doucement pour éviter les grumeaux 5. Incorporer le beurre fondu et mélanger jusqu'à obtenir une pâte homogène 6. Ajouter les zestes de citron jaune et de citron vert finement râpés dans la pâte 7. Bien mélanger 8. Mettre la pâte dans une poche à douille et réserver au frais pendant 30 minutes 9. Pendant ce temps, graisser légèrement vos moules à madeleines 10. Après le temps de repos, remplir les moules à madeleines aux trois quarts avec la pâte 11. Enfourner les madeleines dans le four préchauffé à 220°C, puis baisser la température à 180°C (thermostat 6) et poursuivre la cuisson 7 minutes. Elles doivent être dorées sur le dessus et légèrement fermes au toucher 12. Mélanger le sirop de citron avec l'eau 13. Imbiber légèrement les madeleines à l'aide d'un pinceau avec ce mélange 14. Enfourner les madeleines à nouveau pendant 30 secondes 15. Laissez les madeleines refroidir légèrement dans les moules avant de les démouler et de les déguster","« Madeleines au miel et citron » est une recette professionnelle METRO (desserts) signée Alex Cook, composée de 10 ingrédients et 15 étapes, pour 32 portions, durée 40 min.","""Madeleines au miel et citron"" is a professional METRO recipe (desserts) by Alex Cook, with 10 ingredients and 15 steps, for 32 servings.",https://www.metro.fr/inspiration/recette-chef/dessert/madeleine-miel-citron,METRO France – metro.fr/inspiration/recette-chef
METRO-REC-0042,"Marron, cassis et tonka",dessert,Desserts,Desserts,,,1.0,1h,60.0,Moyen,Medium,13,16,3 feuilles Gélatine bronze halal | 85g Sirop de glucose | 400g Purée de cassis | 250g Sirop léger | 6 feuilles Gélatine bronze halal | 480g Crème liquide | 600g Purée de marron | 9g Agar agar | Feuilles de génoise | 6 Fèves de tonka | 750g Lait demi-écrémé | 200g Jaunes d'œufs | 200g Sucre complet muscovado,"1. Tremper la gélatine dans l'eau froide pour la ramollir 2. Chauffer le glucose et le cassis 3. Ajouter la gélatine égouttée 4. Couler en palais et surgeler 5. Tremper la gélatine dans l'eau froide pour la ramollir 6. Chauffer les 50 g de crème liquide et dissoudre la gélatine égouttée 7. Mélanger à la purée de marron puis incorporer la crème montée 8. Chemiser les demi-sphères, déposer au centre l'insert cassis surgelé, recouvrir avec la mousse marron, lisser puis surgeler 9. Mélanger à froid tous les éléments 10. Porter à ébullition pendant 3 min en remuant sans cesse 11. Couler sur plaque inox 12. Refroidir puis découper des pastilles de diamètres différents 13. Reproduire la même chose avec le cassis 14. Découper des cercles de feuilles de génoise de même diamètre que les demi-sphères marron et les poser dessus 15. Ajouter un coulis cassis et coulis marron en pipette 16. Confectionner une crème anglaise à la fève de tonka, maturer 24h, filtrer puis sangler","« Marron, cassis et tonka » est une recette professionnelle METRO (desserts), composée de 13 ingrédients et 16 étapes, pour 1 portion, durée 1h.","""Marron, cassis et tonka"" is a professional METRO recipe (desserts), with 13 ingredients and 16 steps, for 1 serving.",https://www.metro.fr/inspiration/recette-chef/dessert/marron-cassis-tonka,METRO France – metro.fr/inspiration/recette-chef
METRO-REC-0043,Mini M Noisette / Citron / Framboise,dessert,Desserts,Desserts,Nicolas Paciello,Recette du chef Nicolas Paciello - 2026,20.0,2h,120.0,Moyen,Medium,22,33,120g Beurre | 30g Margarine | 120g Œufs entier | 100g Sucre | 30g Trimoline | 50g Lait entier | 150g Farine t45 | 6g Levure chimique | 310g Noisettes entières mondées | 25g Eau | 125g Sucre | 2g Fleur de sel | 30g Sirop de glucose | 480g Purée de framboise | 12g Poudre de gingembre | 5g Xantane | 180g Purée de citron jaune | 30g Zeste de citron jaune | 230g Œufs entiers | 200g Sucre | 20g Masse gélatine | 340g Beurre,"1. Faire fondre le beurre 2. Mélanger au batteur à l'aide du fouet les œufs, le sucre et la trimoline 3. Ajouter ensuite la farine et la levure chimique préalablement mélangés ensembles 4. Corner la cuve si besoin 5. Ajouter le beurre fondu (froid), puis le lait 6. Une fois homogène vider la cuve, ajouter les parfums puis mélanger 7. Filmer et stocker 8. Laisser reposer les pâtes 12h avant utilisation 9. Pocher les Mini-M dans les moules le lendemain 10. Couper la pâte qui a débordé au-dessus des moules 11. Passer ensuite en cellule 12. Congeler avant démoulage 13. Garnir puis décorer 14. Torréfier les noisettes au four pendant 15min à 175°C en faisant attention à ne pas superposer les noisettes pour une meilleure torréfaction 15. Dans une casserole, peser l'eau, le sucre et le glucose 16. Chauffer le tout en mélangeant doucement 17. Quand le sucre est fondu, porter à ébullition 18. Puis cuire le tout jusqu'à obtention d'un caramel doré 19. Débarrasser le caramel sur une plaque munie d'un silpat et laisser refroidir 20. Mixer le tout en en ajoutant la fleur de sel 21. Arrêter quand la totalité est homogène 22. Mélanger la purée de framboise avec la poudre de gingembre 23. Ajouter le xantane au mixer en incorporant de l'air un maximum 24. Arrêter une fois la texture souhaitée obtenue 25. Chauffer dans une casserole, la purée et les zests 26. Fouetter dans un bol le sucre et les œufs 27. Verser sur la purée 28. Cuire le tout à 83°C 29. Passer le tout au chinois 30. Ajouter la gélatine à 70°C 31. À 50°C ajouter le beurre au mixeur pour émulsionner le tout 32. Garnir directement 33. Parsemer de graines de sésames torréfiées","« Mini M Noisette / Citron / Framboise » est une recette professionnelle METRO (desserts) signée Nicolas Paciello, composée de 22 ingrédients et 33 étapes, pour 20 portions, durée 2h.","""Mini M Noisette / Citron / Framboise"" is a professional METRO recipe (desserts) by Nicolas Paciello, with 22 ingredients and 33 steps, for 20 servings.",https://www.metro.fr/inspiration/recette-chef/dessert/mini-m-noisette-citron-framboise,METRO France – metro.fr/inspiration/recette-chef
METRO-REC-0044,Nid gourmand de Pâques,dessert,Desserts,Desserts,Benoit Lagache,"Offrez à vos clients un moment de délice grâce au Nid Gourmand de Pâques. Pâte sablée, mousse de nougat et autres surprises les feront craquer.",4.0,1h30 min,90.0,Moyen,Medium,42,26,175g Beurre doux | 2g Sel fin | 90g Sucre glace | 15g Poudre d'amande | 15g Poudre de noisette | 5g Vanille en poudre | 200g Farine | 50g Œufs entiers | 10g Poudre à crème | 50g Sucre semoule | 300g Purée d'abricots | 5g Pectine x58 | 42g Masse de gélatine | 75g Beurre | 90g Poudre de cacahuète | 90g Sucre semoule | 90g Beurre sec | 90g Farine | 2g Fleur de sel | 110g Lait d'amande | 100g Œufs entiers | 90g Sucre semoule | 150g Beurre | 14g Masse de gélatine | 250g Cream cheese | 160g Pâte de nougat | 150g Chocolat blanc | 14g Masse de gélatine | 150g Crème fouettée | 75g Eau | 150g Sucre semoule | 150g Glucose | 100g Lait concentré sucré | 70g Masse gélatine | 150g Chocolat de couverture noir 70% | 400g Pâte d'amande | 350g Œufs entiers | 50g Farine | 20g Cacao en poudre | 40g Amidon de maïs | 50g Beurre fondu | 100g Huile de noisette,"1. Dans un batteur à la feuille, sabler tous les ingrédients ensemble sauf les œufs 2. Arrivé à un beau sablage, ajouter les œufs et pétrir sans corser : on arrête de pétrir lorsque la pâte est homogène 3. Filmer et conserver à 5° au réfrigérateur 4. Après refroidissement, étaler la pâte à 3 mm et découper des bandes cercles de 16 cm de diamètre 5. Laisser reposer puis cuire dans un four ventilé à 160° pendant environ 12 minutes 6. Dans un récipient, mélangez la poudre à crème, le sucre semoule et la pectine X 58 pour ajouter ce mélange en pluie sur la purée de fruits abricots 7. Faire bouillir l'ensemble environ une minute, ajouter or du feu la masse de gélatine, le beurre et mixer le tout 8. Couler dans les moules correspondant aux tailles des entremets 9. Au batteur, à la feuille, mélanger tous les ingrédients jusqu'à obtenir une pâte 10. Étaler cette pâte entre deux feuilles de plastique guitare à une épaisseur de 6 m 11. Surgeler le tout puis découper à l'aide d'une guitare des cubes de taille régulière 12. Cuire au four ventilé à 160° pendant environ 15 minutes 13. Dans une casserole, cuire ensemble le lait d'amande, les œufs et le sucre semoule jusqu'à l'ébullition 14. Hors du feu, ajouter la masse de gélatine, le beurre et mixer le tout 15. Réserver pour le montage 16. Au batteur, à la feuille mélanger le cream cheese avec la pâte de nougat 17. Faire fondre le chocolat blanc à 35° et l'ajouter progressivement au premier mélange 18. Ajoutez la masse de gélatine fondue et la crème fouettée 19. Dans une casserole cuire ensemble l'eau, le sucre semoule et le glucose à 103°, versez le tout sur le lait concentré et la masse de gélatine et enfin sur le chocolat noir 20. Mixer et réserver au réfrigérateur minimum 24 heures 21. Chauffer le glaçage à 40° est utilisé entre 30 et 35 degrés environ 22. Au robot coupe, mixer la pâte d'amande tiédie avec les œufs 23. Monter ensuite au batteur afin d'alléger le mélange 24. Ajouter la farine, le cacao poudre, l'amidon, beurre fondu et huile de noisette puis couler la totalité à une hauteur de 1 cm dans une feuille de « Flexipat » de 55 cm de long sur 36 cm de large 25. Cuire au four ventilé à 175*C pendant environ 14 minutes 26. Stocker au réfrigérateur et détailler des bandes de 22 cm de long et disposer autour du nid","« Nid gourmand de Pâques » est une recette professionnelle METRO (desserts) signée Benoit Lagache, composée de 42 ingrédients et 26 étapes, pour 4 portions, durée 1h30 min.","""Nid gourmand de Pâques"" is a professional METRO recipe (desserts) by Benoit Lagache, with 42 ingredients and 26 steps, for 4 servings.",https://www.metro.fr/inspiration/recette-chef/dessert/nid-gourmand-paques,METRO France – metro.fr/inspiration/recette-chef
METRO-REC-0045,"Paris-Brest, passion, glace passion",dessert,Desserts,Desserts,,"Avec ce Paris-Brest, passion, glace passion, offrez à vos convives une version revisitée d'un grand classique de la pâtisserie française.",6.0,3h,180.0,Difficile,Hard,42,30,"200g Farine | 10g Sucre | 2,6g Sel | 100g Beurre | 50g Œufs | 30g Eau | 62,5g Lait | 62,5g Eau | 50g Beurre | 2,5g Sel | 80g Farine | 125g Œufs | 166g Lait | 26g Sucre | 33g Jaune d'œuf | 16g Maïzena | 33g Beurre | 230g Crème pâtissière | 90g Pâte à pralinée noisette | 72g Beurre pommade | 190g Noisettes | 144g Sucre | 42g Eau | 0,2g Sel | 100g Pâte Pralinée noisette | 50g Chocolat au lait | 20g Beurre | 30g Feuillantine | 0,2g Sel | 80g Purée fruit de la passion | 20g Sucre | 1g Feuille de gélatine | 20g Crème épaisse | 200g Lait | 100g Crème | 100g Purée fruit de la passion | 45g Jaune d'œuf | 105g Sucre | 25g Beurre | 100g Sucre | 10g Beurre | 50g Crème","1. Laisser refroidir la farine, le sucre et le sel dans un cul de poule 2. Dans un robot mixeur, mélanger le beurre coupé en petit dés, y incorporer les œufs et l'eau et mixer 3. Laisser reposer au moins une heure 4. Étaler la pâte à 2mm et piquer à l'aide d'un cercle de 8cm de diamètre 5. Dans une casserole, faire chauffer le lait, l'eau, le beurre et le sel, jusqu'à l'ébullition, et ajouter la farine et mélanger 6. Remettre l'ensemble dans un cul de poule et y incorporer les œufs et mélanger 7. Pocher la pâte à chou sur la pâte brisée piquée et faire cuire 25 minutes à 180°C 8. Dans une casserole porter le lait à l'ébullition 9. Dans un cul de poule, mélanger le sucre, le jaune d'œuf et la maïzena, y incorporer le lait chaud, mélanger et remettre dans une casserole, et faire cuir 10. Éteindre le feu et ajouter le beurre, mélanger et laisser refroidi 11. Mélanger dans un robot mixeur la crème pâtissière et la pâte à pralinée noisette, et mélanger ensuite à l'aide d'un fouet le beurre pommade 12. Faire griller les noisettes au four pendant 15 minutes à 150°C 13. Faire un sirop avec le sucre et l'eau et chauffer à 112°C, y ajouter les noisettes et faire caraméliser l'ensembl 14. Ajouter le sel, étaler sur un silpat et laisser refroidir 15. Une fois refroidi, faire tourner dans un robot mixeur pour le rendre plus lisse et liquide 16. Faire chauffer tout dans un bain marie et mélanger 17. Dans une petite casserole, faire chauffer le sucre et fruit de la passion 18. Ajouter la gélatine fondue dans l'eau et laisser refroidir jusqu'à 30°C 19. Ajouter la crème épaisse et mélanger 20. Dans une casserole, faire chauffer le lait et la crème 21. Dans un cul de poule, mélanger le jaune d'œuf et le sucre, y ajouter le mélange lait/crème chauffé 22. Remettre dans une petite casserole et faire cuire jusqu'à 82°C en remuant avec une maryse 23. Y ajouter le beurre et laisser refroidir à 30°C, puis ajouter la purée de fruit de la passion 24. Faire tourner dans une turbine à glace 25. Dans une casserole, caraméliser le sucre en ajoutant le sucre petit à petit 26. Une fois que la belle couleur de caramel est obtenue, éteindre le feu et y ajouter le beurre 27. Ajouter ensuite la crème chauffée auparavant 28. Découper horizontalement la pâte à chou cuite, pocher le croustillant noisette dans le chou, ensuite la crème pralinée, et par-dessus la pâte à pralinée noisettes (en quantité suffisante), fermer avec le deuxième chou. Faire couler la sauce caramel dans le puit du Paris Brest 29. Décorer le Paris Brest avec une coque créée avec la pâte à chou, placer une boule de glace au fruit de la passion et fermer l'autre moitié de coque de pâte à chou 30. Décorer l'assiette avec quelques filets de coulis de fruit de la passion, la sauce caramel, et des noisettes torréfiées râpées ainsi que le fruit de la passion frais","« Paris-Brest, passion, glace passion » est une recette professionnelle METRO (desserts), composée de 42 ingrédients et 30 étapes, pour 6 portions, durée 3h.","""Paris-Brest, passion, glace passion"" is a professional METRO recipe (desserts), with 42 ingredients and 30 steps, for 6 servings.",https://www.metro.fr/inspiration/recette-chef/dessert/paris-brest-passion,METRO France – metro.fr/inspiration/recette-chef
METRO-REC-0046,Pavlova en coque,dessert,Desserts,Desserts,Jean-François Bury,"Notre délicieuse pavlova en coque aux fruits rouges frais et gorgés de soleil, est le dessert léger et acidulé qui éveillera toutes les papilles.",8.0,24h,1440.0,Facile,Easy,15,16,220g Blanc d'œuf | 200g Sucre | 150g Sucre glace | 500g Crème liquide 35% | 1gousse Vanille | 100g Sucre glace | 500g Coulis de fruits rouges | 7g Agar agar | 100g Framboises | 100g Fraises | 100g Myrtilles | 100g Groseilles | Pousses de betterave cress | Atsina cress | Poudre de betterave,"1. Monter les blancs à l'aide d'un batteur et d'un fouet 2. Incorporer le sucre en trois fois 3. Finir avec le sucre glace à la Maryse 4. Pocher la meringue sur des moules demi-sphères positionnés à l'envers, à l'aide d'une douille de diamètre 5 cm 5. Mettre en cuisson : 60 degrés pendant 24 heures 6. Mettre tous les ingrédients dans une cuve et faire monter à l'aide d'un fouet 7. Mettre en poche à douille 8. Mettre à chauffer le coulis de fruits rouges avec l'agar agar 9. Débarrasser et mettre à refroidir 10. Mixer la préparation obtenue, passer au chinois et mettre en pipette 11. Démouler les coques de meringues 12. Passer un coup de micro plane sur la pointe de la coque pour faire une assise stable 13. Garnir la coque de meringue avec le mélange fruits rouges préalablement taillés et le gel de fruits rouges 14. Recouvrir de chantilly à l'aide d'une poche à douille cannelée 15. Positionner quelques fruits rouges taillés ainsi que des pousses et cress de betteraves 16. Saupoudrez de poudre de betterave pour terminer le dressage","« Pavlova en coque » est une recette professionnelle METRO (desserts) signée Jean-François Bury, composée de 15 ingrédients et 16 étapes, pour 8 portions, durée 24h.","""Pavlova en coque"" is a professional METRO recipe (desserts) by Jean-François Bury, with 15 ingredients and 16 steps, for 8 servings.",https://www.metro.fr/inspiration/recette-chef/dessert/pavlova-coque,METRO France – metro.fr/inspiration/recette-chef
METRO-REC-0047,Petit nid de Pâques,dessert,Desserts,Desserts,Benoit Lagache,Sublimez les fêtes de Pâques avec cette recette de petit nid sur pâte sablée et frangipane pistache rehaussée de confits d'orange amère.,5.0,2h,120.0,Moyen,Medium,24,23,350g Beurre | 5g Sel fin | 190g Sucre glace | 65g Poudre d'amande | 4 Gousses de vanille | 560g Farine T55 | 90g Œufs entiers | 85g Beurre | 80g Poudre de pistache | 80g Sucre glace | 20g Poudre à crème | 85g Œufs entiers | 20g Rhum | 125g Crème pâtissière | 325g Pulpe d'orange amère | 18g Pectine NH | 90g Sucre semoule | 135g Sucre semoule | 225g Sirop de glucose | 2 Gousses de vanille | 450g Crème UHT 35% | 50g Glucose | 50g Sucre inverti | 620g Couverture ivoire,"1. Au batteur, à l'aide de la feuille, réaliser un sablage avec le beurre, le sel, le sucre glace, la poudre d'amande, la vanille et la farine 2. Incorporer enfin les œufs et ne pas trop corser la pâte 3. Filmer la pâte et mettre au réfrigérateur pendant 4h 4. Reprendre la pâte, abaisser au laminoir à 3 mm d'épaisseur 5. Découper des disques de 10 cm de diamètre 6. Foncer les moules à tartelette et cuire au four ventilé à 160° pendant 15 minutes environ 7. Mettre tous ces éléments ensemble avec l'accessoire feuille du batteur, tout en ajoutant les œufs entiers et le rhum 8. Mélanger le tout jusqu'à l'obtention d'une préparation lisse et homogène 9. Ajouter la crème pâtissière refroidie et mélanger à nouveau 10. Réserver pour la garniture de la tarte 11. Porter la pulpe d'orange amère et la vanille à 45°C, ajouter le mélange pectine NH-sucre (en petite quantité) 12. À ébullition, ajouter le sucre en pluie et le sirop de glucose 13. Cuire 2 minutes ou régler à 62 Brix au réfractomètre 14. Laisser refroidir 15. Lisser à la feuille, puis utiliser aussitôt 16. Chauffer la moitié de la crème, le glucose et le sucre inverti 17. Versez progressivement le mélange chaud sur le chocolat partiellement fondu, en prenant soin d'émulsionner le mélange 18. Mixer dès que possible pour parfaire l'émulsion 19. Ajouter la deuxième quantité de crème froide 20. Mixer de nouveau 21. Réservez au réfrigérateur et laisser cristalliser idéalement 12 heures minimum 22. Foisonner afin d'obtenir une texture suffisamment consistante pour travailler à la poche ou à la spatule 23. Décor de Pâques en chocolat","« Petit nid de Pâques » est une recette professionnelle METRO (desserts) signée Benoit Lagache, composée de 24 ingrédients et 23 étapes, pour 5 portions, durée 2h.","""Petit nid de Pâques"" is a professional METRO recipe (desserts) by Benoit Lagache, with 24 ingredients and 23 steps, for 5 servings.",https://www.metro.fr/inspiration/recette-chef/dessert/petit-nid-paques,METRO France – metro.fr/inspiration/recette-chef
METRO-REC-0048,"Poire Louise bonne pochée, noisette et yuzu",dessert,Desserts,Desserts,Claire Santos Lopes,,6.0,2h,120.0,Moyen,Medium,24,37,280g Lait entier | 120g Crème 35% | 95g Jaunes d'œufs | 60g Sucre semoule | 2g Stabilisateur | 60g Pâte de noisettes | 100g Beurre | 100g Cassonade | 100g Farine T45 | 105g Poudre de noisettes | 1g Fleur de sel | 250g Purée de poire Ponthier | 10g Purée de yuzu Ponthier | 20g Miel de fleurs | 3g Pectine NH | 3g Sucre semoule | 3 Poires Louise bonne | 50g Purée de poire Ponthier | 450g Eau | 2 Citrons verts | 100g Purée poire Ponthier | 5g Purée de yuzu Ponthier | 50g Eau | 1/2 Citron vert,"1. Mélanger les jaunes avec le sucre semoule et le stabilisateur 2. Faire chauffer le lait et la crème 3. Verser sur le premier mélange hors du feu 4. Remettre dans la casserole et cuire la crème anglaise à 83°C 5. Verser ensuite sur la pâte de noisette 6. Mixer, laisser reposer 12h au frais 7. Stocker ensuite à -18°C 8. Pacosser au moment du dressage 9. Mélanger le beurre pommade et la cassonade à la feuille du batteur 10. Ajouter le reste des ingrédients 11. Bien mélanger 12. Étaler entre les 2 règles les plus fines 13. Tailler à l'emporte-pièce de 90 cannelé 14. Cuire sur silpain à 180°C, 10/15min 15. Chauffer les purées et le miel 16. Ajouter ensuite le mélange sucre/pectine 17. Cuire plusieurs minutes à ébullition 18. Débarrasser, faire refroidir 19. Mixer et mettre en poche 20. Stocker à +4°C 21. Éplucher et tailler les poires en 2 22. Retirer le centre à la cuillère pomme parisienne 23. Mélanger les zestes de citron (microplane), le jus des citrons zestés, l'eau et la purée de poire 24. Mettre dans une casserole 25. Cuire à feu moyen 15 min, la poire doit rester ferme et fondante 26. Stocker à +4°C 27. Mélanger à froid tous les ingrédients et les zestes de citron vert à la microplane 28. Réserver au frais 29. Placer un streusel noisette au centre de l'assiette 30. Sur le côté gauche du streusel, disposer la poire pochée 31. Garnir le creux de la poire avec du confit 32. Recouvrir de copeaux de noisette 33. Sur l'autre côté, réaliser 2 points de confit 34. Sur le point en haut disposer une chiffonnade de poire fraiche réalisée avec une mandoline 35. Disposer la quenelle de glace noisette 36. Décorer de petites oxalys pourpre 37. Servir avec la sauce poire yuzu","« Poire Louise bonne pochée, noisette et yuzu » est une recette professionnelle METRO (desserts) signée Claire Santos Lopes, composée de 24 ingrédients et 37 étapes, pour 6 portions, durée 2h.","""Poire Louise bonne pochée, noisette et yuzu"" is a professional METRO recipe (desserts) by Claire Santos Lopes, with 24 ingredients and 37 steps, for 6 servings.",https://www.metro.fr/inspiration/recette-chef/dessert/poire-louise-noisette-yuzu,METRO France – metro.fr/inspiration/recette-chef
METRO-REC-0049,Pomelo rose – infusion aux baies des bataks sorbet pamplemousse – granité,dessert,Desserts,Desserts,Christophe Bacquié,,8.0,3h,180.0,Difficile,Hard,30,71,"1 Citron caviar | PM Sirop de grenadine | 5 Pamplemousses roses | 50g Sirop de grenadine | 125g Eau | 60g Sucre | 0,5g Citron | 65g Martini blanc | 250g Jus de pamplemousse | 175g Eau | 5jus Pamplemousses roses | 100g Sucre | 9g Baies des Bataks | 50g Isomalt | 50g Fondant pâtissier | 50g Sirop de glucose | 1 Pamplemousse rose | 300g Sirop (eau et sucre) | 250g Eau | 50g Miel | 80g Vinaigre balsamique blanc | 1/2bâton Cannelle | 1 Badiane | 1 Pamplemousse | 100g Eau | 75g Sucre | 100g Glucose | 260g Jus de pamplemousse rose | 40g Zestes de pamplemousse rose | 160g Segments pamplemousse rose","1. Gratter le citron caviar 2. Faire mariner avec le sirop de grenadine 3. Laver 4. Peler les pamplemousses roses 5. Prélever les segments avec le jus 6. Prendre une casserole 7. Ajouter les ingrédients 8. Porter à frémissement 9. Laisser sur le coin du feu sans jamais porter à ébullition ou faire trop chauffer 10. Égoutter si besoin pour ne pas cuire trop longtemps 11. Mettre la compotée cuite sur du papier absorbant pour bien l'égoutter 12. Zester le citron 13. Faire un sirop eau-sucre 14. Ajouter les zestes de citron 15. Infuser 10 minutes 16. Chinoiser 17. Verser dans le jus de pamplemousse rose - Martini blanc 18. Faire refroidir en plaque 19. Donner un coup de fouet régulièrement 20. Prendre une casserole 21. Ajouter eau-sucre 22. Porter à ébullition 23. Ajouter le jus de pamplemousse rose, les baies des Bataks 24. Infuser 15 minutes 25. Chinoiser 26. Réserver au réfrigérateur 27. Verser les suprêmes 28. Faire mariner 24 h 29. Cuire le mélange à 170°C 30. Débarrassez sur silpat 31. Concasser 32. Mixer au robocoup pour obtenir une poudre 33. Prendre un emporte-pièce de 75 mm 34. Tamiser sur silpat en disque 35. Saupoudrer de la baie des Bataks 36. Cuire à 180°C pendant 2 minutes, ventilation 1 37. Laisser refroidir 38. Décoller du silpat 39. Conserver en boite hermétique 40. Faire le sirop la veille 41. Blanchir trois fois le pamplemousse rose 42. Le refroidir plusieurs fois 43. Le piquer avec une aiguille 44. Congeler 45. Tailler des tranches 46. Confire le pamplemousse rose sans trop chauffer 47. Égoutter 48. Tailler en cubes 49. Ajouter du sirop frais 50. Conserver au réfrigérateur 51. Prélever les segments du pamplemousse 52. Faire bouillir tous les ingrédients 53. Les faire tiédir 54. Verser sur les segments 55. Les faire mariner 24 h au réfrigérateur 56. Égoutter 57. Tailler des petits cubes 58. Faire bouillir l'eau, le sucre, le glucose et les zestes de pamplemousse 59. Refroidir 60. Mixer le tout au Bamix 61. Couler dans un bol Paco 62. Poser un cercle de 75 mm dans une assiette 63. Étaler 25 g de compote de pamplemousse 64. Mettre 6 suprêmes de pamplemousse 65. Mettre 3 morceaux de pickles et 3 morceaux de confits de pamplemousse sur les suprêmes 66. Ajouter citron caviar 67. Retirer le cercle 68. Déposer l'opaline 69. Poser le sorbet 70. Mettre le granité de pamplemousse dans l'assiette 71. Verser l'infusion de baies des Bataks","« Pomelo rose – infusion aux baies des bataks sorbet pamplemousse – granité » est une recette professionnelle METRO (desserts) signée Christophe Bacquié, composée de 30 ingrédients et 71 étapes, pour 8 portions, durée 3h.","""Pomelo rose – infusion aux baies des bataks sorbet pamplemousse – granité"" is a professional METRO recipe (desserts) by Christophe Bacquié, with 30 ingredients and 71 steps, for 8 servings.",https://www.metro.fr/inspiration/recette-chef/dessert/pomelo-rose-infusion-baies-bataks,METRO France – metro.fr/inspiration/recette-chef
METRO-REC-0050,"Pomme confite, caramel de foin",dessert,Desserts,Desserts,Coline Faulquier,,4.0,1h,60.0,Difficile,Hard,7,20,4 Pommes Pink Lady | 500g Sucre | 1L Crème liquide | 200g Foin | 100g Blanc d'œuf liquide | 50g Sucre glace | 1 branche Thym,"1. Placer dans la cuve du batteur le blanc d'œuf avec le sucre glace 2. Fouetter à l'aide d'un fouet jusqu'à ce que le mélange soit mousseux et se tienne 3. Incorporer délicatement pendant que ça tourne à petite vitesse, 100 g de sucre. La meringue doit se tenir et être brillante 4. La mettre en poche à douille et pocher sur un papier sulfurisé 5. Cuire 3 h à 90° C au four 6. Éplucher les pommes, les tailler grossièrement et les mettre à chauffer en casserole avec 50 g de sucre 7. Cuire jusqu'à ce que les pommes s'écrasent entre deux doigts 8. Mouler dans des billes en silicone et faire prendre au froid négatif 9. Placer le foin dans une grande casserole 10. Le flamber à l'aide d'un chalumeau et éteindre en versant la crème liquide dessus 11. En parallèle dans une autre casserole, mettre le sucre à fondre 12. Lorsqu'il devient brun, qu'il commence à caraméliser, verser la crème au foin dessus 13. Faire cuire pendant 20 min 14. Débarrasser et laisser refroidir 15. Monter la crème liquide restante en la fouettant au robot 16. Ajouter 20 g de sucre et les pluches de thym frais 17. Réserver en poche 18. Disposer dans une assiette creuse les billes de pommes compotées et attendre qu'elles décongèlent 19. Disposer ensuite des points de crème montée au thym et y ajouter au milieu le caramel de foin 20. Terminer par quelques lamelles de pommes crues et quelques pluches de thym frais. Servir le restant du caramel à part","« Pomme confite, caramel de foin » est une recette professionnelle METRO (desserts) signée Coline Faulquier, composée de 7 ingrédients et 20 étapes, pour 4 portions, durée 1h.","""Pomme confite, caramel de foin"" is a professional METRO recipe (desserts) by Coline Faulquier, with 7 ingredients and 20 steps, for 4 servings.",https://www.metro.fr/inspiration/recette-chef/dessert/pomme-confite-caramel-foin,METRO France – metro.fr/inspiration/recette-chef
METRO-REC-0051,"Pomme tapée au Galabé et aux Épices, Ravioles de Cédrat confit et Sorbet Gingembre-Mangue",dessert,Desserts,Desserts,Jérome Devreese,,20.0,6h,360.0,Moyen,Medium,12,36,"Pommes reinette grise du Canada (origine France) | Sirop de galabé | Cidre | Épices selon économat : vanille, cannelle, badiane, anis étoilé, poivre, poivre long, etc | 1 Cédrat ou main de Bouddha de gros calibre | Eau | 10% du poids du cédrat Sucre semoule | 1L Eau | 300g Sucre semoule | 15g Stabilisateur à glace | 3g Acide ascorbique | Gingembre mangue frais","1. Sélectionner des pommes reinette grise du Canada, fermes et régulières 2. Éplucher les pommes puis retirer le cœur 3. Tailler les pommes en quartiers réguliers 4. Réaliser un caramel à sec dans une poêle jusqu'à une coloration ambrée 5. Déposer les quartiers de pommes dans le caramel 6. Enrober soigneusement pour les caraméliser légèrement sur toutes les faces 7. Déglacer au cidre pour stopper la cuisson et apporter complexité aromatique 8. Ajouter le sirop de galabé ainsi que les épices (vanille, cannelle, badiane, poivre, poivre long, etc ) 9. Bien enrober les pommes dans le jus de cuisson parfumé 10. Débarrasser en bac gastro inox avec le jus de cuisson 11. Enfourner à 160°C en chaleur sèche pendant environ 10 min pour bien les glacer et les imprégner 12. Égoutter légèrement si nécessaire 13. Disposer sur plaques adaptées au déshydrateur 14. Déshydrater à 70°C pendant environ 3 h jusqu'à obtention d'une texture réellement tapée 15. Réserver en bac hermétique au froid positif, légèrement nappées de leur jus réduit si besoin 16. Sélectionner un cédrat ou une main de Bouddha de gros calibre 17. Laver et sécher soigneusement l'agrume 18. Tailler très finement à la machine à jambon (environ 1 mm d'épaisseur) 19. Disposer les lamelles dans un sac sous vide sans trop les superposer 20. Ajouter de l'eau dans le sac 21. Ajouter le sucre à hauteur d'environ 10% du poids du cédrat pour créer un sirop léger 22. Mettre sous vide pour assurer une bonne imprégnation 23. Cuire au thermoplongeur à 70°C pendant 1 h 24. Refroidir en cellule de refroidissement 25. Conserver au froid dans son sirop jusqu'à utilisation pour la réalisation des ravioles 26. Mélanger à sec le sucre, le stabilisateur et l'acide ascorbique 27. Incorporer ce mélange dans l'eau en fouettant 28. Chauffer jusqu'à parfaite dissolution des matières sèches 29. Concasser grossièrement le gingembre mangue 30. Ajouter le gingembre mangue concassé dans le sirop chaud 31. Mixer au Thermomix pour homogénéiser la base 32. Débarrasser en bac et filmer au contact 33. Laisser infuser 24 h au réfrigérateur 34. Regoûter et ajuster si nécessaire 35. Stocker au congélateur 36. Utiliser au Pacojet ou à la turbine à glace selon l'organisation de production","« Pomme tapée au Galabé et aux Épices, Ravioles de Cédrat confit et Sorbet Gingembre-Mangue » est une recette professionnelle METRO (desserts) signée Jérome Devreese, composée de 12 ingrédients et 36 étapes, pour 20 portions, durée 6h.","""Pomme tapée au Galabé et aux Épices, Ravioles de Cédrat confit et Sorbet Gingembre-Mangue"" is a professional METRO recipe (desserts) by Jérome Devreese, with 12 ingredients and 36 steps, for 20 servings.",https://www.metro.fr/inspiration/recette-chef/dessert/pomme-galabe-ravioles-confit-sorbet,METRO France – metro.fr/inspiration/recette-chef
METRO-REC-0052,Profiteroles chocolat vanille façon bistrot,dessert,Desserts,Desserts,Jean-François Bury,Proposez à vos clients de délicieuses profiteroles chocolat et cœur de vanille.,8.0,35 min,35.0,Moyen,Medium,26,16,"0,5L Eau | 0,5L Lait | 450g Beurre | 10g Sel | 10g Sucre | 550g Farine | 750g Œuf | 150g Sucre rocher | 0,5L Lait | 100g Jaunes d'œufs | 90g Sucre | 23g Farine | 23g Maïzena | 3feuilles Gélatine | 300g Crème montée | 250g Beurre | 100g Sucre glace | 40g Blancs d'œuf | 285g Farine | 1,250kg Beurre | 150g Sucre de canne | 150g Farine | Env 45ml par choux | 150g Chocolat 70% | 30g Beurre | 150g Lait entier","1. Réaliser une pâte à choux 2. Coucher un gros chou et recouvrir d'un disque de craquelin 3. Une fois cuit, le garnir par-dessous de crème diplomate et de glace vanille 4. Verser le lait bouillant sur 200 g de jaunes d'œufs blanchis avec 180 g de sucre + 46 g de farine et 46 g de maïzena 5. Cuire sur le feu jusqu'à ébullition 6. Ajouter 3 feuilles de gélatine 7. Filmer à contact, refroidir 8. Une fois froide, ajouter la crème montée 9. Réaliser une pâte sucrée 10. Crémer le beurre avec le sucre glace. Ajouter les blancs d'œuf et la farine. Fraiser et étaler. 11. Tailler un disque d'environ 10cm de diamètre. Puis à l'aide d'un emporte-pièce, réaliser des petits trous de différentes tailles et de manière non régulière sur le disque. 12. Le cuire ensuite au four 13. Faire chauffer et mélanger tous les ingrédients 14. Disposer le chou garni au milieu de l'assiette creuse 15. Ajouter sur le dessus le disque ajouré de pâte sucré 16. Verser le chocolat chaud devant le client à travers les petits trous pour plus de gourmandise","« Profiteroles chocolat vanille façon bistrot » est une recette professionnelle METRO (desserts) signée Jean-François Bury, composée de 26 ingrédients et 16 étapes, pour 8 portions, durée 35 min.","""Profiteroles chocolat vanille façon bistrot"" is a professional METRO recipe (desserts) by Jean-François Bury, with 26 ingredients and 16 steps, for 8 servings.",https://www.metro.fr/inspiration/recette-chef/dessert/profiterole-facon-bistrot,METRO France – metro.fr/inspiration/recette-chef
METRO-REC-0053,Recette de la tartelette au chocolat,dessert,Desserts,Desserts,,,10.0,20 min,20.0,Moyen,Medium,11,12,"20g Beurre doux | 20g Sucre glace | 2g Sel | 50g Oeufs | 1g Vanille liquide | 25g Poudre d'amandes | 210g Farine | 1,5g Levure chimique | 175g Crème liquide | 20g Beurre doux | 175g Chocolat force noire 55% cacao","1. Mélanger au batteur avec la feuille le beurre pommade et le sucre glace 2. Le mélange doit être lisse et homogène 3. Ajouter 2g de sel, 50g d'oeuf et 1g de vanille liquide 4. Ajouter ensuite 25g de poudre d'amandes, 210g de farine & 1,5g de levure chimique 5. Dès que la pâte se décolle des bords de la cuve du batteur, réserver au frais 6. Étaler dans des moules individuels de 90mm de diamètre 7. Cuire à blanc au four à 160°C 8. Bouillir 175g de crème liquide avec le beurre doux 9. Verser et mélanger au fouet sur le chocolat de votre choix 10. Le mélange doit être lisse, onctueux et homogène 11. Garnir les tartelettes et réserver au frais 12. Les sortir 5-10 minutes avant l'envoi","« Recette de la tartelette au chocolat » est une recette professionnelle METRO (desserts), composée de 11 ingrédients et 12 étapes, pour 10 portions, durée 20 min.","""Recette de la tartelette au chocolat"" is a professional METRO recipe (desserts), with 11 ingredients and 12 steps, for 10 servings.",https://www.metro.fr/inspiration/recette-chef/dessert/tartelette-chocolat,METRO France – metro.fr/inspiration/recette-chef
METRO-REC-0054,"Rhubarbe, agastache et Martini",dessert,Desserts,Desserts,Yannick Piotrowski,,2.0,45 min,45.0,Moyen,Medium,26,15,"120g Sucre | 10g Jus de rhubarbe | 100g Rhubarbe | 220g Sirop rhubarbe | 75g Eau | 18g Jus citron vert | 10g Dextrose | 2g Agastache | 18g Sucre | 32g Rhubarbe verte | 100g Agastache fraiche | 50g Jus de rhubarbe filtré | 18g Glucose | 1,4g Gélatine | 100g Lait | 150g Crème | 100g Jaunes d'oeuf | 40g Sucre | 100g Jus rhubarbe | 40g Martini | 100g Lait d'amande | 10g Glucose | 12g Martini | 10g Blanc | 5g Feuille d'agastache | 10g Sucre","1. Chauffer l'eau, ajouter le sucre et faire bouillir 2. Mettre la rhubarbe avec le sirop dans une poche sous vide, cuire en vapeur a 70°C pendant 15/20 minutes 3. Faire chauffer l'eau, le jus de citron vert 4. Ajouter les poudres mélangées 5. Refroidir, peser 600g par paco, ajouter la rhubarbe et l'agastache 6. Pacosser 2 fois avant utilisation 7. Chauffer les liquides et le glucose, puis ajouter la gélatine. Réserver 8. Chauffer les liquides et le glucose, puis ajouter la gélatine. Réserver 9. Réaliser une crème semi-épaisse avec le lait, crème, jaunes, sucre 10. Cuire à ébullition et mixer 11. Hors du feu, ajouter les autres liquides 12. Mettre en siphon et gazer 1 fois 13. Mélanger tous les ingrédients à froid et mixer 14. Étaler au pinceau le blanc sur les feuilles et saupoudrer ensuite du sucre semoule 15. Sécher a 85°C","« Rhubarbe, agastache et Martini » est une recette professionnelle METRO (desserts) signée Yannick Piotrowski, composée de 26 ingrédients et 15 étapes, pour 2 portions, durée 45 min.","""Rhubarbe, agastache et Martini"" is a professional METRO recipe (desserts) by Yannick Piotrowski, with 26 ingredients and 15 steps, for 2 servings.",https://www.metro.fr/inspiration/recette-chef/dessert/rhubarbe-agastache-martini,METRO France – metro.fr/inspiration/recette-chef
METRO-REC-0055,Tarte chocolat façon tiramisu,dessert,Desserts,Desserts,Rodolphe Regnauld,Le classique de la tarte au chocolat revisitée façon tiramisu pour surprendre et émerveiller vos clients.,10.0,1h30 min,90.0,Difficile,Hard,41,26,100g Beurre | 100g Farine | 100g Sucre | 70g Poudre de noisette | 50g Cacao | 66cl Lait | 33cl Crème | 200g Jaune d'œuf | 100g Sucre | 3g Stabilisateur | 100g Café | 200g Farine | 72g Sucre glace | 32g Poudre d'amande | 120g Beurre | 1 Œuf | 10g Cacao | 2g Café en poudre | 120g Lait | 50g Crème | 80g Jaunes d'œuf | 20g Sucre | 85g Chocolat tulakalum | 400g Blancs d'œufs | 220g Sucre semoule | 200g Jaunes d'œuf | 200g Beurre sec | 70g Farine | 425g Chocolat tulakalum | 200g Lait | 40g Crème | 260g Chocolat | 5g Gélatine | 4 Jaunes d'œufs | 250g Mascarpone | 250g Crème | 4 Blancs d'œufs | 120g Sucre | 400g Café | 14g Gélifiant végétal | 200g Chocolat tulakalum,"1. Tout mettre dans un batteur, mélanger, plaquer et cuire à 180°C pendant 10 minutes 2. Écraser au rouleau à pâtisserie jusqu'à obtention d'une terre 3. Torréfier le café 5 minutes à 150° C puis infuser 24h dans le lait 4. Réaliser une crème anglaise 5. Laisser maturer une nuit et mettre dans un bol paco au congélateur 6. Pacosser au moment 7. Tout réunir dans la cuve d'un batteur et mélanger jusqu'à obtention d'une pâte homogène 8. Laisser reposer au frais 2h. Étaler à 3 mm et foncer les tartes 9. Cuisson 14 minutes à 160°C 10. Blanchir le sucre et les jaunes 11. Bouillir le lait et la crème et verser sur les jaunes 12. Cuire à 180° C, verser le chocolat et mettre un coup de mixer 13. Conserver au frais 14. Mélanger les blancs et le sucre 15. Ajouter les jaunes dans le chocolat et le beurre fondu à 50°C 16. Ajouter les blancs en 3 fois puis la farine tamisée. Cuire à 170/190°C 17. Chauffer le lait et la crème, incorporer la gélatine, et verser sur le chocolat fondu 18. Laisser prendre au frais minimum 24h 19. Monter les jaunes et le sucre, monter le mascarpone et la crème en chantilly, et incorporer dans les jaunes 20. Monter les blancs en neige et incorporer dans l'appareil au mascarpone et conserver au frais 21. Bouillir et couler en plaque. Laisser prendre au frais puis emporte-piècer 22. Prendre une feuille de papier transfert et mettre le chocolat tulakalum au point (fondre à 42°C, descendre à 28°C et remonter à 30°C) 23. Étaler finement et détailler des disques à l'emporte-pièce 24. Mettre un peu de crémeux au fond de l'assiette pour éviter que la tartelette ne glisse 25. Dans le fond de la tarte mettre du namelaka, puis de la terre de chocolat, suivi du crémeux, de la glace au café, et recouvrir de tiramisu 26. Disposer le voile de café puis un décor en chocolat","« Tarte chocolat façon tiramisu » est une recette professionnelle METRO (desserts) signée Rodolphe Regnauld, composée de 41 ingrédients et 26 étapes, pour 10 portions, durée 1h30 min.","""Tarte chocolat façon tiramisu"" is a professional METRO recipe (desserts) by Rodolphe Regnauld, with 41 ingredients and 26 steps, for 10 servings.",https://www.metro.fr/inspiration/recette-chef/dessert/tarte-chocolat-facon-tiramisu,METRO France – metro.fr/inspiration/recette-chef
METRO-REC-0056,Tarte chocolat Timut,dessert,Desserts,Desserts,,Surprenez vos clients avec cette recette de dessert au chocolat aussi onctueux que croquant grâce au mariage du biscuit et de la ganache.,20.0,30 min,30.0,Moyen,Medium,23,25,240g Beurre fin | 500g Farine T55 | 160g Sucre glace | 60g Poudre d'amandes | 4g Sel | 80g Œufs | 200g Beurre fin | 200g Chocolat de couverture | 80g Farine | 20g Fécule | 200g Blancs d'œufs | 200g Sucre semoule | 320g Crème | 40g Glucose | 10g Poivre de Timut | 270g Chocolat de couverture | 80g Beurre frais | 300g Grué de cacao | 100g Lait | 140g Beurre frais | 100g Glucose | 300g Sucre semoule | 5g Pectine NH,"1. Sabler le beurre avec toutes les poudres et le sel 2. Ajouter les œufs pour terminer le mélange 3. Réserver au froid avant d'abaisser à 2 mm environ 4. 150°C à blanc 5. Dorer les fonds mi-cuisson 6. Fondre le beurre 7. Verser sur la couverture ajouter la farine tamisée avec la fécule 8. Incorporer les blancs montés avec le sucre 9. Sur une feuille cuisson, cuire à 190°C 10. Chauffer la crème à 90°C avec le glucose et le poivre de Timut 11. Laisser infuser à couvert 20 mn 12. Filtrer, chauffer légèrement puis verser sur la couverture hachée 13. Mélanger jusqu'à l'obtention d'une ganache homogène 14. Incorporer le beurre 15. Mixer afin de lisser parfaitement 16. Verser la préparation sur les palets de chocolat 17. Porter à ébullition le lait, le beurre, le glucose 18. Ajouter le sucre et la pectine de pommes mélangés ensemble 19. Porter à ébullition avec le grué 20. Étaler entre 2 feuilles de cuisson, cuire à 180°C 21. Détailler à la sortie du four. Laisser refroidir avant de pulvériser une masse à pistolet sur chaque face 22. Déposer une noisette de ganache dans les fonds de tartelettes cuites 23. Appliquer le biscuit chocolat en pressant légèrement 24. Finir de garnir les tartelettes avec la ganache jusqu'au bord 25. Poser les disques de nougatine au grué de cacao et un éclat de feuille d'or","« Tarte chocolat Timut » est une recette professionnelle METRO (desserts), composée de 23 ingrédients et 25 étapes, pour 20 portions, durée 30 min.","""Tarte chocolat Timut"" is a professional METRO recipe (desserts), with 23 ingredients and 25 steps, for 20 servings.",https://www.metro.fr/inspiration/recette-chef/dessert/tarte-chocolat-timut,METRO France – metro.fr/inspiration/recette-chef
METRO-REC-0057,Tarte partage,dessert,Desserts,Desserts,Benoit Lagache,Régalez vos clients avec cette recette festive de tarte au décor chocolat et macaron sur ganache montée lactée et frangipane noisette.,4.0,1h,60.0,Moyen,Medium,18,16,350g Beurre | 5g Sel fin | 190g Sucre glace | 65g Poudre d'amande | 4 gousses Vanille | 560g Farine T55 | 90g Œufs entiers | 85g Beurre | 80g Poudre de noisette | 80g Sucre glace | 20g Poudre a Crème | 85g Œufs entiers | 20g Rhum | 125g Crème pâtissière | 450g Crème UHT 35% | 50g Glucose | 50g Sucre inverti | 620g Couverture lactée,"1. Au batteur à l'aide de la feuille réaliser un sablage avec le beurre, le sel, le sucre glace, la poudre d'amandes, la vanille et la farine 2. Incorporez enfin les œufs et ne pas trop corser la pâte 3. Filmer la pâte et mettre au réfrigérateur pendant quatre heures 4. Reprendre la pâte, abaisser au laminoir à 3 mm d'épaisseur, et découper des disques de 20 cm de diamètre 5. Foncer une tarte et cuire au four ventilé à 160° pendant 15 minutes environ 6. Mélanger tous ces éléments ensemble avec l'accessoire feuille du batteur, tout en ajoutant les œufs entiers et le rhum 7. Mélanger le tout jusqu'à l'obtention d'une préparation lisse et homogène 8. Ajouter la crème pâtissière refroidie et mélanger à nouveau 9. Réserver pour la garniture de la tarte 10. Chauffer la petite quantité de crème, le glucose et le sucre inverti 11. Versez progressivement le mélange chaud sur le chocolat partiellement fondu, en prenant soin d'émulsionner le mélange 12. Mixer dès que possible pour parfaire l'émulsion 13. Ajouter la deuxième quantité de crème froide 14. Mixer de nouveau 15. Réservez au réfrigérateur et cristalliser idéalement 12 heures 16. Foisonner afin d'obtenir une texture suffisamment consistante pour travailler à la poche ou à la spatule","« Tarte partage » est une recette professionnelle METRO (desserts) signée Benoit Lagache, composée de 18 ingrédients et 16 étapes, pour 4 portions, durée 1h.","""Tarte partage"" is a professional METRO recipe (desserts) by Benoit Lagache, with 18 ingredients and 16 steps, for 4 servings.",https://www.metro.fr/inspiration/recette-chef/dessert/tarte-partage,METRO France – metro.fr/inspiration/recette-chef
METRO-REC-0058,Tarte soufflée à la châtaigne et poire williams,dessert,Desserts,Desserts,,,6.0,30 min,30.0,Difficile,Hard,20,17,"150g Pâte de châtaigne | 90g Beurre | 33g Œuf entier | 24g Jaune d'œufs | 13g Sucre | Rhum | 100g Beurre | 1,5g Sel | 50g Poudre d'amande | 50g Sucre glace | 41,5g Œuf entier | 200g Farine | 250g Pulpe de poire | 20g Glucose AT | 27,5g Sucre | 115g Eau | 1g Stabilisateur | 12,5g Jus de citron jaune | 250g Poire williams | Fleurs comestibles au choix","1. Chauffer l'eau, le sucre et le glucose AT à 60° C 2. Ajouter le stabilisateur et faire bouillir pendant 1 à 2 minutes 3. Ajouter le jus de citron et laisser reposer le sirop toute la nuit 4. Mélanger le sirop et la pulpe de poire 5. Turbiner 6. Mélanger tous les ingrédients sauf les œufs jusqu'à obtenir une texture sableuse 7. Ajouter les œufs et mélanger pour obtenir une pâte homogène 8. Débarrasser et laisser reposer une nuit 9. Étaler et foncer dans des cercles à tarte individuels 10. Cuire à 165° C environ 10 minutes 11. Faire fondre la pâte de châtaigne avec le beurre au bain-marie 12. En parallèle, préparer un sabayon dans un robot : mélanger doucement au fouet les œufs, les jaunes et le sucre jusqu'à ce que le mélange blanchisse et fasse le bec d'oiseau 13. Mélanger délicatement le sabayon et le beurre de marron 14. Ajouter ensuite le rhum 15. Pocher dans les fonds de tarte préalablement cuits puis refroidis 16. Enfourner à 170° C pendant 10 minutes pour faire souffler le sabayon 17. Dresser les tartelettes et réaliser une quenelle de glace, décorer avec des tranches fines de poire Williams crues et les fleurs de votre choix","« Tarte soufflée à la châtaigne et poire williams » est une recette professionnelle METRO (desserts), composée de 20 ingrédients et 17 étapes, pour 6 portions, durée 30 min.","""Tarte soufflée à la châtaigne et poire williams"" is a professional METRO recipe (desserts), with 20 ingredients and 17 steps, for 6 servings.",https://www.metro.fr/inspiration/recette-chef/dessert/tarte-chataigne-poire-williams,METRO France – metro.fr/inspiration/recette-chef
METRO-REC-0059,Tartelette aux agrumes meringuée et chartreuse,dessert,Desserts,Desserts,,"Surprenez vos convives avec cette tartelette aux agrumes parfumée à la chartreuse, au citron et au yuzu.",1.0,2h20 min,140.0,Moyen,Medium,31,25,"140g Beurre | 190g Farine | 2,5g Sel fin | 125g Sucre | 60g Jaune | 10g Baking | 120g Œufs | 70g Sucre | 17g MG | 45g Purée citron jaune | 15g Chartreuse verte | 40g Purée yuzu | 95g Dés de beurre doux | 80g Blanc | 80g Sucre semoule | 60g Sucre glace tamisé | 4g Acide citrique | 2g Poudre de sapin | 120g Citron jaune | 70g Purée citron jaune | 30g Chartreuse | 50g Sucre | Sirop | 500g Eau | 250g Sucre | 200g Eau | 50g Purée citron jaune | qs. Scintillant argent | 12g Gelée végétale | 125g Eau | 25g Poudre gélatine poisson","1. Sabler tous les éléments ensemble en terminant par les jaunes 2. Abaisser à 5mm entre deux feuilles sulfurisées puis emporte pièce 8cm de diamètre 3. Cuire en cercle à tartelette diamètre 8, 12 min à 160° 4. Blanchir jaune et sucre, chauffer les jus et la chartreuse, mélanger l'ensemble et porter à ébullition 5. Ajouter hors du feu la MG et le beurre puis mixer au basmix 6. Mouler en sphère et congeler 7. Monter les blancs, serrer avec le sucre semoule petit à petit 8. Ajouter le sucre glace, l'acide citrique et la poudre de sapin à la maryse en 2 fois 9. Rincer les citrons 10. Tailler en quartier et épépiner 11. Mixer au robot coupe avec les autres éléments 12. Cuire à feux doux jusqu'à texture confiture 13. Stocker en poche 14. Tailler le citron en 4, retirer la nervure centrale et les pépins 15. Blanchir le citron 4 fois dans l'eau bouillante départ eau froide 16. Porter le sirop à ébullition puis confire les citrons plusieurs heures jusqu'à texture souhaité en ne dépassant pas 70° 17. Porter l'ensemble à ébullition 18. Utiliser bien chaud pour tremper les sphères de citrons 19. Mélanger ensemble et laisser au froid 30 min 20. Prêt à utiliser 21. Sur le sablé breton, pocher 10 g de confit citron, bien lisser puis pocher la meringue française 22. Flamber légèrement au chalumeau 23. Napper la sphère crémeux agrumes dans le nappage citron puis déposer au centre du sablé 24. Tailler des morceaux de citrons confits et les disposer sur la sphère 25. Finir en ajoutant quelques mélisse cress","« Tartelette aux agrumes meringuée et chartreuse » est une recette professionnelle METRO (desserts), composée de 31 ingrédients et 25 étapes, pour 1 portion, durée 2h20 min.","""Tartelette aux agrumes meringuée et chartreuse"" is a professional METRO recipe (desserts), with 31 ingredients and 25 steps, for 1 serving.",https://www.metro.fr/inspiration/recette-chef/dessert/tartelette-agrume,METRO France – metro.fr/inspiration/recette-chef
METRO-REC-0060,"Tartelette de fruits et légumes de saison, base butternut, salsifis, brocoli et clémentine",dessert,Desserts,Desserts,,"Surprenez le palais de vos clients avec cette recette de tartelette qui associe butternut, salsifis, brocoli et clémentine.",6.0,45 min,45.0,Moyen,Medium,10,13,1 Butternut | 100g Beurre | 1 Brocoli | 100g Beurre | 1 Romanesco | 250g Salsifis | 1L Huile de tournesol | 4 Clémentines | 100g Beurre | 2brins Thym,"1. Laver et cuire le butternut entier au four à 160°C environ 20 minutes 2. Veiller à ce qu'il reste ferme 3. Découper 6 tranches de 1 cm d'épaisseur, puis remettre le reste à cuire environ 10 minutes supplémentaires 4. Épépiner, mixer le reste du butternut avec 100 g de beurre 5. Rectifier l'assaisonnement 6. Blanchir les brocolis environ 8 minutes, puis le mixer avec 100 gr de beurre, assaisonner et réserver au frais 7. Détailler le chou romanesco en sommité, blanchir puis glacer directement, réserver au frais 8. Éplucher et blanchir les ¾ des salsifis puis tailler des tronçons de 3 et 2 cm 9. Avec le reste des salsifis faire des lamelles avec un économe puis les faire frire dans un bain d'huile à 170°C 10. Éplucher les clémentines puis séparer les segments, les faire griller avec le chalumeau 11. Faire revenir dans une poêle au moment du dressage les tranches de butternut, les salsifis, les sommités de romanesco avec beurre et thym 12. Dans une assiette positionner le socle de butternut dans le fond, ajouter de l'onctueux de butternut et l'onctueux de brocoli 13. Positionner les légumes revenus au beurre harmonieusement sur cette tartelette. Finir avec les clémentines et les chips de salsifis","« Tartelette de fruits et légumes de saison, base butternut, salsifis, brocoli et clémentine » est une recette professionnelle METRO (desserts), composée de 10 ingrédients et 13 étapes, pour 6 portions, durée 45 min.","""Tartelette de fruits et légumes de saison, base butternut, salsifis, brocoli et clémentine"" is a professional METRO recipe (desserts), with 10 ingredients and 13 steps, for 6 servings.",https://www.metro.fr/inspiration/recette-chef/dessert/tartelette-fruit-legume-saison,METRO France – metro.fr/inspiration/recette-chef
METRO-REC-0061,Tartelette marron et confit clémentine,dessert,Desserts,Desserts,,Testez cette tartelette au marron et clémentine. Confit clémentine et ganache marron : l'équilibre des saveurs de cette création va vous surprendre.,4.0,12 h,720.0,Moyen,Medium,25,31,255g Beurre doux | 160g Sucre glace | 50g Poudre d'amande | 100g Œufs entiers (2 pièces) | 1pincée Fleur de sel | 430g Farine T45 | 150g Eau | 75g Sucre | 100g Clémentine | ¼ Gousse de vanille | 85g Marrons entiers à sec | 45g Chocolat au lait | 70g Sucre semoule | 50g Farine de châtaigne | 220g Beurre | 100g Œufs entiers (2 pièces) | 20g Chocolat au lait | 10g Casse gélatine | 215g Crème 35% MG | 65g Pâte de marron | 85g Crème de marron | 4g Cognac | 50g Chocolat blanc | 2 Clémentines fraiches | 15g Graines de sarrasin grillées,"1. Travailler la farine et le beurre pommade (mou) au batteur muni de la feuille 2. Une fois le mélange homogène, ajouter les œufs puis la poudre d'amande 3. Une fois mélangé (sans morceaux de beurre), remplacer la feuille par le crochet, y ajouter la farine puis fraser le tout à petite vitesse 4. Débarrasser sur une plaque, filmer au contact puis stocker au frais pendant 1h 5. Étaler la pâte à environ 5 mm, détailler un disque de 2,5 cm de plus que votre moule à tarte 6. Foncer le moule à tarte puis cuire 25 min à 165°C 7. Laver les clémentines puis les piquer avec un pic à brochette à plusieurs endroits 8. Réaliser un sirop avec le sucre, l'eau et la vanille 9. Y plonger les clémentines entières avec la peau 10. Couvrir le tout de papier sulfurisé et cuire à feu très doux pendant douze heures 11. Récupérer les clémentines puis mixer le tout afin d'obtenir un confit 12. Tempérer et mélanger les œufs avec le sucre 13. Au batteur, commencer à ramollir le beurre puis ajouter le chocolat fondu pas trop chaud 14. Ajouter petit à petit le mélange œuf sucre 15. Couper les marrons dans la farine tamisée puis sabler 16. Ajouter la farine mélangée aux débris 17. Etaler sur une plaque recouverte d'un papier sulfurisé 18. Cuire 15 min à 175°C 19. Détailler des disques de 5,5 cm de diamètre 20. Mettre dans un bol le chocolat au lait, la crème de marron et la pâte de marron 21. Chauffer la crème et verser une partie sur le premier mélange pour réaliser une ganache 22. Faire fondre la gélatine dans le reste de crème 23. Verser sur la ganache, ajouter le cognac et les gousses de vanille grattées (sans mettre les gousses dedans) 24. Mixer le tout, filmer au contact et réserver au frais au moins 12h 25. Monter au fouet jusqu'à obtention d'une texture souhaitée 26. Déposer le disque de biscuit marron dans le fond de tarte 27. Recouvrir puis lisser avec le confit de clémentine 28. À l'aide d'une poche à douille munie d'une grosse douille unie, pocher une belle boule de ganache montée aux marrons au centre de la tarte 29. Déposer un disque de chocolat blanc puis appuyer doucement de façon à créer un boudin sur les rebords de la tarte 30. Garnir le centre avec des segments de clémentine coupés en 3 31. Déposer ensuite des copeaux de marrons sur la tarte puis parsemer de graines de sarrasin grillées","« Tartelette marron et confit clémentine » est une recette professionnelle METRO (desserts), composée de 25 ingrédients et 31 étapes, pour 4 portions, durée 12 h.","""Tartelette marron et confit clémentine"" is a professional METRO recipe (desserts), with 25 ingredients and 31 steps, for 4 servings.",https://www.metro.fr/inspiration/recette-chef/dessert/tartelette-marron-clementine,METRO France – metro.fr/inspiration/recette-chef
METRO-REC-0062,Tartelette à la groseille à maquereau meringuée,dessert,Desserts,Desserts,Denise Henquet,,6.0,1h,60.0,Moyen,Medium,19,18,45g Sucre glace | 15g Poudre d'amandes | 125g Farine T55 | 1g Sel doux | 55g Beurre doux | 28g Œuf | 100g Beurre doux | 100g Poudre d'amande | 100g Sucre semoule | 100g Œuf | 1zeste Citron jaune bio | 450g Groseilles à maquereaux nettoyées | 100g Sucre vanillé | 1cac. Cannelle en poudre | 1 Jus de citron vert | 300g Blanc d'œuf | 300g Sucre semoule | 300g Sucre glace | 1pincée Sel,"1. Nettoyer les groseilles puis les mélanger dans un saladier avec le sucre vanillé, la cannelle en poudre et le jus de citron vert 2. Réserver au frais toute la nuit 3. Préparer la pâte sucrée, et cuire les fonds de tartelettes à blanc puis les réserver 4. Préparer l'amandine en mélangeant à vitesse vive le beurre pommade, le sucre semoule et la poudre d'amandes 5. Ajouter un à un les œufs une fois obtenu une pâte homogène 6. Battre à vitesse maximale afin d'obtenir une amandine aérée 7. Incorporer les zestes d'un citron, réserver 8. Faire compoter légèrement les maquereaux à groseille à feu doux (Mais attention de ne pas trop les cuire, elles doivent rester entières) 9. Repartir l'amandine dans les fonds de tartelettes et cuire pendant 6 minutes dans un four à 190 °C 10. Préparer la meringue, pendant ce temps 11. Battez à vitesse maximale les blancs d'œuf et la pincée de sel jusqu'à obtenir des piques très fermes 12. Baisser légèrement la vitesse du batteur puis ajouter en doses d'environ 50 gr le sucre semoule afin de ne pas casser les blancs 13. Une fois le sucre semoule incorporé et la meringue ferme, baisser la vitesse du batteur à la vitesse minimale puis ajouter le sucre glace en doses d'environ 50 grammes 14. Réserver la meringue bien ferme dans une poche à douille munie d'une douille de votre choix et préférence 15. Poser une cuillérée de maquereaux sur l'amandine 16. Couvez d'une couche de meringue 17. Marquer légèrement au chalumeau les pointes de la meringue 18. Décorez éventuellement avec un peu de poudre de verveine ou de mélisse et quelque micro pousses de votre choix","« Tartelette à la groseille à maquereau meringuée » est une recette professionnelle METRO (desserts) signée Denise Henquet, composée de 19 ingrédients et 18 étapes, pour 6 portions, durée 1h.","""Tartelette à la groseille à maquereau meringuée"" is a professional METRO recipe (desserts) by Denise Henquet, with 19 ingredients and 18 steps, for 6 servings.",https://www.metro.fr/inspiration/recette-chef/dessert/tartelette-groseille-maquereau-meringue,METRO France – metro.fr/inspiration/recette-chef
METRO-REC-0063,Tiramisu de fraises au citron vert,dessert,Desserts,Desserts,Vincent Ferniot,,6.0,40 min,40.0,Facile,Easy,6,15,1 Citron vert | 800g Fraises | 150g Sucre | 5 Œufs | 300g Mascarpone | 10 Biscuits cuiller,"1. Râper finement le zeste d'un demi-citron vert 2. Préparer un coulis de fraise avec la moitié des fraises, 50 g de sucre et le jus du citron vert 3. Faire cuire à la casserole 20 minutes à découvert dès frémissement et couper le feu 4. Mixer à chaud et laisser refroidir 5. Dresser les biscuits au fond d'un plat en couvrant bien toute la surface 6. Tailler les fraises restantes en gros dés 7. Couler le coulis sur le fond de biscuits et parsemer les dés de fraises à la surface 8. Ajouter les zestes du citron vert au mascarpone et le battre au fouet pour l'assouplir 9. Clarifier les œufs (séparer blanc et jaune) 10. Battre les jaunes avec 100 g de sucre jusqu'à blanchiment 11. Rajouter le mascarpone au fouet en mélangeant bien 12. Monter les blancs en neige et incorporer délicatement en enrobant à la spatule, au mélange mascarpone, jaunes et sucre 13. Verser le mélange dans le plat sur le coulis et les fraises 14. Placer au réfrigérateur et laisser prendre une heure au moins avant de terminer en coulant le reste de coulis de fraise 15. Râper à la surface le restant de zeste de citron vert","« Tiramisu de fraises au citron vert » est une recette professionnelle METRO (desserts) signée Vincent Ferniot, composée de 6 ingrédients et 15 étapes, pour 6 portions, durée 40 min.","""Tiramisu de fraises au citron vert"" is a professional METRO recipe (desserts) by Vincent Ferniot, with 6 ingredients and 15 steps, for 6 servings.",https://www.metro.fr/inspiration/recette-chef/dessert/tiramisu-fraises-citron-vert,METRO France – metro.fr/inspiration/recette-chef
METRO-REC-0064,Vacherin exotique,dessert,Desserts,Desserts,,Refaites découvrir ce classique de la pâtisserie française à vos clients grâce à cette recette originale du vacherin devenu exotique.,6.0,2 h,120.0,Moyen,Medium,14,11,300g Crème | 100g Purée de passion | 85g Chocolat blanc | 2 Feuilles de gélatine | 200g Blanc d'œuf | 200g Sucre en poudre | 200g Sucre glace | 500g Eau | 60g Glucose atomisé | 100g Sucre | 3g Stabilisant stab 2000 | 5g Poudre de lait | 60g Jus de citron | 60g Atsina fraîche,"1. Faire chauffer la crème avec la purée de passion 2. Puis verser sur le chocolat blanc 3. Mixer puis incorporer les feuilles de gélatine et laisser prendre une nuit au réfrigérateur 4. Le lendemain monter à hauteur et mettre en poche à douille 5. Monter les blancs d'œuf avec le sucre en poudre et incorporez le sucre glace à la maryse 6. Faire sécher 3 ou 4 heures à 80°C dans un four ventilé 7. Faire bouillir l'eau avec le glucose atomisée, le sucre, le stabilisant stab 2000 et la poudre de lait 8. Une fois l'ensemble refroidi, ajouter le jus de citron et l'atsina fraîche 9. Maturer une nuit au frais dans un bol et surgeler le lendemain 10. Pacoser à la demande 11. Dresser les éléments de façon harmonieuse et, selon la saison, ajouter des fraises sommité, d'atsina, de basilic et de zestes de citron râpé","« Vacherin exotique » est une recette professionnelle METRO (desserts), composée de 14 ingrédients et 11 étapes, pour 6 portions, durée 2 h.","""Vacherin exotique"" is a professional METRO recipe (desserts), with 14 ingredients and 11 steps, for 6 servings.",https://www.metro.fr/inspiration/recette-chef/dessert/vacherin-exotique,METRO France – metro.fr/inspiration/recette-chef
METRO-REC-0065,"Vanille de Madagascar, maïs, genmaicha et whisky",dessert,Desserts,Desserts,Claire Santos Lopes,,6.0,4h,240.0,Difficile,Hard,39,67,140g Eau | 1g Sel fin | 12g Beurre | 25g Sucre glace | 12g Farine | 30g Blancs d'œufs | 320g Lait entier | 80g Crème 35% | 80g Jaunes d'œufs | 24g Sucre semoule | 15g Glucose atomisé | 2g Stab 2000 | 10g Lait en poudre | 3sachets Thé genmaicha | 100g Amandes émondées | 12g Vanille de Madagascar | 50g Sucre semoule | 1g Fleur de sel | 100g Amandes émondées | 50g Maïs séché | 50g Sucre semoule | 1g Fleur de sel | 25g Cornflakes | 6 Citrons jaunes | 15g Sucre semoule | 1g Pectine NH | 1/4gousse Vanille de Madagascar | 100g Eau | 1g Agar-agar | 2gousses Vanille de Madagascar | 150g Crème 35% | 100g Lait entier | 90g Jaunes d'œufs | 10g Sucre muscovado | 15g Cornflakes | 1/2gousse Vanille de Madagascar | 10g Laphroaig 10 (whisky) | 150g Blancs d'œufs | 20g Sucre muscovado,"1. Mélanger les poudres avec les blancs frais 2. Faire porter à ébullition l'eau, le sel, le beurre 3. Laisser réduire à feu moyen 4. Verser en une fois sur le premier mélange 5. Stocker à +4°C 6. Peser à 385 g par plaque 385gr (40x60) et cuire 170°C ventil 2, 25min 7. Décoller, humidifier 8. Laisser reposer 12 heures en chambre froide 9. Tailler ensuite avec les chablons 10. Napper de sirop érable 11. Poudrer vanille et poudre thé genmaicha 12. Cuire à 180°C ventil 2, 5min puis former 13. Faire chauffer le lait et la crème à 85°C 14. Ajouter la poudre de genmaicha (ouvrir les sachets) 15. Laisser infuser 15 min à couvert 16. Chinoiser 17. Ajouter dans la casserole le lait en poudre 18. Faire chauffer puis réaliser l'anglaise à 83°C 19. Stocker à +4°C 12 heures en BOF avant de stocker à -18°C 20. Pacosser avant le dressage 21. Réaliser le caramel à sec 22. Faire refroidir 23. Faire torréfier les amandes et la vanille au four à 160°C, 20min 24. Laisser refroidir 25. Mixer tous les éléments ensemble 26. Stocker en poche 27. Réaliser le caramel à sec 28. Faire refroidir 29. Mixer ensuite tous les éléments ensemble 30. Pour le service réaliser un temps pour temps de praliné vanille et maïs 31. Mélanger les deux pour le dressage 32. Garder en poche à température ambiante 33. Prélever les écorces 34. Blanchir 5 fois départ eau froide à chaque fois 35. Prélever les segments et le jus 36. Mettre en casserole, faire chauffer avec la vanille 37. Ajouter les poudres 38. Cuire à ébullition puis laisser cuire à feu moyen 5min pour que la pectine agisse 39. Une fois le tout refroidi, mixer 40. Stocker en poche à +4°C 41. Chauffer l'eau avec la vanille 42. Ajouter l'agar-agar avec 2 g de sucre 43. Cuire à ébullition 44. Laisser refroidir 45. Mixer ensuite et conserver en poche au frais 46. Chauffer le lait et la crème avec la vanille 47. Verser sur les jaunes et le sucre 48. Réaliser la crème anglaise à 83°C 49. Ajouter les cornflakes 50. Mixer et chinoiser 51. Une fois refroidie, ajouter le whisky 52. Réserver au frais 53. Dissoudre le sucre muscovado avec un peu de blancs d'œuf 54. Faire monter les blancs mousseux au batteur 55. Ajouter petit à petit le sucre 56. Faire chauffer légèrement la cuve au chalumeau pour que le mélange finisse de monter 57. Étaler entre les règles d'1 cm plus les moyennes sur silpat graissé (essuyé) 58. Cuire au four vapeur à 70°C, 5min 59. Tailler avec les emportes pièces ovales 60. Stocker au frais pour le service 61. Placer 3 vaporeux au milieu de l'assiette 62. Les trouer à l'aide d'une petite cuillère à pomme parisienne 63. Garnir tous les vaporeux dans l'ordre avec : le praliné, le confit citron et le gel vanille 64. Disposer ensuite 3 gavottes afin de cacher le vaporeux dans l'ordre suivant : vanille, thé genmaicha et nature 65. Tirer une quennelle de glace genmaicha 66. Placer dans le bas de l'assiette 67. Servir avec une saucière de crème anglaise","« Vanille de Madagascar, maïs, genmaicha et whisky » est une recette professionnelle METRO (desserts) signée Claire Santos Lopes, composée de 39 ingrédients et 67 étapes, pour 6 portions, durée 4h.","""Vanille de Madagascar, maïs, genmaicha et whisky"" is a professional METRO recipe (desserts) by Claire Santos Lopes, with 39 ingredients and 67 steps, for 6 servings.",https://www.metro.fr/inspiration/recette-chef/dessert/vanille-madagascar-mais-genmaicha-whisky,METRO France – metro.fr/inspiration/recette-chef
METRO-REC-0066,"Alliance foie gras - thon mariné, légumes wok, bouillon citronnelle - kafir",mer,Poissons et fruits de mer,Fish & seafood,Jean-François Bury,,4.0,3 h,180.0,Moyen,Medium,29,24,4 escalopes Foie gras (60 g/escalope) | Sel | Poivre | 250g Thon rouge | 300g Gros Sel | 1 Citron vert | 50g Gingembre | 2 bâtons Citronnelle | 100g Carottes | 100g Pois gourmands | 100g Shitaké | 1 paquet Soba 100% sarrasin | 50g Pousses de soja | 50g Huile de sésame torréfiée | 50g Sauce soja salée | 1 Citron vert | 1kg Ailerons de volaille | 100g Ail | 2 Oignons | 2 Carottes | 100g Gingembre | 2 bâtons Citronnelle | 5 feuilles Kafir | 100g Blancs d'œufs | Sel | Cébette thaï | Furikaké | Shiso cress | Fleur d'ail,"1. Assaisonner sel-poivre et snacker des deux côtés les escalopes. 2. Arroser avec le gras que va rendre le foie gras. 3. Une fois cuit, égoutter sur un papier absorbant. 4. Tailler le gingembre, la citronnelle et le citron vert en petits morceaux. 5. Mélanger au gros sel et recouvrir le thon avec cette marinade. 6. Laisser mariner pendant 1h30 min. 7. Bien rincer le thon et réserver au frais. 8. Éplucher les carottes et les tailler en fine julienne. 9. Tailler finement les pois gourmands et les shitakés. 10. Cuire les pâtes soba à l'eau salée, les rafraîchir et les rincer pour éliminer l'amidon. 11. Dans une poêle, verser l'huile de sésame torréfiée. Une fois que celle-ci est bien chaude, ajouter tous les légumes et bien les faire revenir. Ajouter au dernier moment les pâtes avant de déglacer avec la sauce soja et un demi citron vert. 12. Mettre à colorer au four les ailerons de volaille. 13. Une fois que ces derniers sont bien caramélisés, débarrasser dans une casserole et ajouter de l'eau à hauteur. 14. Porter à ébullition et écumer avant d'ajouter la garniture aromatique : oignons brûlés, carottes, ail. Laisser cuire à petit bouillon pendant 40 min. 15. Passer au chinois fin le bouillon. 16. Clarifier à l'aide des blancs d'œufs. Rectifier l'assaisonnement. 17. Disposer dans une théière le gingembre, la citronnelle et le kafir taillés finement. 18. Porter à ébullition le bouillon et verser dans la théière. Infuser trois minutes avant de servir. 19. Disposer au fond de l'assiette les légumes wok. 20. Poser l'escalope de foie gras dessus. 21. Disposer quatre fines tranches de thon mariné sur l'escalope de foie gras. 22. Parsemer l'assiette de furikake. 23. Disposer sur le thon : shiso, cébette et fleur d'ail. 24. Une fois l'assiette sur table, venir verser le bouillon autour de la préparation.","« Alliance foie gras - thon mariné, légumes wok, bouillon citronnelle - kafir » est une recette professionnelle METRO (poissons et fruits de mer) signée Jean-François Bury, composée de 29 ingrédients et 24 étapes, pour 4 portions, durée 3 h.","""Alliance foie gras - thon mariné, légumes wok, bouillon citronnelle - kafir"" is a professional METRO recipe (fish & seafood) by Jean-François Bury, with 29 ingredients and 24 steps, for 4 servings.",https://www.metro.fr/inspiration/recette-chef/mer/alliance-fois-gras-thon,METRO France – metro.fr/inspiration/recette-chef
METRO-REC-0067,"Asperges blanches voilées de lard de Colonnata, couteaux et palourdes rafraîchis de mandarine",mer,Poissons et fruits de mer,Fish & seafood,,,4.0,1h30 min,90.0,Moyen,Medium,23,16,500g Asperges blanches | 4tranches fines Lard de Colonnata | Gros sel | 150g Couteaux | 150g Palourde | 30g Echalotes | 5cl Vin blanc | Huile d'olive | Ail haché | Estragon ciselé | 6 Mandarine | 200g Sucre | 200g Eau | 4 Oeufs | 185g Crème | 10g Beurre | Sel | Copeaux d'asperges crus | Huile de mandarine | Petits croûtons | Mandarine fraîche | Fleur de tagète | Estragon,"1. Éplucher les asperges puis les cuire 5 minutes dans de l'eau bouillante salée, les glacer puis réserver sur un linge. 2. Déposer les asperges sur assiette puis couvrir d'une fine tranche de lard, flasher quelques secondes sous la salamandre. 3. Rincer abondamment les couteaux et les palourdes à l'eau froide, bien égoutter. 4. Faire chauffer vivement une sauteuse avec un fond d'huile d'olive, verser les échalotes ciselées puis les fruits de mer et déglacer avec le vin blanc, couvrir quelques secondes puis débarrasser. 5. Ôter les coquilles et réserver les coquillages. 6. Faire revenir au beurre mousseux et ajouter l'estragon et l'ail. 7. Lever les segments de deux mandarines et réserver sur une petite plaque. 8. Piquer les 4 autres à l'aide d'un couteau, les blanchir 4 fois en commençant à l'eau froide. 9. Les couper en deux et ôter les éventuels pépins. 10. Mettre à confire avec le sirop réalisé avec l'eau et le sucre, lorsque la texture est sirupeuse mixer et passer au chinois. 11. Cuire les oeufs comme une brouillade puis ajouter la crème. 12. Mixer et passer au chinois. 13. Mettre en siphon, gazer. 14. Assaisonner les copeaux d'asperges crus à l'huile de mandarine. 15. Zester un peu la mandarine bien fraîche sur l'assiette finie et parsemer de petits croûtons qui apporteront le croustillant. 16. Terminer par quelques pétales de tagète et brin d'estragon.","« Asperges blanches voilées de lard de Colonnata, couteaux et palourdes rafraîchis de mandarine » est une recette professionnelle METRO (poissons et fruits de mer), composée de 23 ingrédients et 16 étapes, pour 4 portions, durée 1h30 min.","""Asperges blanches voilées de lard de Colonnata, couteaux et palourdes rafraîchis de mandarine"" is a professional METRO recipe (fish & seafood), with 23 ingredients and 16 steps, for 4 servings.",https://www.metro.fr/inspiration/recette-chef/mer/couteau-palourde-asperge-mandarine,METRO France – metro.fr/inspiration/recette-chef
METRO-REC-0068,"Asperges blanches, coulis d'asperges et huitres à la villeroy",mer,Poissons et fruits de mer,Fish & seafood,Indra Carillo,,6.0,2h15 min,135.0,Moyen,Medium,10,16,12 Huitres N3 | 50g Farine | 50g Beurre | 750g Fumet de poisson | 1 Jaune d'œuf | 300g Panko japonaise | 10 Asperges blanches | Pm Poivre de Pondichéry | 1 Pomme de terre émincée | 1cuillère Crème fraîche,"1. Ouvrir des huitres N°3, réserver et filtrer le jus. 2. Réserver au frais, la moitié pour paner et l'autre moitié à laisser crues et intactes. 3. Réaliser un roux blond avec de farine et du beurre, mouiller avec du fumet de poisson et procéder un comme un roux classique. 4. Après cuisson, ajouter un jaune d'œuf et bien mélanger. 5. Laisser tiédir et rajouter le jus d'huitres. 6. Rectifier l'assaisonnement et laisser refroidir. 7. Recouvrir deux huitres de la sauce Villeroy puis paner deux fois à l'anglaise traditionnelle en utilisant la chapelure japonaise dite « PANKO ». 8. Éplucher les asperges blanches deux fois, cuire à l'anglaise deux minutes trente, refroidir et couper en biseau. 9. Réserver les têtes et une partie du corps pour le dressage, avec le reste réaliser un velouté soyeux et assaisonner avec du poivre de Pondichéry. 10. Réserver au frais. 11. Faire bouillir de l'eau salée et ajouter les parures asperges et une pomme de terre émincée. 12. Laisser cuire pendant 20 minutes ou jusqu'à ce que les légumes soient tendres. 13. Égoutter et réserver une petite quantité d'eau de cuisson. 14. Dans une poêle, faires fondre le beurre à feu doux. 15. Ajouter les légumes cuits et les écraser avec une presse. 16. Ajouter une cuillère de crème fraîche et remuer pour obtenir une texture homogène.","« Asperges blanches, coulis d'asperges et huitres à la villeroy » est une recette professionnelle METRO (poissons et fruits de mer) signée Indra Carillo, composée de 10 ingrédients et 16 étapes, pour 6 portions, durée 2h15 min.","""Asperges blanches, coulis d'asperges et huitres à la villeroy"" is a professional METRO recipe (fish & seafood) by Indra Carillo, with 10 ingredients and 16 steps, for 6 servings.",https://www.metro.fr/inspiration/recette-chef/mer/asperge-blanche-huitre,METRO France – metro.fr/inspiration/recette-chef
METRO-REC-0069,Ballotine de choux et sériole,mer,Poissons et fruits de mer,Fish & seafood,,"Découvrez cette recette terre-mer mariant choux, sériole fumée et coques qui apportent sa salinité naturelle. Un festival de saveurs en bouche.",10.0,1h30 min,90.0,Difficile,Hard,17,28,1/4ml Filet de Sériole | 1/2pc Choux pointu | 1pc Choux verts | 200 pcs Coques | 150g Crème liquide | 50g Crème | 125 g Beurre demi-sel | 125 g Beurre doux | 13 g Katsuobushi | 10 g Jus citron | 8g Huile de colza | 2 g Menthe | 250 g Beurre blanc | 30 g Graine de basilic | 3g Zeste citron vert | 30 g Tarama | 40 g Huile de menthe,"1. Couper en fine tranche le filet de sériole. 2. Le fumer pendant 30 minutes dans un bac gastro à l'aide d'un fumoir. 3. Réserver au froid. 4. Dégorger les coques dans de l'eau salée puis les blanchir dans de l'eau bouillante salée pendant 10 secondes. 5. Les faire refroidir dans de l'eau glacée salée. 6. Enlever les coquilles et les organes internes. 7. Réserver dans une eau salée à 3%. 8. Râper le chou pointu très fin à l'aide d'une mandoline. 9. Prendre les feuilles du chou vert à l'extérieur. 10. Les blanchir à l'eau bouillante pendant 8 minutes puis les refroidir dans de l'eau glacée. 11. Bien égoutter. 12. Étendre les tranches de chou vert sur le film alimentaire. 13. Déposer dessus le chou pointu râpé et le filet de sériole. 14. Rouler le tout fermement. 15. Blanchir les ballotines dans l'eau bouillante pendant 1 minute et demie et les refroidir dans l'eau glacée. 16. Couper en tranches puis enlever le film. 17. Dans une casserole, réduire la crème jusqu'à 130 g puis laisser refroidir. 18. Réduire la crème jusqu'au 1/5ème. 19. Ajouter petit à petit les morceaux de beurre. 20. Monter le beurre blanc et infuser avec le Katsuobushi. 21. Passer au chinois puis ajouter le jus de citron. 22. Chauffer l'huile à 60 degrés puis ajouter la menthe et l'épinard. 23. Bien mixer, puis passer au chinois. 24. Ajouter les ingrédients dans un récipient. 25. Bien mélanger le tout. 26. Déposer la ballotine au centre de l'assiette puis l'assaisonner avec un peu de sel et d'huile de menthe. 27. Décorer avec des coques et les herbes (utiliser la crème réduite pour coller les herbes). 28. Verser la sauce dessus.","« Ballotine de choux et sériole » est une recette professionnelle METRO (poissons et fruits de mer), composée de 17 ingrédients et 28 étapes, pour 10 portions, durée 1h30 min.","""Ballotine de choux et sériole"" is a professional METRO recipe (fish & seafood), with 17 ingredients and 28 steps, for 10 servings.",https://www.metro.fr/inspiration/recette-chef/mer/ballotine-choux-seriole,METRO France – metro.fr/inspiration/recette-chef
METRO-REC-0070,Bar cuit à la vapeur avec Gibanica,mer,Poissons et fruits de mer,Fish & seafood,Indra Carillo,,8.0,2h,120.0,Moyen,Medium,13,13,"180g Bar | 100g Epinards | 100g Oseille | 100g Chou kale | 10g Beurre | 300g Feta | 300g Mozzarella | 1L Eau gazeuse | 12 Œufs | 100g Huile | Sel, poivre, huile de piment | 1kg Epinards | 2paquets Pâte a filo","1. Prélever les pavés du bar et saler légèrement. 2. Réaliser un coulis d'épinard et oseille puis sauter le chou-kale dans un beurre mousseux. 3. Réserver. 4. Émietter la feta et la mozzarella en petits morceaux. 5. Ajouter 1l d'eau gazeuse, œufs entiers bio, de l'huile puis mixer. 6. Assaisonner avec sel, poivre et huile de piment. 7. Sauter 1kg d'épinards et réserver. 8. Graisser une plaque et coucher les feuilles de pate filo de manière a le recouvrir entièrement. 9. Imbiber 1 par 1 les feuilles de filo en les formant en boule et les disposer l'une à coté de l'autre. 10. Une fois la plaque remplie, ajouter sur le dessus les épinards préalablement tombés et l'oseille coupée grossièrement. 11. Enfourner à 200° C pendant 25 minutes puis 10 minutes à 180°C. 12. Refroidir la plaque, démouler puis couper des jolis morceaux et colorer toutes les surfaces à la poêle. 13. Disposer le filet de bar cuit à la vapeur, sur le côté le coulis d'épinard et oseille puis la Gibanica bien colorée.","« Bar cuit à la vapeur avec Gibanica » est une recette professionnelle METRO (poissons et fruits de mer) signée Indra Carillo, composée de 13 ingrédients et 13 étapes, pour 8 portions, durée 2h.","""Bar cuit à la vapeur avec Gibanica"" is a professional METRO recipe (fish & seafood) by Indra Carillo, with 13 ingredients and 13 steps, for 8 servings.",https://www.metro.fr/inspiration/recette-chef/mer/bar-vapeur-gibanica,METRO France – metro.fr/inspiration/recette-chef
METRO-REC-0071,"Bar de ligne, artichaut, sarrasin, coquillages, jus de barigoule émulsionné",mer,Poissons et fruits de mer,Fish & seafood,Rodolphe Regnault,Mise en bouche du Chef Rodolphe Regnault – 2024,10.0,1h,60.0,Difficile,Hard,17,14,"1kg Moules | 1kg Coques | 1kg Palourdes | 15 Artichauts poivrade | 100g Poitrine fumée | 300g Noilly Prat | 1/2L Bouillon de volaille | 1 Citron | 100g Carottes | 100g Oignons | 30g Ail | 1 Branche de thym | 100g Crème épaisse | 50g Echalotes | 300g Kasha (sarrasin) | 100g Beurre | 1,3kg Bar de ligne","1. Mettre les coques et palourdes à dégorger dans l'eau froide salée la veille 2. Faire bouillir de l'eau et insérer les coques et palourdes 3. Retirer du feu lorsqu'elles sont ouvertes et les décoquiller 4. Ouvrir les moules façon marinière, les égoutter et conserver le jus de cuisson 5. Décoquiller les moules et les mélanger avec les coques et les palourdes avec un peu de marinière 6. Effeuiller et tourner les artichauts 7. Faire suer la garniture aromatique avec la poitrine fumée et ajouter les artichauts 8. Déglacer au Noilly Prat, ajouter le bouillon de volaille et le jus de citron pressé 9. Cuire une vingtaine de minutes en regardant la cuisson avec la pointe d'un couteau 10. Cuire le kasha une dizaine de minutes à l'eau bouillante légèrement salée 11. Réduire le jus de barigoule et filtrer avec la marinière de moule 12. Crémer et monter au beurre 13. Poêler les morceaux de bar en vérifiant bien de ne pas trop les cuire 14. Placer le kasha au centre de l'assiette, les coquillages, les artichauts coupés en 2, le bar poêlé, et verser la sauce","« Bar de ligne, artichaut, sarrasin, coquillages, jus de barigoule émulsionné » est une recette professionnelle METRO (poissons et fruits de mer) signée Rodolphe Regnault, composée de 17 ingrédients et 14 étapes, pour 10 portions, durée 1h.","""Bar de ligne, artichaut, sarrasin, coquillages, jus de barigoule émulsionné"" is a professional METRO recipe (fish & seafood) by Rodolphe Regnault, with 17 ingredients and 14 steps, for 10 servings.",https://www.metro.fr/inspiration/recette-chef/mer/bar-artichaut-sarrasin-coquillage,METRO France – metro.fr/inspiration/recette-chef
METRO-REC-0072,Bar à l'Italienne,mer,Poissons et fruits de mer,Fish & seafood,,,10.0,40 min,40.0,Facile,Easy,10,8,"2kg Bar filière française | 200g Beurre doux en rouleau | 1boîte 5/1 Tomates pelées concassées | 1tête Ail | 2g Oignons jaunes | Pm Sel, poivre | 1kg Chou brocoli | 1kg Feuilles d'épinard | 1kg Oignons jaunes | 25cl Huile d'olive vierge extra bio",1. Préparez votre poisson façon meunière 2. Lancer une sauce tomate maison 3. Faire cuire les feuilles d'épinard et le brocoli 4. Frire rapidement vos oignons 5. Disposer votre poisson et les légumes dans l'assiette. 6. Arroser généreusement le poisson de votre sauce tomate. 7. Déposer les oignons frits sur les légumes. 8. Vous pouvez remplacer les légumes par des pâtes fraîches parsemées de copeaux de parmesan.,"« Bar à l'Italienne » est une recette professionnelle METRO (poissons et fruits de mer), composée de 10 ingrédients et 8 étapes, pour 10 portions, durée 40 min.","""Bar à l'Italienne"" is a professional METRO recipe (fish & seafood), with 10 ingredients and 8 steps, for 10 servings.",https://www.metro.fr/inspiration/recette-chef/mer/bar-a-l-italienne,METRO France – metro.fr/inspiration/recette-chef
METRO-REC-0073,Bar écumé de lard et légumes d'été,mer,Poissons et fruits de mer,Fish & seafood,Denise Hoquet,,8.0,55 min,55.0,Moyen,Medium,29,18,"1 Bar de ligne 1400g | 3 Echalotes | 1 branche Romarin | 250g Poitrine ½ sel | 250g Lait | 250g Crème | 500g Epinards | 200g Oignons | 75g Beurre | Lard (récupérer le lard infusé de la sauce) | Muscade, sel et poivre | 25g Mini carottes fanes | 10 Asperges | 100g Beurre | 300g Bouillon de volailles | Thym | Sel et poivre | 3 Carottes | 3 Asperges | 3 Betteraves | 300g Veau | 200g Vinaigre de cidre | 100g Sucre | 1 pincée Sel | 60g Farine | 60g Blancs d'œufs | 90g Parmesan | 100g Beurre | Sel et poivre","1. Écailler, vider et lever les filets de bar, désarêter, rincer, puis tailler pavés 2. Réaliser la sauce, ciseler les échalotes, déglacer avec la crème et mouiller avec le lait puis infuser la poitrine et le romarin pendant 30 minutes, retirer le lard puis passer au chinois 3. Réaliser la saumure pour les pickles, faire bouillir l'eau, le sucre et le vinaigre 4. Tailler les légumes en copeaux les mettre dans la saumure chaude puis laisser de côté jusqu'à refroidissement 5. Éplucher les légumes, les faire revenir au beurre avec du thym et mouiller à mi-hauteur avec le bouillon 6. Cuisson à l'étuvée jusqu'à ce que les légumes soient glacés 7. Laver et équeuter les épinards, ciseler les oignons puis les faire revenir au beurre, ajouter les épinards, assaisonner puis cuire 8. Mettre de côté 150 g de tombée d'épinards pour le coulis 9. Tailler la poitrine infusée en fine julienne, puis mélanger avec le reste de tombée d'épinards 10. Réaliser les tuiles 11. Mettre tous les ingrédients ensemble au mixeur et obtenir une pâte homogène 12. L'étaler à la spatule sur les moules en silicone 13. Cuire à 160°C pendant 7 min 14. Cuire le bar avec un filet d'huile d'olives, puis passer au dressage sur une assiette 15. Mettre les épinards dans un emporte-pièce 16. Déposer le bar cuit à cheval sur les épinards 17. Disposer joliment les légumes en donnant du relief, ajouter quelques copeaux et faire quelques points de coulis 18. Passer la sauce au mixeur plongeant et déposer de l'écume sur le bar","« Bar écumé de lard et légumes d'été » est une recette professionnelle METRO (poissons et fruits de mer) signée Denise Hoquet, composée de 29 ingrédients et 18 étapes, pour 8 portions, durée 55 min.","""Bar écumé de lard et légumes d'été"" is a professional METRO recipe (fish & seafood) by Denise Hoquet, with 29 ingredients and 18 steps, for 8 servings.",https://www.metro.fr/inspiration/recette-chef/mer/bar-lard-legumes,METRO France – metro.fr/inspiration/recette-chef
METRO-REC-0074,"Bar, pressé de poireaux d'Aquitaine et caviar Testerin, jus d'arrêtes",mer,Poissons et fruits de mer,Fish & seafood,,,6.0,1h,60.0,Difficile,Hard,10,19,1 Bar de ligne 2/3 kilos | 5 Poireaux des Sables (Cestas) | 350g Cresson | 100g Carottes | 1 Fenouil | 250g Crème liquide | 10cl Pastis | 4 Oignons doux | 250g Beurre demi-sel | 200g Caviar de La Teste,"1. Ecailler, vider, lever le bar. 2. Désarêter puis détailler et réserver au frais. 3. Cuisson du poisson à l'unilatéral à l'huile d'olive puis à mi-cuisson ajouter une noisette de beurre. 4. Arroser généreusement. Sel, poivre. 5. Tailler, nettoyer et blanchir les poireaux environ 7 à 8 minutes à l'eau bouillante. 6. Mettre à presser environ 24h. 7. Détailler puis griller au beurre avant dressage. 8. Blanchir le cresson environ 2 minutes puis le mixer avec 150 gr de beurre. 9. Réserver au frais. Sel et Poivre. 10. Avec le vert de poireaux les assaisonner et les faire griller au four 160 °C environ 15 min. 11. Les égoutter ensuite sur papier absorbant. 12. Détailler les carottes, le vert de poireaux, le fenouil et les arrêtes. 13. Commencer par faire revenir les arrêtes et les oignons jusqu'à coloration puis déglacer au pastis et flamber. 14. Ajouter les autres garnitures puis mouiller à l'eau à hauteur. 15. Ebullition pendant environ 15 à 20 minutes, passer au chinois étamine. 16. Faire réduire, ajouter les 250 gr de crème puis monter au beurre demi-sel et réserver. 17. Disposer l'onctueux de cresson dans le fond de l'assiette et le pressé de poireau. 18. Accoler le bar au poireau, positionner le croustillant de poireau sur le pressé et une jolie quenelle de caviar sur ce dernier. 19. Finir par le jus d'arrêtes.","« Bar, pressé de poireaux d'Aquitaine et caviar Testerin, jus d'arrêtes » est une recette professionnelle METRO (poissons et fruits de mer), composée de 10 ingrédients et 19 étapes, pour 6 portions, durée 1h.","""Bar, pressé de poireaux d'Aquitaine et caviar Testerin, jus d'arrêtes"" is a professional METRO recipe (fish & seafood), with 10 ingredients and 19 steps, for 6 servings.",https://www.metro.fr/inspiration/recette-chef/mer/bar-poireaux-caviar,METRO France – metro.fr/inspiration/recette-chef
METRO-REC-0075,Blanquette de sole aux morilles,mer,Poissons et fruits de mer,Fish & seafood,,,6.0,45 min,45.0,Facile,Easy,14,18,3 Soles | 1 Echalote | 1 Oignon | 1 Blanc de poireau | 1gousse Ail | 15cl Vin blanc | 25cl Crème liquide | 300g Morilles fraîches origine France | 6 Mini-poireaux | 5cl Vinaigre de Xérès | 250g Pâte feuilletée | 300g Pousses d'épinard | 1c.a.c. Beurre moulé demi-sel | 100g Champignon de Paris,"1. Lever les filets de sole, tailler en sifflet. 2. Réserver. 3. Confectionner un fumet court avec une échalote, un oignon, un blanc de poireau, ail, vin blanc et eau. 4. Passer au chinois, puis réduire avec la crème pendant 25 mn. 5. Vérifier l'assaisonnement. 6. Bien laver les morilles en plusieurs eaux. 7. Cuire les poireaux à l'anglaise. 8. Rafraîchir. 9. Tailler en biseaux en 2 ou 3 morceaux. 10. Pocher les morilles dans la blanquette, égoutter et réserver au chaud. 11. Vérifier l'assaisonnement de la blanquette, ajouter le Xérès. 12. Préparer et cuire le feuilletage à la taille et façon qui vous convient. 13. Réserver au sec. 14. Pocher à feu très doux les filets de sole dans la blanquette 20/25 secondes à frémissement. 15. En même temps, faire fondre avec une noix de beurre à feu vif les pousses d'épinard avec une fourchette piquée d'ail. 16. Verser les épinards au fond des assiettes, les filets de sole, les mini-poireaux. 17. Parsemer de morilles et verser le bouillon de blanquette avec les champignons de Paris sautés au beurre. 18. Finir avec les rondelles de feuilletage.","« Blanquette de sole aux morilles » est une recette professionnelle METRO (poissons et fruits de mer), composée de 14 ingrédients et 18 étapes, pour 6 portions, durée 45 min.","""Blanquette de sole aux morilles"" is a professional METRO recipe (fish & seafood), with 14 ingredients and 18 steps, for 6 servings.",https://www.metro.fr/inspiration/recette-chef/mer/blanquette-sole-morilles,METRO France – metro.fr/inspiration/recette-chef
METRO-REC-0076,"Cabillaud en croûte d'herbe, poêlée de légumes primeurs et riz",mer,Poissons et fruits de mer,Fish & seafood,,,10.0,20 min,20.0,Facile,Easy,13,7,"1,5kg Dos de cabillaud | 2 Echalotes | 1,5bottes Persil | 60g Beurre fondu | 2c.a.s. Jus de citron | 100g Chapelure | Sel, poivre | 8 Carottes | 2 Navets | 1botte Asperges vertes | 1botte Oignon cébette | 500g Petits-pois | 1kg Riz","1. Préchauffer le four à 180°C. 2. Mixer grossièrement l'échalote avec le persil. 3. Ajouter la chapelure, le beurre, le jus de citron, sel et poivre. 4. Recouvrir le dos de cabillaud de cette préparation et enfourner environ 20 min. 5. Peler et émincer les légumes, les cuire à l'anglaise. 6. Cuire le riz dans une casserole d'eau bouillante salée et cuire en suivant les indications sur l'emballage. 7. Servir les dos de cabillaud avec une portion de riz et de poêlée de légumes.","« Cabillaud en croûte d'herbe, poêlée de légumes primeurs et riz » est une recette professionnelle METRO (poissons et fruits de mer), composée de 13 ingrédients et 7 étapes, pour 10 portions, durée 20 min.","""Cabillaud en croûte d'herbe, poêlée de légumes primeurs et riz"" is a professional METRO recipe (fish & seafood), with 13 ingredients and 7 steps, for 10 servings.",https://www.metro.fr/inspiration/recette-chef/mer/cabillaud-croute-herbe-legumes-riz,METRO France – metro.fr/inspiration/recette-chef
METRO-REC-0077,"Cabillaud poché, petits pois frais et jeunes morilles au vin jaune",mer,Poissons et fruits de mer,Fish & seafood,,,4.0,40 min,40.0,Moyen,Medium,10,17,"4 filets Cabillaud | 1 bouteille 75cl Vin jaune | 0,5l Crème | 2g Echalotes | 1cas Jus de veau | 16 Morilles | Beurre doux | Petits pois non écossés | Pousses de petits pois | Fleurs d'ail","1. Désarréter et lever la peau d'un filet de cabillaud. 2. Le mettre dix minutes au sel pour raffermir les chairs et l'assaisonner. 3. Une fois rincé et séché, rouler le filet de cabillaud en boudin dans un film et le réserver au réfrigérateur. 4. Détailler ensuite des portions de 150g. 5. Cuire deux portions de cabillaud dans un court-bouillon pendant quelques minutes. 6. Faire réduire de moitié 50cl de vin jaune avec deux échalotes émincées finement. 7. Ajouter les 25cl de vin jaune restant dans la bouteille. 8. Crémer et laisser mijoter quelques minutes afin d'obtenir la bonne consistance. 9. Passer au chinois. 10. Ajouter une belle cuillère à soupe de jus de veau et assaisonner. 11. Gratter et laver les morilles. 12. Les saisir à feu vif dans une poêle chaude avec un peu de matière grasse. 13. Assaisonner. 14. Déglacer avec quelques gouttes de vin jaune et laisser réduire à sec. Les morilles doivent cuire longtemps pour ne pas être toxiques. 15. Déposer trois belles cuillères à soupe de sauce au fond d'une assiette creuse. 16. Placer le cabillaud au centre, les morilles et les petits pois cuits à l'anglaise autour. 17. Ajouter quelques pousses de petits pois et des fleurs d'ail.","« Cabillaud poché, petits pois frais et jeunes morilles au vin jaune » est une recette professionnelle METRO (poissons et fruits de mer), composée de 10 ingrédients et 17 étapes, pour 4 portions, durée 40 min.","""Cabillaud poché, petits pois frais et jeunes morilles au vin jaune"" is a professional METRO recipe (fish & seafood), with 10 ingredients and 17 steps, for 4 servings.",https://www.metro.fr/inspiration/recette-chef/mer/cabillaud-petit-pois-morille,METRO France – metro.fr/inspiration/recette-chef
METRO-REC-0078,"Carpaccio de bar au ponzu, guacamole, radis et sorbet pequillos",mer,Poissons et fruits de mer,Fish & seafood,Denise Hoquet,,8.0,40 min,40.0,Moyen,Medium,26,14,1 Bar de ligne 1400g | 1 Echalotes | 1/2 Poivron rouge | 1/2 Poivron vert | 3cas. Huile d'olive | 1cas. Jus de citron | 2cas. Kikkoman ponzu | 3 Avocats | 1/2 Jus de citron vert | Sel et poivre | 300g Poivrons péquillos | 150g Eau | 50g Sucre | 25g Trimoline | 2cas. Tabasco | Sel et poivre | 65g Farine | 60g Blancs d'œufs | 90g Parmesan | 100g Beurre | Sel et poivre | Herbes de radis | Radis copeaux | Radis cuits | Betterave Chioggia | Citron vert,"1. Réunir tous les ingrédients ensemble 2. Faire bouillir puis mixer et mettre en bol pacojet 3. Congeler puis passer au pacojet 4. Ciseler l'échalote, tailler les poivrons en brunoise et mélanger tous les ingrédients de la marinade 5. Retirer la peau des avocats ainsi que le noyau 6. Mixer avec un jus de citron puis assaisonner 7. Écailler, vider et lever les filets de bar, désarêter, rincer, puis tailler en fines lamelles 8. Réaliser les tuiles. Mettre tous les ingrédients ensemble au mixeur et obtenir une pâte homogène 9. Étaler à la spatule sur les moules en silicone puis cuire à 160°C pendant 7 min 10. Couper les bars en carpaccio. 11. Napper de marinade, décorer avec des herbes et du guacamole 12. Ajouter les copeaux de radis, de betterave et les radis cuits 13. Zester un citron vert 14. Faire la quenelle de sorbet et déposer la tuile de parmesan","« Carpaccio de bar au ponzu, guacamole, radis et sorbet pequillos » est une recette professionnelle METRO (poissons et fruits de mer) signée Denise Hoquet, composée de 26 ingrédients et 14 étapes, pour 8 portions, durée 40 min.","""Carpaccio de bar au ponzu, guacamole, radis et sorbet pequillos"" is a professional METRO recipe (fish & seafood) by Denise Hoquet, with 26 ingredients and 14 steps, for 8 servings.",https://www.metro.fr/inspiration/recette-chef/mer/carpaccio-bar-guacamole-radis-sorbet,METRO France – metro.fr/inspiration/recette-chef
METRO-REC-0079,Carpaccio de Saint-Jacques pamplemousse,mer,Poissons et fruits de mer,Fish & seafood,,,4.0,15 min,15.0,Moyen,Medium,10,9,"240g Noix de Saint-Jacques | 500g Courge Butternut | 50g Gingembre frais | 20g Huile de noisette | 25g Jus de citron | 200g Jus de pamplemousse | 0,3g Agar agar | 10g Jus de citron | 1pce Pamplemousse | 20g Caviar","1. Trancher les Saint-Jacques en carpaccio. 2. Tailler la Butternut et le gingembre en brunoise, puis, dans une casserole, faire suer dans l'huile de noisette. 3. Assaisonner puis faire cuire à couvert. 4. Au dernier moment, ajouter le jus de citron. 5. Faire bouillir, le jus de pamplemousse, l'agar agar et 10 g de jus de citron pendant 3 minutes. 6. Refroidir, mixer puis passer au tamis. 7. Réserver au frais en pipette. 8. Dans une coquille, dresser la garniture et déposer en rosace le carpaccio de Saint-Jacques. 9. Décorer avec des chips de courge butternut et des suprêmes de pamplemousses.","« Carpaccio de Saint-Jacques pamplemousse » est une recette professionnelle METRO (poissons et fruits de mer), composée de 10 ingrédients et 9 étapes, pour 4 portions, durée 15 min.","""Carpaccio de Saint-Jacques pamplemousse"" is a professional METRO recipe (fish & seafood), with 10 ingredients and 9 steps, for 4 servings.",https://www.metro.fr/inspiration/recette-chef/mer/carpaccio-saint-jacques,METRO France – metro.fr/inspiration/recette-chef
METRO-REC-0080,"Carpaccio de sériole, rougail, sorbet",mer,Poissons et fruits de mer,Fish & seafood,Kelly Rangama,,4.0,1h30 min,90.0,Moyen,Medium,27,30,"1 pièce Oignon rouge | Pm Fleur de sel | 300g Eau | 200g Vinaigre | 100g Sucre | 100g Salicorne | 1 tige Cébette | 1 pièce Mini maïs | 1 càc Huile d'olive | 1 pièce Echalote | Pm Gros sel | 2 gousses Ail | 15g Gingembre | 2 pièce Piment oiseau | 6 pièces Tomates fraîches | Pm Curcuma | Sel, poivre | 1,5Kg Maïs frais égrainé | 1 pièce Oignons | Pm Pâte de piment oiseau | 1,5L Bouillon de légume | 12g Stabilisateur | 25g Sucre | 25g Glucose | 300g Sériole | 1 barquette Vene cress | 1 barquette Ghoa cress","1. Éplucher l'oignon, puis le tailler en 6, afin d'obtenir des larmes d'oignons. 2. Réunir les 3 ingrédients dans une casserole, faire bouillir, verser la moitié chaude sur les oignons. 3. Refroidir le reste et verser une fois froid sur les salicornes préalablement lavées et essorées. 4. Tailler des biseaux de cébette. 5. Blanchir le mini maïs, puis tailler des rondelles. 6. Dans une poêle avec un filet d'huile d'olive ou à la plancha griller les maïs. 7. Cuire les maïs en vapeur, récupérer les grains de maïs. 8. Dans une casserole faire suer un oignon émincé, ajouter le maïs égrainé, mouiller avec du bouillon de légume. 9. Ajouter la pâte de piment oiseau. 10. Laisser cuire environ 20 min. 11. Peser la masse, il faut obtenir 1,5 kg de masse. 12. Séparer le solide du liquide. 13. Dans le liquide ajouter stab, sucre, et glucose. 14. Porter à ébullition 1 min. 15. Casser les grumeaux. 16. Mixer le liquide avec le solide. 17. Rectifier l'assaisonnement avec du piment et sel si besoin. 18. Mettre en bol a paco. 19. Émincer finement les échalotes. 20. Au mortier piler du gros sel, l'ail, le gingembre et le piment. 21. Concasser les tomates. 22. Dans une casserole dans un filet d'huile d'olive, faire suer les échalotes, ajouter le mélange d'aromate pilé, et les tomates. 23. Ajouter une pincée de curcuma et laisser compoter 20 min à feu doux. 24. Mixer puis passer au chinois. 25. Rectifier l'assaisonnement avec du sel et du piment si besoin. 26. Mettre en pipette. 27. Tailler des fines tranches de sériole, les plaquer dans un emporte-pièce sur assiette ronde. 28. A l'aide d'un pinceau lustrer les tranches avec de l'huile d'olive. 29. Parsemer de fleur de sel. Disposer les pickles de salicorne, d'oignons rouges, des biseaux de cébette, les rondelles de maïs. Coucher des pointes de condiment rougail. 30. Parsemer de vene cress, de ghoa cress, et poser au dernier moment la quenelle de sorbet.","« Carpaccio de sériole, rougail, sorbet » est une recette professionnelle METRO (poissons et fruits de mer) signée Kelly Rangama, composée de 27 ingrédients et 30 étapes, pour 4 portions, durée 1h30 min.","""Carpaccio de sériole, rougail, sorbet"" is a professional METRO recipe (fish & seafood) by Kelly Rangama, with 27 ingredients and 30 steps, for 4 servings.",https://www.metro.fr/inspiration/recette-chef/mer/seriole-carpaccio-rougail-mais,METRO France – metro.fr/inspiration/recette-chef
METRO-REC-0081,Coquillages fumés aux aiguilles de pin,mer,Poissons et fruits de mer,Fish & seafood,Sophie Reigner,Voyagez en Bretagne avec cette assiette remplie de fruits de mer. Découvrez cette recette facile et tout en légèreté !,2.0,40 min,40.0,Moyen,Medium,8,7,"Vin blanc | Palourdes de Quiberon | Coques origine Bretagne | Agar agar | Sel, poivre | Salicorne rayon marée origine France | 1 Citron | Huile d'olive vierge","1. Dans un fond de vin blanc, faire ouvrir les coques et les palourdes. 2. Filtrer le jus des coquillages, assaisonner. 3. Porter ce jus à ébullition et ajouter l'agar agar pendant 2 mn. 4. Couler ce jus dans les fonds d'assiettes creuses et laisser prendre au froid. 5. Déposer les coquillages sur la gelée. 6. Réaliser la vierge de salicorne avec le jus de citron, l'huile d'olive, sel et poivre. 7. Clocher l'assiette creuse et fumer l'assiette et les coquillages aux aiguilles de pin.","« Coquillages fumés aux aiguilles de pin » est une recette professionnelle METRO (poissons et fruits de mer) signée Sophie Reigner, composée de 8 ingrédients et 7 étapes, pour 2 portions, durée 40 min.","""Coquillages fumés aux aiguilles de pin"" is a professional METRO recipe (fish & seafood) by Sophie Reigner, with 8 ingredients and 7 steps, for 2 servings.",https://www.metro.fr/inspiration/recette-chef/mer/coquillage-pin-salicorne,METRO France – metro.fr/inspiration/recette-chef
METRO-REC-0082,Crevette rose sauvage et betterave,mer,Poissons et fruits de mer,Fish & seafood,Coline Faulquier,,4.0,1h,60.0,Difficile,Hard,14,21,20 Crevettes roses | 1 Betterave rouge crue | 200g Amandes émondées | 1 Betterave chioggia | 10cl Huile d'olive | 200g Crème liquide | 10cl Vinaigre de xérès | 1barquette Pousses de tagete française | Pastis pm | 1 Oignon | 1botte Thym | 5g Concentré de tomate | 1tête Ail | Eau,"1. Décortiquer les crevettes, colorer les têtes à l'huile d'olive 2. Ajouter dans la casserole l'ail, les oignons grossièrement coupés, le thym, le concentré de tomate 3. Flamber au pastis et mouiller à hauteur avec l'eau 4. Laisser cuire 4 heures 5. Passer au chinois ou dans une passoire pour récupérer le jus et faire réduire jusqu'à obtenir une consistance nappante 6. Disposer dans du film alimentaire les crevettes décortiquées puis rouler l'ensemble pour faire un rouleau de 4 cm de diamètre 7. Placer au congélateur pour que ce soit très dur 8. Lorsque c'est pris, détailler à l'aide d'un couteau ou d'une trancheuse à jambon des tranches fines de 3 mm d'épaisseur 9. Les disposer en rond pour obtenir un carpaccio 10. Éplucher les betteraves rouges 11. En tailler une en petits dés et les garder crues 12. Cuire les autres dans de l'eau puis les mixer avec le vinaigre pour avoir un appareil lisse 13. Assaisonner et réserver 14. Éplucher la betterave chioggia, la tailler en morceaux réguliers et la cuire dans un fond d'eau avec de l'huile d'olive, du thym et une gousse d'ail 15. Réserver 16. Faire torréfier les amandes puis les concasser 17. Disposer au fond d'une assiette creuse, la brunoise de betterave rouge avec les amandes torréfiées, assaisonner avec de l'huile d'olive et du sel 18. Recouvrir de pulpe de betterave au vinaigre 19. Disposer délicatement dessus le carpaccio de crevettes 20. Décorer avec quelques pointes de pulpe de betterave et les morceaux de betteraves chioggia 21. Terminer par les pluches de tagete française et verser le jus de têtes au dernier moment","« Crevette rose sauvage et betterave » est une recette professionnelle METRO (poissons et fruits de mer) signée Coline Faulquier, composée de 14 ingrédients et 21 étapes, pour 4 portions, durée 1h.","""Crevette rose sauvage et betterave"" is a professional METRO recipe (fish & seafood) by Coline Faulquier, with 14 ingredients and 21 steps, for 4 servings.",https://www.metro.fr/inspiration/recette-chef/mer/crevette-rose-betterave,METRO France – metro.fr/inspiration/recette-chef
METRO-REC-0083,"Crevette sauvage, fruits de mer, crémeux de chou-fleur, huile d'estragon",mer,Poissons et fruits de mer,Fish & seafood,,,1.0,1h,60.0,Moyen,Medium,7,13,"8 Grosses crevettes sauvages | 10cl Huile d'olive A.O.C. | 1,2L Bouillon de crustacés | 30g Agar agar | 12 Fleurettes de chou-fleur surgelé | 500g Cocktail de fruits de mer Premium | 5 Branches d'estragon frais","1. Décongeler les grosses crevettes à l'eau froide, décortiquer en gardant les deux derniers anneaux. 2. Déveiner sans ouvrir. 3. Snacker avant l'envoi. 4. Confectionner un bouillon de crustacés. 5. Refroidir le bouillon en cellule ou sur glace. 6. Filtrer, ajouter l'agar agar à froid, mélanger au fouet puis porter à ébullition en remusant sans cesse, maintenir 3 min. 7. Couper en deux ou en quatre chaque fleurette de chou-fleur, les cuire dans le bouillon, égoutter, réserver. 8. Cuire fondante les fleurettes de chou-fleur à l'eau bouillante salée. Bien égoutter. 9. Cuire sans ébullition le cocktail de fruits de mer, égoutter, réserver. 10. Infuser à l'estragon. 11. Partager dans 8 assiettes creuses les fleurettes et le cocktail de fruits de mer. 12. Couler le bouillon dans les assiettes. 13. Laisser prendre à température ambiante.","« Crevette sauvage, fruits de mer, crémeux de chou-fleur, huile d'estragon » est une recette professionnelle METRO (poissons et fruits de mer), composée de 7 ingrédients et 13 étapes, pour 1 portion, durée 1h.","""Crevette sauvage, fruits de mer, crémeux de chou-fleur, huile d'estragon"" is a professional METRO recipe (fish & seafood), with 7 ingredients and 13 steps, for 1 serving.",https://www.metro.fr/inspiration/recette-chef/mer/crevette-cremeux-chou-fleur,METRO France – metro.fr/inspiration/recette-chef
METRO-REC-0084,Daurade au fenouil,mer,Poissons et fruits de mer,Fish & seafood,Coline Faulquier,,4.0,2h,120.0,Difficile,Hard,9,21,4 - Daurades royales | 1 botte - Mélisse | 4 bulbes - Fenouil | 6 - Citrons | 10 g - Agar agar | 1 - Citron vert | 200 g - Crème liquide | 1 barquette - Pluches de mélisse citron | 1 g - Extrait de fenouil,"1. Lever les filets des daurades 2. Disposer délicatement les deux dos l'un sur l'autre pour avoir une forme régulière de « bateau » 3. Les rouler dans du film alimentaire avec les feuilles de mélisse dessus et les cuire au four vapeur 2 min à 95°C 4. Les sortir et les refroidir 5. Les deux filets doivent avoir pris ensemble durant cette cuisson 6. Les disposer sur une plaque et les remettre au four sec à 180° C pendant 3 min juste avant de servir 7. Placer les arêtes des daurades dans une casserole, mouiller à hauteur d'eau, faire cuire 20 min et passer pour en récupérer le jus 8. Faire réduire à glace et crémer 9. Ajouter quelques gouttes d'extrait de fenouil 10. Rôtir deux fenouils coupés en 2 au four sec à 180° C avec de l'huile d'olive et du thym 11. Récupérer et mixer avec de l'huile d'olive et un peu de crème liquide pour avoir une texture homogène 12. Assaisonner et disposer dans des moules silicone en forme de bille 13. Faire prendre au froid pour pouvoir ensuite démouler et disposer sur l'assiette directement 14. Presser les citrons pour en récupérer le jus 15. Peser et coller à l'agar agar à raison de 2 g au 100 g 16. Refroidir pour le faire prendre et mixer 17. La texture doit devenir comme un gel 18. Réserver en pipette 19. Disposer la daurade sur assiette, faire quelques points de gel citron pour l'acidité 20. Disposer la bille de fenouil rôti et dresser la sauce à part 21. Décorer avec les pluches de mélisse citron","« Daurade au fenouil » est une recette professionnelle METRO (poissons et fruits de mer) signée Coline Faulquier, composée de 9 ingrédients et 21 étapes, pour 4 portions, durée 2h.","""Daurade au fenouil"" is a professional METRO recipe (fish & seafood) by Coline Faulquier, with 9 ingredients and 21 steps, for 4 servings.",https://www.metro.fr/inspiration/recette-chef/mer/daurade-fenouil,METRO France – metro.fr/inspiration/recette-chef
METRO-REC-0085,Filet de cabillaud aux artichauts et aux grenailles,mer,Poissons et fruits de mer,Fish & seafood,,,10.0,40 min,40.0,Facile,Easy,10,10,"250g - Filets de cabillaud | 900g - Artichauts | 1tbsp - Jus de citron | 1,080kg - Pommes de terre grenaille Agata | 375g - Huile d'olive extra vierge | 2tbsp - Ail | 40g - Côtes d'Auvergne blanc Chardonnay | 750g - Sel et poivre | 3tbsp - Bouillon de volaille | 3 - Branches thym entier","1. Nettoyer les filets de cabillaud puis les enrouler sans les saler dans du film alimentaire. 2. Les envelopper enfin dans du papier aluminium. 3. Cuire au bain-marie 15-20 minutes à 75-80°C. 4. Laver les artichauts et les couper en deux, retirer le foin et arroser de jus de citron. 5. Laver les pommes de terre grenaille sans les éplucher et faire chauffer l'huile d'olive dans une casserole pour y faire revenir les artichauts et les pommes de terre. 6. Assaisonner. 7. Ajouter l'ail en rondelles et mouiller avec le vin blanc. 8. Verser le bouillon de volaille et laisser réduire jusqu'à ce que les légumes soient tendres. 9. Couper les rouleaux de cabillaud en deux et les dégager des feuilles de film alimentaire et du papier aluminium. 10. Disposer le poisson sur les légumes et assaisonner d'un peu de thym frais.","« Filet de cabillaud aux artichauts et aux grenailles » est une recette professionnelle METRO (poissons et fruits de mer), composée de 10 ingrédients et 10 étapes, pour 10 portions, durée 40 min.","""Filet de cabillaud aux artichauts et aux grenailles"" is a professional METRO recipe (fish & seafood), with 10 ingredients and 10 steps, for 10 servings.",https://www.metro.fr/inspiration/recette-chef/mer/cabillaud-artichauts-grenailles,METRO France – metro.fr/inspiration/recette-chef
METRO-REC-0086,Filet de maquereau en gravelax textures d'aubergine – velours d'amande,mer,Poissons et fruits de mer,Fish & seafood,Christophe Bacquié,,8.0,2h,120.0,Difficile,Hard,38,59,2 Maquereaux | 70g Sel fin rose de l'Himalaya | 30g Sucre | PM Huile d'olive citron | PM Piment d'Espelette | 3 Aubergines | 1 Citron vert | PM Sel rose de l'Himalaya | PM Piment d'Espelette | PM Zaatar | 300g Vinaigre blanc | 250g Feuilles de figuiers | 1 Aubergine blanche | 400g Miel toutes fleurs | 200g Sauce soja | 500g Vinaigre de xérès | 500g Eau minérale | 150g Huile d'olive | 3 Aubergines graffitis | PM Thym | PM Ail | 20g Gingembre | 40g Miel de châtaignier | 10g Jus de citron vert | 25g Sauce soja salé | 200g réduit à 100 g Fumet de poisson | 20g Ponzu yuzu | 80g Amandes bâtons torréfiées | 130g Lait d'amande | PM Sel de rose de l'Himalaya | PM Piment d'Espelette | 250g Feuilles de figuiers | 225g Vinaigre de figue | 75g Sucre | 4g Agar agar | 24feuilles Capucines | 32 Oxalys | PM Huile d'olive,"1. Lever les filets des maquereaux 2. Enlever la première fine peau 3. Mettre au sel/sucre pendant 15 minutes 4. Rincer 5. Désarêter 6. Portionner les morceaux de maquereau 7. Mariner avec de l'huile d'olive citron et le piment d'Espelette 8. Bruler la peau au chalumeau avant de servir 9. Cuire les aubergines au four à 180°C préalablement assaisonnées d'huile d'olive et poivre du moulin, environ 20 minutes 10. Piquer à l'aide d'un couteau pour vérifier la cuisson 11. Laisser tiédir 12. Ouvrir en deux 13. Récupérer la pulpe 14. Mettre sous presse pendant 1 heure 15. Mixer la pulpe avec le reste des ingrédients 16. Rectifier l'assaisonnement 17. Mettre en poche à douille 18. Faire mariner les feuilles de figuiers et le vinaigre 19. Passer au chinois 20. Récupérer le vinaigre aromatisé 21. Tailler des tranches de 0,5 cm d'épaisseur à la trancheuse 22. Réaliser 24 pièces à l'aide d'un emporte-pièce rond 23. Huiler légèrement chaque rondelle 24. Griller aussitôt 25. Assaisonner 26. Réserver 27. Couper en 3 les aubergines dans le sens de la hauteur avec la peau mais sans les pepins sur 1 cm d'épaisseur 28. Assaisonner celles-ci d'huile d'olive, jus de citron, sel et piment d'Espelette 29. Les disposer dans une poche sous vide 30. Cuire à 95°C pendant environ 10 minutes 31. Les glacer à la sortie du four 32. Réaliser la marinade 33. Faire bouillir le miel 34. Ajouter le vinaigre de xérès, la sauce soja, l'eau et l'huile d'olive 35. Refroidir 36. Ouvrir les poches de peaux d'aubergines 37. Les verser dans un bac 38. Ajouter la marinade 39. Filmer au contact 40. Réserver au frais 41. Tailler de fines tranches 42. Les disposer sur une plaque 43. Arroser d'huile d'olive, fleur de sel et piment d'Espelette 44. Émincer le gingembre 45. Ajouter le miel et le gingembre dans une casserole 46. Faire blondir 47. Ajouter le fumet, la sauce soja, le ponzu yuzu, les amandes torréfiées, le miel et le gingembre dans la cuve du vitamix 48. Mixer le tout 49. Ajouter le lait d'amande 50. Mixer de nouveau 51. Rectifier avec le jus de citron vert et l'assaisonnement 52. Laisser au frigo 53. Faire sécher au déshydrateur les feuilles de figuiers (ou au four ventilation minimum 80°C 1h30) 54. Mixer les feuilles 55. Les passer au chinois étamine fin 56. Porter à ébullition tous les ingrédients 57. Laisser refroidir 58. Mixer 59. Dresser harmonieusement à votre goût suivant la photo","« Filet de maquereau en gravelax textures d'aubergine – velours d'amande » est une recette professionnelle METRO (poissons et fruits de mer) signée Christophe Bacquié, composée de 38 ingrédients et 59 étapes, pour 8 portions, durée 2h.","""Filet de maquereau en gravelax textures d'aubergine – velours d'amande"" is a professional METRO recipe (fish & seafood) by Christophe Bacquié, with 38 ingredients and 59 steps, for 8 servings.",https://www.metro.fr/inspiration/recette-chef/mer/filet-maquereau-gravelax,METRO France – metro.fr/inspiration/recette-chef
METRO-REC-0087,"Fricassée d'asperges blanches en timbale de macaronis, quelques langoustines",mer,Poissons et fruits de mer,Fish & seafood,,,4.0,1h,60.0,Moyen,Medium,21,11,120g Macaronis | Gros sel | 300g Asperges blanches | Gros sel | 1 jaune Oeuf | 10g Moutarde forte | 150ml Huile de corail | Sel | 150g Eau | 167g Farine | 3g Sel | 83g Sucre | 4 pièces Langoustines de Bretagne | Beurre demi-sel | 100g Epinards | Beurre demi-sel | Feuilles d'épinard détaillées | Fleurs | Cerfeuil ciselé | Copeaux d'asperges blanches | Poudre de corail,"1. Cuire les macaronis dans l'eau bouillante salée 7 minutes puis les égoutter, les coller les uns contre les autres sur une plaque inox. 2. Détailler des bandes de 3 cm de hauteur et chemiser le cercle légèrement beurré. 3. Éplucher les asperges blanches et les cuire dans l'eau bouillante salée pendant 6 minutes, les refroidir puis les détailler en tronçons de 4cm. 4. Conserver au froid. 5. Mélanger le jaune d'oeuf, la moutarde et le sel puis monter avec l'huile de corail. 6. Mélanger tous les ingrédients puis cuire dans des moules adaptés 4 minutes à 160°C. 7. Rôtir les langoustines au beurre demi sel en les gardant bien nacrées. 8. Faire sauter très brièvement les épinards au beurre demi sel. 9. Dresser la timbale de macaronis sur assiette, déposer les épinards au fond puis faire revenir les asperges au beurre, les saupoudrer de cerfeuil ciselé et les disposer sur les épinards dans la timbale. 10. Déposer les langoustines, les copeaux d'asperge crus assaisonnés d'huile d'olive et de fleur de sel, la tuile dentelle, la poudre de corail et quelques points de mayonnaise coraillée. 11. Finir avec les feuilles d'épinards et les pétales de fleurs.","« Fricassée d'asperges blanches en timbale de macaronis, quelques langoustines » est une recette professionnelle METRO (poissons et fruits de mer), composée de 21 ingrédients et 11 étapes, pour 4 portions, durée 1h.","""Fricassée d'asperges blanches en timbale de macaronis, quelques langoustines"" is a professional METRO recipe (fish & seafood), with 21 ingredients and 11 steps, for 4 servings.",https://www.metro.fr/inspiration/recette-chef/mer/fricassee-asperge-macaroni-langoustine,METRO France – metro.fr/inspiration/recette-chef
METRO-REC-0088,Gravlax de mulet,mer,Poissons et fruits de mer,Fish & seafood,,,6.0,45 min,45.0,Moyen,Medium,13,13,600g Filet de mulet | 100g Sel de mer | 80g Sucre en poudre | 1 Orange à jus non traitée filière | 25g Gingembre frais | 5cl Saké de cuisine | 1càs Fenouil graines | 2 Pamplemousse rose | Mélange d'Algues épicées pêchées en Atlantique Nord-Est | 180g Faisselle | 1càs Graines de sésame noir | 1càs Graines de sésame blanc décortiquées | 2càs Huile de tournesol,"1. Enrober le filet de mulet dans le mélange de sel et de sucre 2. Filmer et réserver au frais 8 heures 3. Après les 8 heures de repos, enlever le filet de mulet du sel/sucre 4. Laver à l'eau claire, bien sécher le poisson 5. Dans un plat creux, déposer le mulet, zester l'orange, ajouter le gingembre râpé, le saké, le jus d'une demie orange, le fenouil 6. Déposer le mulet, masser légèrement avec la marinade 7. Enlever le filet et parsemer côté chair d'aneth hachée 8. Réserver au frais 30/40 mn dans un film alimentaire bien serré 9. Préparer les segments de pamplemousse 10. Réserver 11. Préparer la vinaigrette pour la salade d'algues 12. Trancher comme le saumon 13. Servir avec la salade d'algues, pamplemousse, une quenelle de faisselle et une tranche fine de pain toasté","« Gravlax de mulet » est une recette professionnelle METRO (poissons et fruits de mer), composée de 13 ingrédients et 13 étapes, pour 6 portions, durée 45 min.","""Gravlax de mulet"" is a professional METRO recipe (fish & seafood), with 13 ingredients and 13 steps, for 6 servings.",https://www.metro.fr/inspiration/recette-chef/mer/gravlax-mulet,METRO France – metro.fr/inspiration/recette-chef
METRO-REC-0089,"Homard, mezzaluna de légumes, sauce potagère",mer,Poissons et fruits de mer,Fish & seafood,,,,,,,,13,7,Blanc de poireaux 250g | Beurre | Tête de homard 500g | Concentré de tomate | Bouillon potagère 250g | Bouillon de tête de homard PM | Truffe noire PM | Lait | Blanc de poireaux 400g | Courgette verte 400g | Bouillon de tête de homard réduit | Jaune œuf liquide | Beurre de homard,"1. Tailler en paysanne les légumes. Faire mousser le beurre puis y faire revenir la garniture taillée. Quand celle-ci est bien suée, mouiller à hauteur a l'eau et laisser cuire 30 minutes. Filtrer le liquide à l'aide d'un chinois et le faire réduire jusqu'à obtenir un bouillon bien parfumé. Réserver au frais. 2. Tailler la garniture aromatique en paysanne. Dans un rondeau bas, faire revenir vivement les têtes de homard préalablement détaillé en morceaux de 6cm par 6cm. Quand les carapaces sont bien cardinalisées, ajouter la garniture aromatique, puis faire suer. Ajouter en suite le concentré de tomate. Flamber au pastis puis mouiller à hauteur à l'eau. Laisser cuire 45minutes après le point d'ébullition. Filtrer puis faire réduire si nécessaire afin d'obtenir un bouillon bien parfumé en homard. 3. Dans une russe, venir réchauffer le bouillon potagère et le bouillon de tête de homard ensemble. Rectifier l'équilibre des saveurs si nécessaire. Il faut que le bouillon soit porté sur le bouillon potagère sans effacer le gout du crustacé. Ajouter la truffe préalablement hachée pour infuser dans la sauce. Crémer légèrement et mixer à l'aide d'un mixer plongeant. Rectifier la texture si besoin en réduisant le sauce. 4. Laver, éplucher, puis taille en Matignon tous les légumes de la garniture (tailler que le vert des courgettes). Sauter ensuite à l'huile d'olive, puis mélanger tous les légumes. Incorporer le bouillon de tête de homard réduit. Rectifier l'assaisonnement. Mettre en poche a douille. 5. Dans un cul de poule, mélanger jusqu'à obtenir une pate a consistances légèrement élastique. Abaisser finement la pâte à raviole au laminoir. Emporte-piècer en ronds vos pates. Ajouter de la farce au centre du cercle de pate. Refermer puis faire une jointure a l'aide d'un emporte-pièce d'une taille inférieure. 6. Dans une nage, précuire les queues de homard 2 minutes a partir du point d'ébullition. Décortiquer, puis tailler en médaillon les queues. A l'envoie, raidir et remonter en température sans le surcuire le médaillon dans le beurre de homard. 7. Blanchir une raviole par personne. Finir la cuisson dans un glaçage à base de fond blanc et beurre de homard. Faire réchauffer la sauce potagère truffée et finaliser la cuisson du médaillon de homard comme expliquer plus haut. Dans une assiette creuse, venir disposer la mezza Luna de légume puis le médaillon de homard. Foisonner la sauce potagère a l'aide du mixeur plongeant. Ne pas hésiter a ajouté un peu de lait froid afin de faciliter le foisonnement. Verser quelques cuillères de sauce potagère puis ajouter l'émulsion.","« Homard, mezzaluna de légumes, sauce potagère » est une recette professionnelle METRO (poissons et fruits de mer), composée de 13 ingrédients et 7 étapes.","""Homard, mezzaluna de légumes, sauce potagère"" is a professional METRO recipe (fish & seafood), with 13 ingredients and 7 steps.",https://www.metro.fr/inspiration/recette-chef/mer/homard-mezzaluna-legumes-potagere-truffe,METRO France – metro.fr/inspiration/recette-chef
METRO-REC-0090,"Huîtres de veules les roses, cèpes et livèche",mer,Poissons et fruits de mer,Fish & seafood,Suzanne Waymel,,4.0,30 min,30.0,Difficile,Hard,9,17,12 Huîtres de veules les roses | 4 branches Livèche | 6 feuilles Gélatine | 1 pièce Citron caviar | 8 Cèpes | 1 botte Ciboulette | Huile de noisette | 30g Noisettes torréfiées & concassées | 1 pièce Citron caviar,"1. Ouvrir les huîtres, récupérer leur eau puis la filtrer 2. Faire bouillir l'eau des huîtres et y ajouter la livèche (garder quelques feuilles pour le tartare et la déco) 3. Filmer et réserver pour laisser infuser 4. Coller avec 2 feuilles de gélatine, assaisonner 5. Étaler sur une plaque et réserver au frais 6. Pour les huîtres, les tailler de façon à garder les nerfs pour réaliser un tartare qu'on assaisonnera avec un peu de livèche ciselée, poivre et citron caviar 7. Nettoyer les cèpes et couper légèrement les pieds 8. Conserver les parures pour réaliser un consommé 9. Faire réduire le consommé et le beurrer légèrement 10. Assaisonner et réserver 11. Escaloper et strier deux belles tranches de cèpes, les assaisonner 12. Réaliser une belle brunoise avec le reste des cèpes 13. Assaisonner cette brunoise avec ciboulette, huile de noisette, noisettes concassées, citron caviar, sel et poivre 14. Snacker les huîtres en les assaisonnant ensuite faire griller les tranches de cèpes 15. Dresser à l'emporte-pièce le tartare de cèpes 16. Déposer la fine gelée au jus d'huître et disposer harmonieusement les huîtres, quelques feuilles de livèche et quelques points de vinaigre de sarriette 17. Réaliser deux traits de consommé de champignon au pinceau et disposer une belle quenelle de tartare d'huître sur les cèpes bien chauds et grillés.","« Huîtres de veules les roses, cèpes et livèche » est une recette professionnelle METRO (poissons et fruits de mer) signée Suzanne Waymel, composée de 9 ingrédients et 17 étapes, pour 4 portions, durée 30 min.","""Huîtres de veules les roses, cèpes et livèche"" is a professional METRO recipe (fish & seafood) by Suzanne Waymel, with 9 ingredients and 17 steps, for 4 servings.",https://www.metro.fr/inspiration/recette-chef/mer/huitre-cepe-liveche,METRO France – metro.fr/inspiration/recette-chef
METRO-REC-0091,Huîtres plancha cornichon,mer,Poissons et fruits de mer,Fish & seafood,Quentin Ledeunff,,4.0,45 min,45.0,Difficile,Hard,9,18,21 Huîtres | 28g Cornichons | 8g Persil plat | 10g Pain de mie | 24g Huile d'olive | Jus de citron | 50g Crème liquide | 1/2feuille Gélatine | 1 Pain de seigle,"1. Ouvrir les huîtres et couper les nerfs 2. Rincer à l'eau froide 3. Sécher sur un sopalin et récupérer le jus d'huître filtré 4. Mixer grossièrement au blender les cornichons, le persil ainsi que le pain de mie 5. Puis ajouter l'huile d'olive ainsi que le jus d'huître préalablement récupéré 6. Goûter et rectifier en sel fin 7. Attention : ne pas trop mixer afin de garder des morceaux 8. Mixer une huître avec le jus d'huître, avec un trait de jus de citron ainsi qu'une pincée de sel fin au blender 9. Faire fondre à feu doux la feuille de gélatine dans 15 g de crème liquide. Une fois la gélatine fondue ajouter le tout dans le reste de crème liquide (35 g) 10. Mélanger et ajouter le tout dans un blender 11. Mixer deux secondes, passer au chinois extra fin et verser dans un petit siphon 0,5 L 12. Gazer avec une cartouche de gaz et réserver en chambre froide 13. Couper un pain de seigle en 4 et le réserver au congélateur 14. Couper à la trancheuse à jambon (1,5) une fois dur 15. Détailler à l'emporte-pièce, disposer entre deux feuilles de papier sulfurisé ainsi qu'entre deux plaques à pâtisserie 16. Laisser sécher et légèrement colorer au four à 170° C à sec à 0% d'humidité à peine 10 min maximum 17. Dans l'assiette disposer 5 points de condiment cornichon 18. Snacker les huîtres au beurre clarifié, assaisonner. Disposer ensuite les huîtres sur les points de condiment cornichon. À l'aide du siphon, déposer 3 points d'espuma huîtres autour. Déposer des billes de citron caviar sur les huîtres. Ajouter 2 à 3 tuiles de pain de seigle par assiette.","« Huîtres plancha cornichon » est une recette professionnelle METRO (poissons et fruits de mer) signée Quentin Ledeunff, composée de 9 ingrédients et 18 étapes, pour 4 portions, durée 45 min.","""Huîtres plancha cornichon"" is a professional METRO recipe (fish & seafood) by Quentin Ledeunff, with 9 ingredients and 18 steps, for 4 servings.",https://www.metro.fr/inspiration/recette-chef/mer/huitre-plancha-cornichon,METRO France – metro.fr/inspiration/recette-chef
METRO-REC-0092,"La Saint-Jacques, les épices et un souvenir de Noël",mer,Poissons et fruits de mer,Fish & seafood,,,2.0,3h,180.0,Moyen,Medium,34,37,2 Noix de Saint-Jacques | 100g Gros sel marin | 15cl Jus de fruits de la passion | 30cl Jus d'ananas | 15cl Huile d'amande | 4 Pistils de safran | 10cl Eau de source | 8cl Vinaigre de riz | 20g Crème crue | 1pointe Cardamome moulue | 10g Sucre | Sel et poivre | 2 Saint-Jacques en coque | 300g Epinards | 10g Caviar Sturia | 5g Satay | 20cl Jus de coquillages | 20cl Lait entier | 5cl Crème | 5cl Perrier frais | 1pointe Xanthane | 1noix Beurre demi-sel | 2 Saint-Jacques | 1 Panais | 40cl Lait entier | 1 Barde de Saint-Jacques | 30cl Vieux porto | 20cl Lait entier | 1lamelle Wakamé | 2 Echalotes ciselées | 1feuille Lime | Beurre | Sel et poivre | Huile d'olive,"1. Mariner durant 2 h les noix dans le gros sel 2. Les rincer 3. Remettre à mariner 1 h dans l'eau de source, le sucre et le vinaigre de riz 4. Égoutter les Saint-Jacques 5. Les tailler en fines lamelles 6. Réserver au frais 7. Réaliser la crème crue en la mélangeant avec la cardamome, le sel et le poivre 8. Réserver 9. Monter la vinaigrette avec les jus de passion et d'ananas, le safran et l'huile d'amande 10. Dresser en commençant par la crème crue, les lamelles de Saint-Jacques et la vinaigrette 11. Préchauffer le four à 140° C 12. Réaliser la sauce satay : blanchir les épinards 13. Les rafraichir immédiatement 14. Égoutter, mixer avec le satay, le Perrier et le xanthane 15. Réserver au chaud 16. Réduire le jus de coquillages à glace 17. Donner une ébullition avec la crème 18. Monter au mixeur avec le lait entier 19. Réserver au chaud 20. Cuire les Saint-Jacques 3 min au four avec une noisette de beurre 21. Dresser dans le fond des coquilles la sauce satay 22. Poser la noix 23. Poser une quenelle de caviar 24. Poser une pointe d'émulsion de coquillages 25. Infuser dans le lait à 43° C le wakamé, durant 1 h 26. Passer 27. Faire revenir les bardes de Saint-Jacques avec les échalotes 28. Mouiller au porto 29. Réduire avec la feuille de lime 30. Passer 31. Monter au beurre 32. Réserver au chaud 33. Cuire les Saint-Jacques à l'unilatérale 30s 34. Cuire le panais, préalablement taillé en brunoise, dans le lait 35. Réaliser une purée très souple 36. Rectifier l'assaisonnement 37. Dresser à l'aide de tous les éléments","« La Saint-Jacques, les épices et un souvenir de Noël » est une recette professionnelle METRO (poissons et fruits de mer), composée de 34 ingrédients et 37 étapes, pour 2 portions, durée 3h.","""La Saint-Jacques, les épices et un souvenir de Noël"" is a professional METRO recipe (fish & seafood), with 34 ingredients and 37 steps, for 2 servings.",https://www.metro.fr/inspiration/recette-chef/mer/saint-jacques-epices-noel,METRO France – metro.fr/inspiration/recette-chef
METRO-REC-0093,"Langoustine en taco tricolore, émulsion de langoustine et consomme mexicain de langoustine",mer,Poissons et fruits de mer,Fish & seafood,Enrique Casarrubias,,10.0,1h30 min,90.0,Difficile,Hard,49,75,100g - Farine de masa nixtamalisée bleue | 200g - Farine de masa nixtamalisée jaune | 10g - Poudre de charbon | PM - Eau chaude | PM - Sel | 15 - Langoustines 3/4 | QS - Pinces de langoustine | 1 - Carotte | 1 - Oignon | 2gousses - Ail | 1branche - Céleri | 2 - Tomates rouges | 1cas - Concentré de tomate | 100g - Cognac | PM - Eau | 15-20g - Piment guajillo | 120g - Beurre doux | PM - Huile de pépins de raisin | Restes des carapaces de queues | 15-20g - Piment guajillo | 300g - Huile de langoustine | 1 - Jaune d'œuf | 30g - Vinaigre de Xeres | 20g - Moutarde à l'ancienne | QS - Sel | 200g - Bisque de langoustine | 50g - Beurre | 2g - Xanthan | 80g - Botte d'oseille | 150g - Lait | 1g - Acide citrique | 1g - Acide ascorbique | 2g - Xanthan | 300g - Tomates rouges | 500g - Oignon | 3 - Clous de girofle | 1bâton - Cannelle | 5g - Cumin | 50g - Guajillo | 15g - Pasilla | QS - Vinaigre de Xeres | 30% - Adobo | 70% - Bisque | PM - Jus de citron vert | 1 - Carotte | 1branche - Céleri | 5 - Queues de langoustine en brunoise | 1botte - Ciboulette | 1barquette - Coriandre cress,"1. Mélanger tous les ingrédients dans un bol, pour obtenir une pâte homogène, qui ne colle pas au doigts et pas trop sèche non plus pour que la pâte ne casse pas quand on l'écrase entre les doigts 2. Réaliser des boules de masa jaune de 24 g, de masa bleu de 12 g, et de masa noir de 6 g 3. Empiler les 3 boules, et avec une presse à tortilla 4. Aplatir le tout pour obtenir un tortilla 5. Effectuer une pré-cuisson sur une plancha, jusqu'à ce qu'elle ne soit plus fragile 6. La garder sous un torchon pour éviter qu'elle ne sèche 7. Conserver sa chaleur 8. Séparer les pinces, queues et têtes, les pinces vont être utilisées pour effectuer la bisque 9. Décortiquer les queues de langoustines 10. Garder les carapaces pour effectuer l'huile de langoustine 11. Enlever les antennes, les petites pattes et la corne 12. Réserver les têtes : elles seront cuites puis farcies 13. Ajouter un filet d'huile dans un rondeau 14. Chauffer jusqu'à ce que ça commence à fumer 15. Ajouter les pinces de langoustine 16. Les cuire jusqu'à ce qu'elles deviennent légèrement marron 17. Ajouter 40 g de beurre, la carotte, l'oignon, l'ail, le céleri branche et le piment guajillo sans pépins 18. Cuire jusqu'à ce que la garniture soit bien caramélisée 19. Ajouter les tomates, et le reste de beurre 20. Continuer la cuisson jusqu'à ce que les tomates soient bien cuites et qu'il n'y ait plus de liquide dans le rondeau 21. Ajouter le cognac 22. Faire flamber 23. Ajouter de l'eau : jusqu'à 2 cm au-dessus des ingrédients, quand il n'y a plus de feu 24. Faire bouillir 25. Ecumer 26. Laisser cuire pendant 45 minutes à feu moyen 27. Passer au chinois étamine, quand le goût de la bisque est bon 28. Ne pas oublier de bien presser sur les ingrédients de la bisque dans le chinois étamine pour en extraire le maximum de bisque 29. Mettre à côté 30. Mettre tous les ingrédients ensemble dans une casserole 31. Chauffer jusqu'à l'apparition des bulles 32. Baisser le feu 33. Laisser cuire tranquillement pendant au moins 10 minutes, ou jusqu'à ce il n'y ait plus de bulle 34. Mixer à puissance maximum l'ensemble pendant 5 minutes dans un mixeur puissant 35. Passer au chinois étamine avec un couche de torchon pour enlever les sédiments 36. Mettre tous les ingrédients dans un bain-marie sauf l'huile de langoustine 37. Mélanger tout pour obtenir un mélange homogène, avec l'aide d'un mixeur à main 38. Ajouter l'huile de langoustine petit à petit comme un mayonnaise 39. Assaisonner avec du sel 40. Chauffer la bisque dans une casserole 41. Ajouter le beurre froid 42. Mixer avec un mixeur à main 43. Ajouter le xanthan 44. Le résultat c'est un glaçage fluide mais épais. Ceci est destiné à glacer les langoustines après cuisson. 45. Mettre tous les ingrédients ensemble dans un mixer puissant 46. Mixer pour obtenir une purée lisse et homogène 47. Torrifier les ingrédients comme suivant : 48. A) Guajillo - 180°C/ ventilation 3/5 / 3 minutes 49. B) Pasilla - 180°cC/ ventilation 3/5 / 2 minutes 50. C) Cannelle/cumin/clou de girofle - 180°C / ventilation 3/5 / 5 minutes 51. Faire suer les oignons, et tous les ingrédients torréfiés préalablement dans un rondeau 52. Ajouter les tomates en les écrasant pour faire sortir leur jus 53. Couvrir à hauteur avec l'eau 54. Mijoter tout jusqu'à ce que presque tout le liquide soit évaporé 55. Mixer pour une texture lisse 56. Passer au chinois 57. Rectifier l'assaisonnement avec du sel et du vinaigre 58. Mélanger le reste de bisque avec l'adobo (avec le ratio indiqué) 59. Rectifier l'assaisonnement avec du sel et jus de citron vert au goût 60. Tailler la carotte et le céleri branche en brunoise 61. Blanchir à l'anglaise en gardant un léger croquant 62. Ciseler la ciboulette 63. Mélanger les légumes avec les brunoises de queue de langoustines 64. Poser dans le récipient pour le service 65. Poser quelques feuilles de coriandre cress 66. Piquer les langoustines dans le sens vertical avec une forme de ""V"" pour garder les langoustines bien droites pendant la cuisson, avec 2 fines brochettes 67. Cuire les sur le charbon bien chaud pendant 30 secondes de chaque côté 68. Cuire les têtes de langoustines en même temps que les queues 69. Farcir avec l'émulsion de langoustine 70. Mouiller les tortillas avec un peu d'huile de langoustine 71. Toaster sur une plancha pour réchauffer 72. Laquer les langoustines avec le laquage sur un plaque avec un grille 73. Ajouter le condiment d'oseilles avec une forme de ""Z"" sur toute la longueur de la langoustine 74. Chauffer le consommé dans une casserole 75. Le transférer dans un pichet pour être verser sur la garniture lors du service à table","« Langoustine en taco tricolore, émulsion de langoustine et consomme mexicain de langoustine » est une recette professionnelle METRO (poissons et fruits de mer) signée Enrique Casarrubias, composée de 49 ingrédients et 75 étapes, pour 10 portions, durée 1h30 min.","""Langoustine en taco tricolore, émulsion de langoustine et consomme mexicain de langoustine"" is a professional METRO recipe (fish & seafood) by Enrique Casarrubias, with 49 ingredients and 75 steps, for 10 servings.",https://www.metro.fr/inspiration/recette-chef/mer/langoustine-taco-tricolore,METRO France – metro.fr/inspiration/recette-chef
METRO-REC-0094,"Langoustine panée au riz soufflé, mayonnaise au cerfeuil, jus de carottes acidulées",mer,Poissons et fruits de mer,Fish & seafood,,,2.0,30 min,30.0,Facile,Easy,11,12,"2 - Langoustines, calibre 10/15 | 200g - Rice Krispies | 1 - Blanc d'œuf | 1 - Jaune d'œuf | 1cas. - Moutarde | 25cl - Huile de pépins de raisin | 10g - Beurre demi-sel | 1cm - Gingembre frais | 1 - Poivre de Timut, sel, poivre | 25cl - Jus de carottes | 1/3botte - Cerfeuil","1. Décortiquer les langoustines délicatement, en gardant la queue attenante 2. Les réserver 3. Faire réduire le jus de carottes avec le gingembre et le poivre de Timut 4. Passer 5. Monter au beurre et réserver 6. Monter la mayonnaise bien serrée en ajoutant dès le début le sel et le poivre 7. Ajouter le cerfeuil haché, réserver au frais 8. Battre très légèrement le blanc d'œuf afin qu'il soit mousseux 9. Tremper les langoustines 10. Tremper dans les Rices Krispies 11. Marquer 10 secondes les langoustines dans une poêle chaude de chaque côté 12. Dresser harmonieusement","« Langoustine panée au riz soufflé, mayonnaise au cerfeuil, jus de carottes acidulées » est une recette professionnelle METRO (poissons et fruits de mer), composée de 11 ingrédients et 12 étapes, pour 2 portions, durée 30 min.","""Langoustine panée au riz soufflé, mayonnaise au cerfeuil, jus de carottes acidulées"" is a professional METRO recipe (fish & seafood), with 11 ingredients and 12 steps, for 2 servings.",https://www.metro.fr/inspiration/recette-chef/mer/langoustine-panee-riz-souffle,METRO France – metro.fr/inspiration/recette-chef
METRO-REC-0095,"Langoustine XXL, radis green meat, jus des têtes",mer,Poissons et fruits de mer,Fish & seafood,Gilles Leininger,Réalisez une assiette où la langoustine est à l'honneur avec son origami de radis et un gel de pamplemousse.,8.0,1h35 min,95.0,Moyen,Medium,23,21,"250g Radis Green Meat | 50cl Vinaigre de riz | 50g Sucre | 25g Sel | PM Chair des pinces | PM Gel de pamplemousse | 100g Jus de pamplemousse | 2,5g Agar Agar | 5g Sel | 20g Sucre | 7,5g Huile d'olive | 16 Têtes de langoustine | 1 Echalote | 20g Carottes | 1 Bouquet garni | 15cl Porto rouge | 1cuillère Concentré de tomate | PM Huile d'olive | 16 Queues de langoustine | 4feuilles Brick | 25g Beurre clarifié | 50g Skyr | zeste Citron vert","1. Dérouler à la mandoline japonaise des bandes de radis. Détailler 8 cercles de 7 cm. 2. Avec le reste, tailler de fines juliennes. 3. Préparer la saumure avec le vinaigre de riz, sel et sucre, puis verser sur les disques de radis. 4. Assaisonner la julienne avec le sel et le poivre, ajouter la chair des pinces et lier au gel de pamplemousse. 5. Réaliser des ravioles. 6. Réaliser le gel en portant à ébullition pendant 1 min. 7. Finir par l'huile d'olive et refroidir aussitôt. 8. Mixer à froid une fois figé. 9. Réserver en poche. 10. Pincer les têtes de langoustine dans l'huile chaude, ajouter la garniture aromatique et pousser la coloration. 11. Ajouter le concentré de tomate puis déglacer au Porto rouge. 12. Flamber puis mouiller à hauteur. 13. Cuire pendant 30 min puis filtrer et réduire jusqu'à consistance. 14. Réaliser avec la feuille de brick des tartelettes en superposant feuille de brick – beurre clarifié. 15. Réserver au froid, puis détailler à l'emporte-pièce et foncer les tartelettes. Cuisson à 170 °C pendant 15 min. 16. Cuire 8 queues de langoustine au four mixte à 140 °C pendant 1 min. 17. Tailler les 8 autres en tartare puis assaisonner de Skyr, sel, poivre et zeste de citron vert. 18. Dresser la langoustine cuite accompagnée de la raviole, dans l'assiette. 19. Décorer avec le gel de pamplemousse. 20. Déposer la tartelette à part. 21. Verser le jus en saucière.","« Langoustine XXL, radis green meat, jus des têtes » est une recette professionnelle METRO (poissons et fruits de mer) signée Gilles Leininger, composée de 23 ingrédients et 21 étapes, pour 8 portions, durée 1h35 min.","""Langoustine XXL, radis green meat, jus des têtes"" is a professional METRO recipe (fish & seafood) by Gilles Leininger, with 23 ingredients and 21 steps, for 8 servings.",https://www.metro.fr/inspiration/recette-chef/mer/langoustine-radis-green-meat-jus-tetes,METRO France – metro.fr/inspiration/recette-chef
METRO-REC-0096,Lasagne au saumon et aux épinards,mer,Poissons et fruits de mer,Fish & seafood,,Les lasagnes au saumon et épinards allient la douceur du poisson et la richesse des légumes dans un plat savoureux et réconfortant.,10.0,30 min,30.0,Facile,Easy,7,12,"800g Epinards frais | 2 Echalotes | 40cl Crème liquide 30% | 1,3kg Saumon | 1kg Lasagnes | 700g Mozzarella | 200g Parmesan râpé","1. Émincer grossièrement les épinards 2. Sur feu doux faire tomber les épinards 3. Emincer finement les échalotes 4. Ajouter l'échalote et 40 cl de crème 5. Assaisonner 6. Couper le saumon en petit dès, l'ajouter à la sauteuse et poursuivre la cuisson 5 minutes 7. Faire bouillir de l'eau salée (100 g de plaques de lasagnes crues pour 1 l d'eau) 8. Faire cuire les plaques de lasagne 1 à 2 minutes puis les égoutter 9. Monter les lasagnes : un filet de crème puis pâtes puis le mélange épinards/saumon puis de la mozzarella émiettée 10. Renouveler l'opération et terminer en versant le reste de crème de mozzarella 11. Saupoudrer de parmesan rapé 12. Enfourner 15 à 20 minutes à 180°C","« Lasagne au saumon et aux épinards » est une recette professionnelle METRO (poissons et fruits de mer), composée de 7 ingrédients et 12 étapes, pour 10 portions, durée 30 min.","""Lasagne au saumon et aux épinards"" is a professional METRO recipe (fish & seafood), with 7 ingredients and 12 steps, for 10 servings.",https://www.metro.fr/inspiration/recette-chef/mer/lasagne-saumon-epinards,METRO France – metro.fr/inspiration/recette-chef
METRO-REC-0097,"Le chapon de Méditerranée et homard bleu, bouillon au vadouvan, livèche et artichauts violets",mer,Poissons et fruits de mer,Fish & seafood,Tourteaux,,4.0,3h,180.0,Moyen,Medium,42,41,"4 pièces de 100 à 120g - Filets de chapon de Méditerranée, type rascasse rouge | 2 pièces de 500 à 600g - Homard bleu vivant | QS - Huile d'olive | 30g - Beurre | QS - Sel fin | QS - Fleur de sel | QS - Poivre blanc | 1kg - Moules | 60g - Échalotes | 1gousse - Ail | ½botte - Persil plat | 15cl - Vin blanc sec | 2cl - Huile d'olive | QS - Poivre | 50cl - Jus de moules filtré | 150g - Oignons blancs émincés | 8 à 10g - Vadouvan | 10 cl - Vin blanc sec | 20 g - Beurre | 2 cl - Huile d'olive | QS - Sel fin | 4 - Artichauts poivrade | 1 - Fenouil | 4 - Navets nouveaux | 2 - Sucrines | 15cl - Jus de moules réduit au vadouvan | 2cl - Huile d'olive | 20 g - Beurre | QS - Sel fin | 200g - Oignons blancs | 30g - Anchois à l'huile | 1petite gousse - Ail dégermé | 5cl - Crème ou lait | 8cl - Huile d'olive | 20g - Beurre | Quelques gouttes - Vinaigre de cidre ou jus de citron | QS - Sel fin | 4petites feuilles - Oseille | 8petites feuilles - Basilic | QSPousses - Livèche de La Pousseraie | QS - Huile d'olive à la livèche, confectionnée par Gaël et Mickaël avec l'Huilerie Saint-Michel à Menton | QS - Fleur de sel","1. Nettoyer soigneusement les moules 2. Dans une casserole, faire suer les échalotes émincées avec l'ail et un filet d'huile d'olive 3. Ajouter les moules, le persil, puis déglacer au vin blanc 4. Couvrir et laisser ouvrir les moules rapidement, comme pour une marinière 5. Débarrasser les moules, filtrer soigneusement le jus et le réserver 6. Dans une casserole, faire tomber doucement les oignons blancs émincés avec un filet d'huile d'olive et une noix de beurre, sans coloration 7. Ajouter le vadouvan entier et le faire légèrement torréfier afin d'en libérer les parfums 8. Déglacer au vin blanc, réduire, puis remouiller avec le jus de moules filtré 9. Laisser cuire et réduire doucement jusqu'à obtenir un jus iodé, parfumé et légèrement épicé 10. Filtrer si nécessaire et rectifier l'assaisonnement 11. Conserver une partie du bouillon plus fluide pour le service à part, et réduire une autre partie pour glacer les poissons, le homard et les légumes 12. Porter un bouillon à ébullition 13. Cuire les homards rapidement : 2 min pour les corps, 4 min pour les pinces 14. Refroidir légèrement, puis décortiquer soigneusement 15. Réserver les queues et les pinces. Elles seront rôties au moment de l'envoi avec une noix de beurre et un filet d'huile d'olive 16. Tourner les artichauts et les conserver dans une eau légèrement citronnée 17. Tailler le fenouil en quartiers fins 18. Éplucher les navets nouveaux et les tailler selon leur taille 19. Couper les sucrines en deux ou en quartiers 20. Cuire séparément les artichauts, le fenouil, les navets et les sucrines afin de respecter la texture de chaque légume 21. Au moment du service, glacer les légumes dans un peu de jus de moules réduit au vadouvan, avec une noix de beurre et un filet d'huile d'olive 22. Les légumes doivent rester brillants, tendres, mais garder du relief et de la fraîcheur 23. Émincer les oignons blancs et les faire compoter doucement avec le beurre et l'huile d'olive, sans coloration 24. Ajouter l'ail dégermé et les anchois 25. Laisser fondre l'ensemble doucement 26. Mixer avec un peu de crème ou de lait pour obtenir une texture lisse et nappante 27. Rectifier l'équilibre avec quelques gouttes de vinaigre de cidre ou de jus de citron 28. La bagna cauda doit être douce, profonde, légèrement saline, avec une belle rondeur d'oignon blanc 29. Réserver au chaud 30. Assaisonner les filets de chapon de Méditerranée avec du sel fin et du poivre blanc 31. Les rôtir doucement côté peau avec un filet d'huile d'olive 32. Ajouter une noix de beurre et arroser délicatement 33. Rôtir également les morceaux de homard bleu décortiqués, très rapidement, afin de les chauffer sans les dessécher 34. Glacer le chapon et le homard avec le jus de moules réduit au vadouvan 35. Disposer harmonieusement les légumes glacés dans l'assiette : artichaut, fenouil, navet nouveau et sucrine 36. Ajouter le filet de chapon de Méditerranée rôti et les morceaux de homard bleu 37. Napper délicatement les poissons avec la bagna cauda à l'oignon blanc 38. Tremper rapidement les feuilles d'oseille et les feuilles de basilic dans le jus chaud au vadouvan, puis les déposer sur le dessus 39. Ajouter les pousses de livèche de La Pousseraie 40. Terminer avec un filet d'huile d'olive à la livèche confectionnée par Gaël et Mickaël avec l'Huilerie Saint-Michel à Menton 41. Servir le bouillon de moules au vadouvan à part, bien chaud, versé devant le convive ou présenté en saucière","« Le chapon de Méditerranée et homard bleu, bouillon au vadouvan, livèche et artichauts violets » est une recette professionnelle METRO (poissons et fruits de mer) signée Tourteaux, composée de 42 ingrédients et 41 étapes, pour 4 portions, durée 3h.","""Le chapon de Méditerranée et homard bleu, bouillon au vadouvan, livèche et artichauts violets"" is a professional METRO recipe (fish & seafood) by Tourteaux, with 42 ingredients and 41 steps, for 4 servings.",https://www.metro.fr/inspiration/recette-chef/mer/tourteaux-chapon-homard,METRO France – metro.fr/inspiration/recette-chef
METRO-REC-0098,"Le homard et le foie gras, oignons de Roscoff et curry noir",mer,Poissons et fruits de mer,Fish & seafood,,,2.0,1h30 min,90.0,Difficile,Hard,28,39,10cl - Vinaigre de vin rouge | 10cl - Sauce soja | 5g - Paprika | 5g - Cumin | 5g - Graines de coriandre | 5g - Curry | 5g - Cardamome | 1 pointe - Gingembre | 30cl - Bouillon demi-glace de volaille | 2 - Escalopes de foie gras de 30 g | 30g - Purée de patates douces au blé noir | 30g - Sucre | 30g - Vinaigre blanc | 50g - Fleurs de jasmin séchées | 1 graine - Kasha | 1 - Homard | 60g - Volaille | 10g - Tandoori | 1 - Blanc d'œuf | 40g - Foie gras cru | 70g - Crème 35 % | 20cl - Bisque de homard | 1 - Verveine séchée | 60g - Foie gras | 1 - Curry noir | 1 - Sel/poivre | 1 - Purée d'oignons de Roscoff bien serrée | 2 - Oignons croustillants,"1. Réduire à sec le vinaigre de vin rouge avec le paprika, le cumin, les graines de coriandre, le gingembre, la cardamome et le curry 2. Ajouter la sauce soja 3. Réduire de moitié 4. Ajouter la demi-glace 5. Laisser réduire à petit bouillon jusqu'à liaison 6. Faire un caramel à sec 7. Déglacer au vinaigre blanc 8. Infuser durant 4 h à couvert avec les fleurs de jasmin séchées 9. Cuire la patate douce taillée en mirepoix à la vapeur 10. Mixer 11. Rectifier l'assaisonnement 12. Poêler le foie gras des deux côtés, dans une poêle bien chaude 13. Dresser la purée chaude de patates douces 14. Poser l'escalope de foie gras laquée 15. Verser de la sauce 8 épices 16. Ajouter quelques points d'aigre-doux au jasmin 17. Parsemer de graines de kasha 18. Mixer la volaille avec le blanc d'œuf, passé au tamis 19. Ajouter la crème bien froide 20. L'étaler très finement 21. Ajouter le tandoori 22. Cuire à 80° C en vapeur durant 20 min 23. Réserver au chaud 24. Cuire le homard 2 min à l'eau bouillante 25. Décortiquer 26. Prélever 40 g de chair 27. Cuire 40 g de foie gras cru et les 40 g de homard en ballottine durant 5min30 à 80° C en vapeur 28. Infuser la bisque avec la verveine à couvert 10 min à 70° C 29. La passer 30. Émulsionner 31. Réserver au chaud 32. Dresser la dariole 33. Couvrir du voile de volaille au tandoori 34. Verser tout autour la bisque verveine 35. Cuire à basse température à 80° C pendant 17 min le foie gras avec le curry noir 36. Assaisonner de sel et poivre 37. Dresser au fond d'une petite assiette, un domino de foie gras au curry noir 38. Réaliser des petits points de purée d'oignons de Roscoff sur le foie gras 39. Parsemer d'oignons croustillants","« Le homard et le foie gras, oignons de Roscoff et curry noir » est une recette professionnelle METRO (poissons et fruits de mer), composée de 28 ingrédients et 39 étapes, pour 2 portions, durée 1h30 min.","""Le homard et le foie gras, oignons de Roscoff et curry noir"" is a professional METRO recipe (fish & seafood), with 28 ingredients and 39 steps, for 2 servings.",https://www.metro.fr/inspiration/recette-chef/mer/homard-foie-gras-oignons-curry,METRO France – metro.fr/inspiration/recette-chef
METRO-REC-0099,"Le turbot au champagne, parfum d'hiver et bouillon des abysses",mer,Poissons et fruits de mer,Fish & seafood,,,2.0,2h45 min,165.0,Difficile,Hard,30,30,"1 zeste Pamplemousse | 1 Échalote ciselée | 50g Beurre | 100g Lait ribot | 200g Crème | 30g Minestrone pomme verte-dulce | 1 Pomme verte | 10g Dulce | 20cl Champagne | 2 Pavés de turbot de 120g | Sel, poivre de Timut | 100g Chou-fleur | 2pétales Turbot | 50cl Bouillon de légumes | 2cl Huile de chorizo | 5cl Lait entier | 10g Beurre | Sel et poivre | 1 Tête de turbot | 1 Bouquet garni | 4 Coquilles d'huitres | 1 Oignon de Roscoff | 1 Carotte | 1 Poireau | 30cl Bouillon de volaille | 10g Perles du Japon cuites | 30g Minestrone composé d'un navet boule d'or, un navet, un rutabaga | 5g Gingembre confit haché | 10cl Saké | Sel et poivre","1. Réduire l'échalote avec le champagne à sec 2. Monter au beurre 3. Ajouter les zestes de pamplemousse 4. Pocher le turbot dans ce beurre à 53° C durant 6 min 5. Émulsionner la crème et le lait ribot 6. Rectifier l'assaisonnement 7. Tailler en minestrone la pomme verte avec 10 g de dulce 8. Dresser le minestrone au fond de l'assiette 9. Disposer dessus le turbot poché et l'émulsion autour 10. Cuire le chou-fleur au barbecue 11. Garder 4 sommités pour le dressage 12. Réaliser une purée avec le chou-fleur fumé 13. Détendre avec le lait si besoin 14. Réduire le bouillon à texture sirupeuse 15. Le monter au beurre 16. Le réserver au chaud 17. Brûler les pétales de turbot au chalumeau 18. Garder à la nacre 19. Dresser en disposant d'abord la purée, les pétales de turbot, quelques sommités de chou-fleur 20. Ajouter le bouillon végétal réduit ainsi que quelques perles de chorizo 21. Hacher la tête de turbot 22. Cuire au four à 140° C avec le bouquet garni, la carotte, le poireau, l'oignon de Roscoff, les coquilles d'huitres, le saké ainsi que le bouillon de volaille, durant 2 h 23. Tailler en minestrone les 3 légumes (navet boule d'or, navet et rutabaga) 24. Les faire cuire 15 secondes à l'eau bouillante salée 25. Rafraîchir, égoutter et réserver 26. Passer le bouillon au chinois étamine 27. Le porter à ébullition 28. Ajouter le minestrone, le gingembre confit 29. Rectifier l'assaisonnement 30. Dresser","« Le turbot au champagne, parfum d'hiver et bouillon des abysses » est une recette professionnelle METRO (poissons et fruits de mer), composée de 30 ingrédients et 30 étapes, pour 2 portions, durée 2h45 min.","""Le turbot au champagne, parfum d'hiver et bouillon des abysses"" is a professional METRO recipe (fish & seafood), with 30 ingredients and 30 steps, for 2 servings.",https://www.metro.fr/inspiration/recette-chef/mer/turbot-champagne-bouillon,METRO France – metro.fr/inspiration/recette-chef
METRO-REC-0100,Lisette de Dieppe grillée en Kaba-yaki aubergines au barbecue japonais et girolles,mer,Poissons et fruits de mer,Fish & seafood,,,1.0,30 min,30.0,Moyen,Medium,12,16,2 pces - Lisette de Dieppe | QS - Sauce soja peu salée | QS - Saké | QS - Mirin | 300g - Girolles | 1 - Echalote ciselée | Vin blanc | 2 - Aubergines | 2 - Mini-aubergines | Huile de sésame | Graine de sésame | 1barquette - Mouron des oiseaux,"1. Lever les filets, les désarêter et mariner dans un mélange de soja, saké et mirin. 2. Les griller au barbecue rapidement côté chair et les remettre dans la marinade. 3. Avant l'envoi, répéter l'opération et finir la cuisson à la salamandre. 4. Laver et sauter les girolles, ajouter de l'échalote ciselée et un trait d'huile d'ail. 5. Réserver une partie pour l'assiette et déglacer le reste au vin blanc. 6. Laisser réduire et crémer. 7. Cuire une quinzaine de minutes et passer au chinois sans mixer. 8. Rectifier l'assaisonnement. 9. Tailler des tranches d'aubergine dans la longueur, les assaisonner de sel et d'huile d'olive et les griller au barbecue japonais de chaque côté. 10. Les rouler et détailler des tronçons. 11. Réaliser un caviar d'aubergine en les cuisant entières au four. 12. Retirer la pulpe, mixer et rectifier l'assaisonnement. 13. Dresser un cercle de caviar d'aubergine. 14. Disposer au centre les girolles sautées, les rouleaux d'aubergines et l'émulsion de girolles. 15. Ajouter la Lisette tranchée et un filet d'huile et de graines de sésame. 16. Déposer les croustillants d'aubergine et le mouron des oiseaux.","« Lisette de Dieppe grillée en Kaba-yaki aubergines au barbecue japonais et girolles » est une recette professionnelle METRO (poissons et fruits de mer), composée de 12 ingrédients et 16 étapes, pour 1 portion, durée 30 min.","""Lisette de Dieppe grillée en Kaba-yaki aubergines au barbecue japonais et girolles"" is a professional METRO recipe (fish & seafood), with 12 ingredients and 16 steps, for 1 serving.",https://www.metro.fr/inspiration/recette-chef/mer/lisette-dieppe,METRO France – metro.fr/inspiration/recette-chef
METRO-REC-0101,"Maki de sardine, variation autour du radis",mer,Poissons et fruits de mer,Fish & seafood,Loïs Damilano,,4.0,1h30 min,90.0,Moyen,Medium,31,47,"25g Konbu séché | 15g Bonite séchée | 1l Eau | 50cl Huile de pépin de raisin | 30g Pamplemousse | 30g Citron vert | 30g Citron jaune | 10g Combawa | 500g Sardines | 4pièces Feuilles de Nori | pm Sel | pm Poivre | 500g Radis rond | 15cl Eau | 5cl Jus de citron | 25g Coriandre | 6feuilles Gélatine 200 bloom | 150g Ail | 100g Blanc d'œuf | 24cl Huile de pépin de raisin | 1,5cl Jus de citron | 70cl Eau | 65g Miel de lavande | 40cl Vinaigre blanc | 3pièces Badiane | 6g Poivre de Sichuan | 40g Radis rond | 35g Radis blanc | 35g Radis Blue meat | 40g Oignon blanc | pm Affila Cress","1. Chauffer la casserole d'eau jusqu'à ~65°C. 2. Couper le feu et laisser mariner le kombu 15 minutes. Attention : Il ne faut surtout pas faire bouillir votre kombu, cela donnerait un goût amer et une texture gluante au dashi. 3. Enlever le kombu et faire monter le liquide à 85°C puis ajouter la bonite séchée et couper le feu. 4. Laisser mariner ~ 8 minutes 5. Passer votre dashi dans un tamis avec un torchon afin de filtrer le plus possible. 6. Prélever les zestes de tous les agrumes 7. Mélanger avec l'huile de pépin de raisin 8. Mettre sous vide 9. Cuire au thermoplongeur à 52°C pendant 1h30 10. Laisser infuser pendant ~2h 11. Passer votre huile dans un chinois 12. Lever a cru les sardines + désarêter 13. Mettre à mariner les filets avec le dashi froid + huile d'agrumes pendant ~ 3h 14. Egoutter + éponger les filets 15. Rouler les makis avec 1 feuille de Nori pour 4 filets de sardines 16. Remettre à mariner avec l'huile d'agrumes jusqu'au dressage 17. Au moment du dressage tailler 3 tronçons égaux 18. Nacrer au chalumeau + lustrer avec la marinade 19. Mixer a cru les radis ronds 20. Ajouter de l'eau si besoin + le jus de citron 21. Passer au chinois étamine 22. Mettre la coriandre à infuser à froid minimum 2 heures 23. Faire bouillir ¼ de la préparation à laquelle nous allons ajouter la gélatine au préalablement trempé dans l'eau froide 24. Ajouter le bouillon restant + rectifier l'assaisonnement 25. Couler la préparation dans des cercles de 15 cm de diamètre et filmer sur un des deux côtés 26. Laisser reposer au frais jusqu'à gélification total de l'appareil 27. Blanchir l'ail départ eau froide jusqu'à ébullition 28. Sortir + refroidir 29. Verser le blanc d'œuf, le sel, le jus de citron et l'ail dans la cuve d'un blender et mixer le tout 30. Monter à l'huile tout doucement pendant que vous mixez, afin de créer une émulsion. 31. Débarrasser et ajouter la pulpe de radis qui reste du bouillon (étape 4) 32. Rectifier l'assaisonnement 33. Faire bouillir l'eau, 34. Ajouter le vinaigre hors du feu puis le miel 35. Remettre sur le feu jusqu'à ébullition 36. Ajouter le poivre et la badiane, puis laisser infuser jusqu'à 30° 37. Mettre les copeaux de radis blanc, de radis Blue meat, d'oignon blanc ainsi que les quarts de radis rond à mariner séparément avec la pickles à température ambiante pendant environ 1 heure 38. Couper en julienne les radis ronds 39. Faire des copeaux avec les radis Blue meat 40. Tailler en brunoise le radis blanc 41. Assaisonner le tout avec l'huile d'agrumes, sel et poivre 42. Tailler l'affila cress 43. Commencer par disposer votre rond de gelé au centre de l'assiette 44. Faire 6/7 points de toum au radis 45. Disposer 3 tronçons de maki de sardine 46. Et après disposer harmonieusement vos préparations crus et en pickles sur l'assiette 47. Finir avec les pousses d'Affila et un trait d'huile d'agrumes","« Maki de sardine, variation autour du radis » est une recette professionnelle METRO (poissons et fruits de mer) signée Loïs Damilano, composée de 31 ingrédients et 47 étapes, pour 4 portions, durée 1h30 min.","""Maki de sardine, variation autour du radis"" is a professional METRO recipe (fish & seafood) by Loïs Damilano, with 31 ingredients and 47 steps, for 4 servings.",https://www.metro.fr/inspiration/recette-chef/mer/maki-sardine-radis,METRO France – metro.fr/inspiration/recette-chef
METRO-REC-0102,"Maquereaux, betteraves, noisettes, mourons des oiseaux",mer,Poissons et fruits de mer,Fish & seafood,,"Proposez à vos convives une assiette pleine de couleurs et de saveurs avec ce plat à base de maquereau, betteraves, noisettes et mouron.",4.0,2h,120.0,Moyen,Medium,16,25,2 Betteraves rouge crues | 250g Coulis de framboise | PM Agar Agar | PM Piment | 4 Maquereaux entiers | Marinade Sel Sucre (1/3 sucre pour 2/3 de sel) | 100g Mascarpone | 200g Crème liquide | 2 Betteraves rouge crues | 200g d'eau | 100g Vinaigre vin vieux | 50g Sucre | 50g Beurre | 20g Noisettes | PM Mourons des oiseaux | PM Framboises,"1. Centrifuger 2 betteraves 2. Récupérer le jus obtenu, ajouter à part égale du coulis framboise non sucré 3. Peser la masse totale et coller à l'agar agar (ex : pour 100g, 1g d'agar agar) 4. Assaisonner avec sel et piment, faire bouillir la préparation 5. Couler sur une plaque parfaitement plate, laisser durcir au frais 6. A l'aide d'un emporte-pièce, détailler des disques de 4cm et des disques de 3cm 7. Réserver au frais 8. Lever les filets et les disposer au sel et sucre 30 minutes puis rincer à l'eau claire 9. Pocher les arêtes dans une eau frémissante, retirer la chair restante délicatement 10. Déposer ces dernières sur grille et sécher au four (60 °, 1 heure) 11. Frire environ 1 minute puis débarrasser sur sopalin et saler 12. Réaliser la rillette de maquereaux avec les bas ventres des filets au préalablement marinés, cuisson vapeur 85° 6 minutes (suivant calibre et arrivage), lier avec 100g de crème mascarpone, détendre suivant la consistance obtenue avec la crème liquide. 13. Réaliser la 2ème cuisson des filets marinés, en les brûlant à la flamme côté peau, réserver au frais. 14. Eplucher les 2 betteraves restantes, tailler en quartier puis cuire dans 200g d'eau, 100g de vinaigre de vin vieux, 50g de sucre et 50g de beurre 15. Cuire à couvert à frémissement 16. Réaliser un coulis betterave et framboises avec 100g de betteraves cuites et 50g de coulis de framboise non sucré. Détendre avec 50g de jus de cuisson. 17. Mixer et réserver en pipette. 18. Torréfier les noisettes entières au four (environ 15 minutes à 160° jusqu'à coloration blonde) 19. Trier le mouron des oiseaux, réserver 20. Tailler les framboises fraiches en 4 21. Récupérer les disques de ravioles obtenus précédemment 22. Disposer celui de 3cm en 1er, déposer la rillette de maquereau et recouvrir du 2ème disque obtenu de 4cm, pincer légèrement et réserver 23. Disposer harmonieusement les ravioles de betteraves avec les quartiers, le maquereau brulé à la flamme puis déposer délicatement l'arête frit. 24. Herborer l'assiette avec les mourons des oiseaux et les éclats de noisettes torréfiés 25. Assaisonner avec le coulis betterave","« Maquereaux, betteraves, noisettes, mourons des oiseaux » est une recette professionnelle METRO (poissons et fruits de mer), composée de 16 ingrédients et 25 étapes, pour 4 portions, durée 2h.","""Maquereaux, betteraves, noisettes, mourons des oiseaux"" is a professional METRO recipe (fish & seafood), with 16 ingredients and 25 steps, for 4 servings.",https://www.metro.fr/inspiration/recette-chef/mer/maquereau-betterave-mouron,METRO France – metro.fr/inspiration/recette-chef
METRO-REC-0103,"Noix de Saint Jacques rôties, célerisotto, champignons, jus de barbes, émulsion champignons",mer,Poissons et fruits de mer,Fish & seafood,Amar Challal,"Nos Noix de Saint-Jacques accompagnées d'un célerisotto onctueux, de champignons et jus de barbes sont la rencontre exquise de textures et de saveurs.",4.0,2h,120.0,Facile,Easy,15,22,"20 Noix de Saint-Jacques | 1l Jus de veau maison | 600g Céleris raves | 2 Échalotes | PM Beurre | PM Ail | PM Thym | PM Laurier | 800g Champignons crème | Huile d'olive | PM Sel, poivre | PM Thym citron | 280g Crème liquide | 200g Lait entier | 40g Parmesan","1. Décoquiller, laver et ébarber les Saint-Jacques 2. Colorer à l'huile d'olive les barbes, ajouter l'échalote émincée, le beurre, l'ail, le thym et laurier 3. Mouiller avec le jus de veau, laisser cuire 1h 4. Passer au chinois, faire réduire 5. Monter au beurre 6. Laver, éplucher et tailler en brunoise le céleri rave 7. Le cuire à couvert avec du sel, poivre, beurre, ail, thym et laurier 8. Le garder croquant 9. Tailler les champignons en brunoise, les faire revenir à l'huile d'olive avec sel, poivre et thym citron 10. Ajouter l'échalote ciselée, laisser cuire 11. Débarrasser 12. Tailler le parmesan en brunoise 13. Monter 200 g de crème 14. Faire réduire le jus de champignons d'1/3, y ajouter la même quantité de crème liquide et de lait 15. Saler, poivrer, laisser cuire puis infuser 16. Garder au chaud 17. Tailler des copeaux de champignons crème finement à la mandoline japonaise 18. À l'envoi, dans une russe, faire revenir au beurre la duxelle de champignons et la brunoise de céleri rave 19. Ajouter le parmesan et la crème montée, mettre au milieu de l'assiette 20. Mettre autour un cordon de jus de barbes réduit puis les noix de Saint-Jacques autour, au préalable snackées puis revenues au beurre, avec de l'ail et du thym citron 21. Mettre l'émulsion de champignons au milieu sur le célerisotto 22. Disposer un copeau de champignons entre chaque Saint-Jacques. Ajouter fleur de sel/poivre du moulin.","« Noix de Saint Jacques rôties, célerisotto, champignons, jus de barbes, émulsion champignons » est une recette professionnelle METRO (poissons et fruits de mer) signée Amar Challal, composée de 15 ingrédients et 22 étapes, pour 4 portions, durée 2h.","""Noix de Saint Jacques rôties, célerisotto, champignons, jus de barbes, émulsion champignons"" is a professional METRO recipe (fish & seafood) by Amar Challal, with 15 ingredients and 22 steps, for 4 servings.",https://www.metro.fr/inspiration/recette-chef/mer/saint-jacques-risotto-celeri-champignon,METRO France – metro.fr/inspiration/recette-chef
METRO-REC-0104,"Noix de Saint-Jacques et poitrine confite de cochon ibérique, étuvée de choux au carvi",mer,Poissons et fruits de mer,Fish & seafood,Jean-François Bury,,,,,,,7,29,Poitrine fraîche de cochon ibérique - 4g | Coquilles Saint-Jacques | Chou vert - 200g | Oignons rouges - 40g | Jus de citron - 5g | Chou de Bruxelles | Vene cress,"1. Désosser la poitrine. L'assaisonner. 2. Blanchir l'ail. 3. Mettre la poitrine, avec l'ail, et les branches d'aromates en poche sous vide. 4. Cuire pendant 24 heures à 66°C. 5. Une fois froide, tailler des gros lardons (3 morceaux par personne). 6. Ouvrir les coquilles Saint-Jacques. 7. Récupérer les noix et bien les rincer sous l'eau froide. 8. Récupérer les bardes et le corail. Bien les laver pour réaliser un fumet. 9. Faire réduire de moitié le fumet, beurrer et crémer (cela vous servira de sauce). 10. Effeuiller, retirer les côtes, tailler en lanières puis laver et essorer le chou. 11. Blanchir les lanières de chou à l'eau bouillante salée pendant 5 minutes. 12. Les rafraîchir dans l'eau glacée et les égoutter. 13. Dans une casserole, mettre le beurre à fondre et le carvi. 14. Ajouter les lanières de chou blanchies et laisser cuire 10 minutes. 15. Rectifier l'assaisonnement. 16. Éplucher les oignons rouges. Les émincer. 17. Bien les cuire dans une eau salée. 18. Égoutter et mettre dans un récipient avec le jus de citron et une pincée de sel. 19. Laisser au frais pendant 1 heure. 20. Égoutter de nouveau et mixer les oignons. 21. Ajouter 1 g de Xanthane et passer au tamis. 22. Mettre en pipette et réserver au frais. 23. Marquer en cuisson les Saint-Jacques. 24. Colorer les gros lardons de poitrine. 25. Réchauffer le chou. 26. A l'aide d'un emporte-pièce, dresser le chou au centre de l'assiette. 27. Disposer quelques points de crème d'oignons rouges sur le chou. 28. Mettre joliment les noix de Saint-Jacques et les lardons sur le chou. 29. Ajouter quelques feuilles de chou de Bruxelles blanchies et quelques pousses de vene cress.","« Noix de Saint-Jacques et poitrine confite de cochon ibérique, étuvée de choux au carvi » est une recette professionnelle METRO (poissons et fruits de mer) signée Jean-François Bury, composée de 7 ingrédients et 29 étapes.","""Noix de Saint-Jacques et poitrine confite de cochon ibérique, étuvée de choux au carvi"" is a professional METRO recipe (fish & seafood) by Jean-François Bury, with 7 ingredients and 29 steps.",https://www.metro.fr/inspiration/recette-chef/mer/saint-jacques-poitrine-choux,METRO France – metro.fr/inspiration/recette-chef
METRO-REC-0105,"Pan bagnat, sucs d'anchois et citron",mer,Poissons et fruits de mer,Fish & seafood,Mickaël Tourteaux,,4.0,30 min,30.0,Facile,Easy,21,14,1 Fougasse aux olives | 4 Œufs de caille | 80g Pelamide (bonite à dos rayé) | 80g Anchoïade | 5 Anchois | 4 Radis | 1 Poivrons mariné | 4 Feuilles de basilic | 12 Feuilles de roquette | 1branche Céleri | 4cosses Fevette | 4 Tomates confites | 4 Olives Taggiascha | 4 Citrons | 10cl Jus de citron | 10cl Fleur de sel | Fond de volaille | Fond de volaille réduit | Huile d'olive | Vinaigre | Citron jaune zesté,"1. Emballer le citron dans une feuille d'aluminium et disposer dans un plat sur un lit de gros sel et le cuire 2 heures à 80°C, la veille 2. Récupérer la pulpe, enlever les graines, puis égoutter 3. Mettre en cuisson les œufs de caille, puis les écaler 4. Couper la bonite en 4 lamelles puis la faire mariner au jus de citron 5. Assaisonner les filets d'anchois puis les mariner 6. Délayer l'anchoïade avec le fond de volaille et ajouter un peu de jus de citron 7. Préparer les légumes, radis en copeaux, poivrons en lanières, céleri branche en fine lamelle puis les tremper dans l'eau glacée 8. Égoutter et couper les olives en deux 9. Passer au four la fougasse, la couper en deux puis imbiber la mie avec le jus de volaille 10. Agrémenter avec la pulpe de citron, l'huile d'olive et un tour de moulin à poivre 11. Disposer dans le fond de l'assiette une fine couche de sucs d'anchois puis la première moitié de fougasse 12. Disposer le thon, les filets d'anchois, les œufs de caille, puis les légumes préalablement assaisonnés avec la vinaigrette 13. Finir avec la roquette, le basilic, les olives, la tomate confite et les fevettes 14. Disposer quelques grains de fleurs de sel sur les crudités et l'œuf","« Pan bagnat, sucs d'anchois et citron » est une recette professionnelle METRO (poissons et fruits de mer) signée Mickaël Tourteaux, composée de 21 ingrédients et 14 étapes, pour 4 portions, durée 30 min.","""Pan bagnat, sucs d'anchois et citron"" is a professional METRO recipe (fish & seafood) by Mickaël Tourteaux, with 21 ingredients and 14 steps, for 4 servings.",https://www.metro.fr/inspiration/recette-chef/mer/pan-bagnat-sucs-anchois,METRO France – metro.fr/inspiration/recette-chef
METRO-REC-0106,"Pavé de sériole, condiments et sauce aïoli",mer,Poissons et fruits de mer,Fish & seafood,Coline Faulquier,"Travaillez le sériole en deux façons avec un pavé surmonté d'un tartare, de chips d'ail, de petits légumes et d'une sauce aïoli safran et piment.",2.0,1h,60.0,Moyen,Medium,19,18,1 pièce - Filet de Seriole | 25g - Huile d'olive cuisson | PM - Fleur de sel | 1 botte - Cebette | 1 pièce - Citron | 200cl - Huile olive | 1 pièce - Jaune d'oeuf | 200g - Moutarde | 5g - Safran en poudre | PM - Piment espelette | PM - Sel | 1 pièce - Oignons rouge | 25g - Sucre | 5cl - Vinaigre | 100cl - Eau | 2 pièces - Courgettes minis | 4 pièces - Tomates cerises | 1 botte - Criste marine | 200g - Ficoide glaciale,"1. Lever le filet de seriole, desarrêter et tailler de jolis pavé de 7cm sur 3cm. 2. Le marquer à la poêle sur chaque face pour avoir une cuisson homogène. 3. Environ 2 minutes de chaque coté. 4. Réserver de côté et assaisonner avec de la fleur de sel. 5. Tailler également un tartare, l'assaisonner avec un peu de cebette émincée, du sel, de l'huile d'olive et un zeste de citron. 6. Mélanger au batteur le jaune d'œuf, la moutarde, le safran en poudre, le sel, le piment d'espelette et monter avec huile de pépins de raisin et l'huile d'olive comme une mayonnaise. Ajouter une goutte d'eau puis l'ail haché. 7. Débarrasser. 8. Blanchir les gousses d'ail 3 fois dans du lait. 9. Les égoutter et bien les sécher dans du papier absorbant. Frire dans une huile à 160 degrés en les mélangeant pendant 1 minute. 10. Egoutter et saler. 11. Tailler de fines lamelles d'oignons rouge, les immerger dans un sirop à pickles chaud fait avec le sucre, le vinaigre de xérès et l'eau. 12. Laisser refroidir à température ambiante. 13. Tailler les petites courgettes en biseaux, les cuire à l'anglaise puis les rôtir rapidement à l'huile d'olive. (2 minutes dans une poêle chaude). 14. Tailler les tomates cerises en deux et les saler. 15. Réserver. 16. Préparer les pluches d'herbes sauvage, la criste marine, la ficoide glaciale en petits bouquets. 17. Placer le pavé de Seriole, disposer dessus le tartare de seriole puis chacun des condiments un par un. 18. Terminer par les chips d'ail et par la sauce Aioli.","« Pavé de sériole, condiments et sauce aïoli » est une recette professionnelle METRO (poissons et fruits de mer) signée Coline Faulquier, composée de 19 ingrédients et 18 étapes, pour 2 portions, durée 1h.","""Pavé de sériole, condiments et sauce aïoli"" is a professional METRO recipe (fish & seafood) by Coline Faulquier, with 19 ingredients and 18 steps, for 2 servings.",https://www.metro.fr/inspiration/recette-chef/mer/seriole-condiment-aioli,METRO France – metro.fr/inspiration/recette-chef
METRO-REC-0107,Radis et Rhubarbe,mer,Poissons et fruits de mer,Fish & seafood,Indra Carillo,Osez le mariage du radis et de la rhubarbe avec cette recette onctueuse parfaite pour accompagner du saumon.,8.0,2h30 min,150.0,Moyen,Medium,17,19,4 bottes Fanes de radis | 25g Raifort | 500ml Eau minérale | 10g Sel | 50g Fleur d'hibiscus | 1l Eau minérale | 100g Sirop grenadine | 100g Sucre semoule | 1200g Rhubarbe | 8g Gélatine | 200g Crème liquide | 20g Blanc d'oeuf | 200g Saumon label rouge | Zeste de citron vert | Fleur de sel | 35g Vinaigre de riz coréen | 60gr Huile d'olive,"1. Faire cuire les fanes de radis dans une eau fortement salée. Râper le raifort frais et mixer avec les fanes et l'eau afin de faire un coulis très lisse. 2. Faire une infusion à froid avec la fleur d'hibiscus pendant 24 h. 3. Récupérer le liquide et réaliser un sirop léger avec le reste des ingrédients. 4. Éplucher les rhubarbes et les laisser en grands tronçons. 5. Verser le liquide bouillant et laisser refroidir. 6. Faire un jus de navet et de radis. 7. Ramollir la gélatine et l'incorporer dans la crème chaude. 8. Mélanger les deux appareils, assaisonner et mettre en siphon. 9. Couper en macédoine (grosse brunoise) la rhubarbe pochée dans le sirop léger à la fleur d'hibiscus ainsi que le saumon. 10. Assaisonner avec le zeste de citron, la vinaigrette et un peu de fleur de sel. 11. Réduire le liquide de cuisson de rhubarbe. 12. Mélanger la réduction d'hibiscus avec le vinaigre de riz et la réduction hibiscus et émulsionner avec l'huile d'olive. 13. Laver les fanes de radis et les mettre à sécher. 14. Réduire en poudre. 15. Radis crus coupés en deux et assaisonnés avec la vinaigrette, avec les reste de fanes déshydratés. 16. Faire une poudre. 17. Dans une assiette creuse, faire un cercle avec la rhubarbe et le saumon. 18. Verser le coulis de fanes autour et recouvrir d'espuma de radis et de navet. 19. Saupoudrez avec un peu de poudre de fanes et poser le radis cru sur le côté.","« Radis et Rhubarbe » est une recette professionnelle METRO (poissons et fruits de mer) signée Indra Carillo, composée de 17 ingrédients et 19 étapes, pour 8 portions, durée 2h30 min.","""Radis et Rhubarbe"" is a professional METRO recipe (fish & seafood) by Indra Carillo, with 17 ingredients and 19 steps, for 8 servings.",https://www.metro.fr/inspiration/recette-chef/mer/radis-rhubarbe-saumon,METRO France – metro.fr/inspiration/recette-chef
METRO-REC-0108,Risotto aux crevettes,mer,Poissons et fruits de mer,Fish & seafood,,,10.0,30 min,30.0,Facile,Easy,8,10,2kg Crevettes roses | 7cl Huile d'olive citron | 50g Persil haché | 700g Riz arborio | 10gousses Ail | 25cl Vin blanc sec | 150g Parmesan râpé METRO Chef | Citrons,"1. Décortiquer les crevettes en plaçant directement les têtes et carcasses dans une casserole. 2. Ajouter 2,3 L d'eau et réaliser un bouillon. 3. Filtrer ensuite la préparation. 4. Faire chauffer l'huile d'olive et faire dorer les crevettes en ajoutant du persil haché. 5. Réserver au chaud. 6. Faire revenir l'ail haché, ajouter le riz et le cuire à la nacre. 7. Verser le vin blanc et laisser évaporer. 8. Cuire le risotto avec le bouillon. 9. Ajouter enfin le parmesan et le reste de persil hors du feu, mélanger et rectifier l'assaisonnement. 10. Servir avec les crevettes et un quartier de citron.","« Risotto aux crevettes » est une recette professionnelle METRO (poissons et fruits de mer), composée de 8 ingrédients et 10 étapes, pour 10 portions, durée 30 min.","""Risotto aux crevettes"" is a professional METRO recipe (fish & seafood), with 8 ingredients and 10 steps, for 10 servings.",https://www.metro.fr/inspiration/recette-chef/mer/risotto-crevettes,METRO France – metro.fr/inspiration/recette-chef
METRO-REC-0109,"Saint Jacques, cresson, reblochon",mer,Poissons et fruits de mer,Fish & seafood,,Peut-on marier St Jacques et Reblochon pour une alliance gourmande etonnante ? La réponse est oui.,4.0,15 min,15.0,Moyen,Medium,13,5,100g Reblochon | 5cl Crème | Pm Poivre au moulin | 100g Cresson | 5cl Bouillon de légumes | 1cl Jus de citron | Pm Sel et poivre | 4 Saint-Jacques | Huile d'olive | Fleur de sel | Poivre du moulin | Citron confit | Pousses de cresson,"1. Mixer le reblochon, la crème et le poivre du moulin. 2. Faire sécher au four la croûte du reblochon et la mixer ensuite. 3. Mixer le cresson, le bouillon de légumes, le jus de citron et ajouter sel et poivre. 4. Tailler les Saint-Jacques en carpaccio 5. Ajouter l'huile d'olive, le sel, le poivre du moulin, les dés de citrons confits et les pousses de cresson et 5 points de condiment reblochon ainsi que 5 points de condiment cresson et poudre de reblochon.","« Saint Jacques, cresson, reblochon » est une recette professionnelle METRO (poissons et fruits de mer), composée de 13 ingrédients et 5 étapes, pour 4 portions, durée 15 min.","""Saint Jacques, cresson, reblochon"" is a professional METRO recipe (fish & seafood), with 13 ingredients and 5 steps, for 4 servings.",https://www.metro.fr/inspiration/recette-chef/mer/saint-jacques-cresson-reblochon,METRO France – metro.fr/inspiration/recette-chef
METRO-REC-0110,"Saint-Jacques au Beurre de Thym, céleri torréfié et choux kale",mer,Poissons et fruits de mer,Fish & seafood,,Onctueux de céleri et chou kale sublimeront cette Saint-Jacques juste cuite au beurre de thym dans une recette résolument marine.,6.0,50 min,50.0,Difficile,Hard,13,15,4 Oignons doux des Cévennes | 2 gousses Ail | 100ml Vin blanc | 500ml Crème | 2 Choux kale moyen | 1 Céleri boule | 200g Beurre | PM Huile d'olive | 24 pièces Saint-Jacques fraiche | 200g Beurre | 1 botte Thym | 350g Salicorne | PM Sel et poivre,"1. Décoquiller les Saint-Jacques, garder les bardes, les nettoyer puis réserver au frais les noix. 2. Ciseler les oignons dans une casserole, faire revenir les oignons, ajouter les bardes des Saint-Jacques, l'ail écrasé et faire colorer. 3. Déglacer au vin blanc, laisser cuire jusqu'à évaporation puis ajouter la crème. 4. Cuisson 15 à 20 min à frémissement. 5. Passer le mélange au chinois étamine puis réduire à consistance plus épaisse (de moitié environ). 6. Mettre de l'eau à bouillir avec du sel, cuire les choux kale à ébullition puis plonger dans de l'eau glacée préparée préalablement. 7. Ajouter les tiges aux Saint Jacques en fin de cuisson. 8. Allumer le four à 160°C. 9. Nettoyer précautionneusement le céleri boule puis le mettre au four environ 1h45 jusqu'à ce qu'une lame de couteau puisse pénétrer. 10. Dès que le céleri est cuit, le mixer avec la peau et 200 g de beurre, rectifier l'assaisonnement. 11. Faire chauffer une poêle y ajouter un peu d'huile d'olive puis griller les Saint-Jacques à l'unilatérale, à mi-cuisson ajouter le beurre et le thym frais. 12. Arroser. 13. Salicorne : La faire sauter dans une poêle bien chaude avec un peu de beurre et poivre. 14. Dans une assiette positionner la feuille de chou kale préalablement lustrée au beurre fondu, ajouter 3 quenelles d'onctueux de céleri torréfié. 15. Déposer les Saint-Jacques harmonieusement puis le reste de la garniture (tige de chou kale) et la salicorne.","« Saint-Jacques au Beurre de Thym, céleri torréfié et choux kale » est une recette professionnelle METRO (poissons et fruits de mer), composée de 13 ingrédients et 15 étapes, pour 6 portions, durée 50 min.","""Saint-Jacques au Beurre de Thym, céleri torréfié et choux kale"" is a professional METRO recipe (fish & seafood), with 13 ingredients and 15 steps, for 6 servings.",https://www.metro.fr/inspiration/recette-chef/mer/saint-jacques-celeri-choux-kale,METRO France – metro.fr/inspiration/recette-chef
METRO-REC-0111,"Saint-Jacques confite au beurre noisette, purée d'oignons",mer,Poissons et fruits de mer,Fish & seafood,Gilles Leininger,"Réveillez le goût iodé de la Saint-Jacques, confite dans un beurre noisette et accompagnée d'une crème aux œufs de harengs.",8.0,1h15 min,75.0,Moyen,Medium,13,8,8 Saint-Jacques de plongée | 200g Beurre noisette | 400g Oignons blancs | 15g Beurre | 100g Skyr | 30g Raifort crème | 25g Aquavit | PM Sel et poivre | 100g Œufs de harengs | 100g Crème épaisse | 50cl Lait ribot | PM Sel et poivre | PM Ficoïde glaciale,"1. Ouvrir les Saint-Jacques, les ébarber et réserver la noix pour la recette. 2. Faire suer au beurre les oignons blancs émincés jusqu'à compotée. 3. Flamber avec l'alcool puis ajouter le Skyr et le Raifort. 4. Mixer pour obtenir une purée lisse. 5. Inciser la noix de Saint-Jacques au filet sole en la quadrillant puis la confire dans le beurre noisette à 40°C pendant 1 min. 6. La saisir ensuite dans une poêle antiadhésive bien chaude pour la marquer. 7. Tiédir la crème épaisse et le lait ribot, ajouter les œufs de harengs puis assaisonner. 8. Dans l'assiette, disposer la noix de Saint Jacques, rajouter la purée d'oignon et la crème épaisse aux œufs de harengs.","« Saint-Jacques confite au beurre noisette, purée d'oignons » est une recette professionnelle METRO (poissons et fruits de mer) signée Gilles Leininger, composée de 13 ingrédients et 8 étapes, pour 8 portions, durée 1h15 min.","""Saint-Jacques confite au beurre noisette, purée d'oignons"" is a professional METRO recipe (fish & seafood) by Gilles Leininger, with 13 ingredients and 8 steps, for 8 servings.",https://www.metro.fr/inspiration/recette-chef/mer/saint-jacques-beurre-noisette-puree-oignons-skyr-raifort-aquavit,METRO France – metro.fr/inspiration/recette-chef
METRO-REC-0112,"Salade d'entrée à l'avocat, pamplemousse et crevettes",mer,Poissons et fruits de mer,Fish & seafood,Amar Challal,"Cette salade avocat, pamplemousse, crevettes est une entrée fraîche et légère, parfaite pour débuter un repas estival. Un mélange de saveurs sucrées, acidulées et marines, à la fois simple et raffiné.",4.0,2h,120.0,Facile,Easy,12,14,"1 Cœur de laitue | 20 Crevettes Label Rouge de Madagascar | Piment d'Espelette | 2 Pamplemousses roses | 2 Avocats | Radis roses | 0,5l Huile d'olive | 125g Jus de pamplemousse rose | 125g Jus de yuzu | PM Poivre | PM Ciboulette | Poudre d'agrumes","1. Laver et égoutter la laitue 2. Décortiquer et inciser sur le dos les crevettes 3. Les snacker à la plancha au dernier moment, après les avoir marinées à l'huile d'olive et au piment d'Espelette 4. Zester les pamplemousses et les faire sécher, mixer 5. Prélever les suprêmes de pamplemousses roses 6. Les tailler en 2 7. Tailler l'avocat en quartiers fins, les réserver une fois badigeonnés de jus de citron 8. Tailler les copeaux de radis roses dans la longueur à l'aide la mandoline japonaise 9. Les réserver dans l'eau glacée 10. Vinaigrette pamplemousse : Réduire le jus de pamplemousse, consistance sirupeuse, ajouter le jus de yuzu et le poivre 11. Monter à l'huile d'olive 12. Dans une assiette creuse, disposer ¼ de la laitue, déposer les quartiers d'avocat et de pamplemousse, puis les crevettes chaudes 13. Mettre la vinaigrette, la poudre d'agrumes et la ciboulette ciselée 14. Fleur de sel/poivre du moulin","« Salade d'entrée à l'avocat, pamplemousse et crevettes » est une recette professionnelle METRO (poissons et fruits de mer) signée Amar Challal, composée de 12 ingrédients et 14 étapes, pour 4 portions, durée 2h.","""Salade d'entrée à l'avocat, pamplemousse et crevettes"" is a professional METRO recipe (fish & seafood) by Amar Challal, with 12 ingredients and 14 steps, for 4 servings.",https://www.metro.fr/inspiration/recette-chef/mer/laitue-crevette-pamplemousse-avocat-radis,METRO France – metro.fr/inspiration/recette-chef
METRO-REC-0113,"Salade de betterave, saumon gravlax, fromage frais de vache",mer,Poissons et fruits de mer,Fish & seafood,Amar Challal,"Notre salade de betterave au saumon gravlax et fromage frais de vache offre une expérience gastronomique légère et raffinée, pleine de fraîcheur.",10.0,30 min,30.0,Moyen,Medium,24,17,750g Betteraves jaunes | 750g Betteraves rouges | 750g Betteraves blanches | 200g Échalotes | 1 botte Ciboulette | 1 botte Persil | PM Vinaigre de vin vieux | 350g Fromage frais de vache | 20g Poivre | 4kg Gros sel | 500ml Blancs d'œufs | 20g Sel fin | PM Vin blanc | 500g Saumon frais | 500g Sel | 500g Sucre | Zestes de citron | Poivre du timut | 1 pièce de 350 g Vache frais | 200g Échalotes ciselées | PM Vinaigre de vin vieux | PM Vin blanc | Sel/poivre | 1 botte Ciboulette,"1. Laver les betteraves puis les essuyés 2. Réaliser le mélange gros sel, blanc d'œuf 3. Disposer dans un gastro le mélange puis les betteraves et recouvrir de gros sel 4. Mettre au four pendant au moins 45 à 1h30 selon la taille des betteraves 5. Une fois cuites (sonder les betteraves) 6. Casser la croûte de sel, éplucher les betteraves avec l'aide d'un couteau à chaud 7. Rincer celles-ci sous l'eau tiède 8. Détailler les betteraves en quartier puis portionner en barquette de 180 g 9. Mélanger le tout, mariner le saumon dans la saumure pendant 8h, puis laver, essuyer et réserver au frais 10. Mélanger le fromage de vache, assaisonnée de sel et poivre, échalotes, ciboulette, vinaigre et vin 11. Détendre le mélange avec un peu d'eau puis bien mélanger avec l'aide d'un fouet 12. Réserver en boite avec un papier film au contact 13. Dans une petite assiette plate, mettre environ 30 g de préparation de vache dans le centre de l'assiette 14. Assaisonner dans un cul de poule les betteraves avec l'huile d'olive, le poivre, le vinaigre de vin vieux et les herbes fraiches 15. Dresser sur la base de fromage harmonieusement 16. Déposer des cubes de saumon par-dessus 17. Manger aussitôt","« Salade de betterave, saumon gravlax, fromage frais de vache » est une recette professionnelle METRO (poissons et fruits de mer) signée Amar Challal, composée de 24 ingrédients et 17 étapes, pour 10 portions, durée 30 min.","""Salade de betterave, saumon gravlax, fromage frais de vache"" is a professional METRO recipe (fish & seafood) by Amar Challal, with 24 ingredients and 17 steps, for 10 servings.",https://www.metro.fr/inspiration/recette-chef/mer/betterave-saumon-gravlax-fromage-frais,METRO France – metro.fr/inspiration/recette-chef
METRO-REC-0114,"Sardine confite, tuile de parmesan et ratatouille",mer,Poissons et fruits de mer,Fish & seafood,Miyamoto Seisaku,Epatez vos clients avec cette recette de sardines confites sur une tuile de parmesan accompagnées de ratatouille.,2.0,1 heure,,Difficile,Hard,13,6,40g Blanc d'œuf | 10g Amandes effilées | 5g Sésame | 40g Parmesan | 20g Ratatouille | 4 filets Sardines confites | 50g Saint-Jacques | 3g Poivre yuzu | 20g Jaune d'œuf | Fricassée de girolles | Tomates confites | 3g Légumes fleurs de cerisier | 1g Poudre de bonite séchée et Saint-Jacques,"1. Mélanger les ingrédients de la tuile, la disposer sur un rouleau et cuire au four puis l'enrouler de jambon. 2. Confire les sardines à 67°c 45 min, griller la peau au chalumeau. 3. Disposer les ingrédients dans un film puis cuire à 63°c pendant 17 min. 4. Réaliser la ratatouille et les légumes à la forme de fleurs de cerisiers. 5. Avec une poche disposer la ratatouille dans la tuile de parmesan 6. Dresser le plat en disposant la tuile de parmesan, le trompe l'œil de sardine confites puis décorer les plats de fleurs et de riz soufflé.","« Sardine confite, tuile de parmesan et ratatouille » est une recette professionnelle METRO (poissons et fruits de mer) signée Miyamoto Seisaku, composée de 13 ingrédients et 6 étapes, pour 2 portions, durée 1 heure.","""Sardine confite, tuile de parmesan et ratatouille"" is a professional METRO recipe (fish & seafood) by Miyamoto Seisaku, with 13 ingredients and 6 steps, for 2 servings.",https://www.metro.fr/inspiration/recette-chef/mer/sardine-confite-tuile-parmesan-ratatouille,METRO France – metro.fr/inspiration/recette-chef
METRO-REC-0115,Saumon gravlax avec crème de Bresse et pain de campagne,mer,Poissons et fruits de mer,Fish & seafood,,"Le gravlax de saumon est un mets raffiné et délicatement parfumé, idéal pour un apéritif ou une entrée.",1.0,20 min,20.0,Facile,Easy,14,10,50g Gros sel | 50g Sucre semoule | 1 branche Aneth émincée | 1 branche Coriandre émincée | 3g Baie rose | 5g Zeste de citron bio | 150g Saumon frais label rouge | 1cl Gin | 10g Crème de Bresse | 3cl Jus de citron bio | Sel | Poivre | 1/2 tranche Pain de campagne grillé | Branches d'Aneth,"1. Préparer le mélange : gros sel, sucre, aneth, coriandre, baie rose et zeste de citron 2. Dans un bac gastro préalablement filmé, verser la moitié du mélange gros sel et sucre 3. Y déposer le morceau de saumon frais que l'on frictionnera de gin 4. Recouvrir ensuite le saumon avec le reste du mélange gros sel et sucre 5. Refermer le film et laisser mariner 48h au frais 6. A l'issue des 48h, sortir le morceau de saumon, le rincer à l'eau et bien l'essuyer 7. Tailler sur le filet 150g en fines lamelles 8. Mélanger ma crème, le jus de citron, les zestes et assaisonner 9. Faire griller les tranches de pain 10. Dresser votre assiette avec un peu d'aneth","« Saumon gravlax avec crème de Bresse et pain de campagne » est une recette professionnelle METRO (poissons et fruits de mer), composée de 14 ingrédients et 10 étapes, pour 1 portion, durée 20 min.","""Saumon gravlax avec crème de Bresse et pain de campagne"" is a professional METRO recipe (fish & seafood), with 14 ingredients and 10 steps, for 1 serving.",https://www.metro.fr/inspiration/recette-chef/mer/saumon-gravlax-creme-Bresse,METRO France – metro.fr/inspiration/recette-chef
METRO-REC-0116,"Shiitaké, gnocchi de pommes de terre au blé noir, œufs de truite",mer,Poissons et fruits de mer,Fish & seafood,Vincent Guillemot,,6.0,1h,60.0,Moyen,Medium,10,10,2kg Shii-také | Gingembre frais | Sauce soja | beurre | 500g Pulpe de pommes de terre ferme | 180g Farine de froment | 180g Farine de blé noir | 1 Œuf | Œufs de truite | Comté 24 mois,"1. La veille, mettre de fines tranches de shii-také à mariner dans la sauce soja avec du gingembre frais râpé 2. Garder les parures de shii-také pour en faire une crème fine 3. Passer au beurre à la poêle les plus gros shii-také, à feu doux, en les retournant régulièrement 4. Mettre à cuire les pommes de terre sur un lit de gros sel puis les éplucher et les passer au tamis 5. Mélanger la pulpe de pdt avec l'œuf et les deux farines afin d'obtenir une pâte à gnocchi que l'on forme en rouleau sur un plan de travail fariné 6. Tailler les gnocchis sur environ 3 cm et les cuire à l'eau bouillante salée 7. Disposer les gros shii-také dans l'assiette, quelques points de crème de shii-také 8. Déposer gnocchis pochés puis poêlés au beurre, les tranches marinées et la marinade 9. Parsemer d'œufs de truite pour le côté iodé 10. Disposer quelques copeaux de comté","« Shiitaké, gnocchi de pommes de terre au blé noir, œufs de truite » est une recette professionnelle METRO (poissons et fruits de mer) signée Vincent Guillemot, composée de 10 ingrédients et 10 étapes, pour 6 portions, durée 1h.","""Shiitaké, gnocchi de pommes de terre au blé noir, œufs de truite"" is a professional METRO recipe (fish & seafood) by Vincent Guillemot, with 10 ingredients and 10 steps, for 6 servings.",https://www.metro.fr/inspiration/recette-chef/mer/gnocchi-ble-noir--shiitake-oeufs-truite,METRO France – metro.fr/inspiration/recette-chef
METRO-REC-0117,"Tagliatelles de calamars, riz carnaroli et jus iodé",mer,Poissons et fruits de mer,Fish & seafood,Gaël Tourteaux,,4.0,40 min,40.0,Moyen,Medium,17,19,3 Calamars (300/400g) | 60g Riz Carnaroli | 2 Oignons blanc | 80g Moelle de bœuf | 30cl Vin blanc | 1l Fond de volaille | 1 Citron confit au sel | 2 Echalotes | 1l Jus de moule | 50cl Crème | 30g Beurre | 5cl Jus de citron | Caviar Osciètre Sturia | Oxalis | Pousse d'épinard | Citron zesté | Cressonnette,"1. Nettoyer les calamars 2. Réserver les ailes et les tentacules pour une autre recette 3. Sécher, les corps à plat, puis détailler en fines lanières 4. Démarrer le risotto la veille 5. Faire suer les oignons blancs, ciselés, avec la moelle en brunoise, faire nacrer le riz puis déglacer avec 20 cl de vin blanc 6. Mouiller à court mouillement avec le fond de volaille 7. Stopper la cuisson à 5 minutes puis refroidir rapidement 8. Détailler l'écorce de citron, confit au sel, en fines brunoise 9. Mélangez celle-ci avec le risotto 10. Réserver au frigo pendant 24 heures 11. Faire suer l'échalote émincée, déglacer avec 10 cl de vin blanc, versez le jus de moules, et faire réduire de moitié 12. Crémer, filtrer, monter au beurre et réserver 13. Le lendemain, finir le risotto à court mouillement pendant environ 10 minutes, puis monter au beurre 14. Finition parmesan, assaisonner 15. Cuire les tagliatelles de calamars dans une sauteuse avec 10cl de sauce en parallèle 16. Dresser le risotto dans le fond d'assiette 17. Disposer les tagliatelles de calamars, émulsionner la sauce, puis la dresser 18. Disposer les Oxalis, les pousses d'épinards, ainsi que la cressonnette et le caviar 19. Finition, huile d'olive et fleur de sel, zeste de citron","« Tagliatelles de calamars, riz carnaroli et jus iodé » est une recette professionnelle METRO (poissons et fruits de mer) signée Gaël Tourteaux, composée de 17 ingrédients et 19 étapes, pour 4 portions, durée 40 min.","""Tagliatelles de calamars, riz carnaroli et jus iodé"" is a professional METRO recipe (fish & seafood) by Gaël Tourteaux, with 17 ingredients and 19 steps, for 4 servings.",https://www.metro.fr/inspiration/recette-chef/mer/tagliatelles-calamars-riz-carnaroli,METRO France – metro.fr/inspiration/recette-chef
METRO-REC-0118,"Tarte croustillante de homard bleu, ris de veau et morilles, sauce armoricaine",mer,Poissons et fruits de mer,Fish & seafood,Rodolphe Regnauld,,10.0,2h,120.0,Difficile,Hard,15,20,3 Homards bleus | 500g Ris de veau | 50g Morilles sèches | 50g Échalote | 100g Crème épaisse | 100g Oignon | 100g Fenouil | 30g Ail | 100g Carottes | 1branche Thym | 30g Concentré de tomate | 1L Bouillon de volaille | 50g Cognac | 1 Noilly Prat | 100g Beurre,"1. Mettre les ris de veau à dégorger dans l'eau froide la veille 2. Blanchir les ris de veau : départ eau froide jusqu'à ébullition et stopper la cuisson dans l'eau glacée 3. Égoutter les ris de veau et les mettre sous presse 4. Limoner et conserver au frais 5. Couper les morceaux de ris de veau, les assaisonner, les fariner et les poêler au beurre jusqu'à coloration en les arrosant 6. Couper les queues de homard et les pinces et les faire revenir au beurre 7. Beurrer les feuilles de filo et les superposer par 4 feuilles. Détailler les disques 8. Foncer les moules à tartelette avec ces disques et les mettre à cuire 12 minutes au four à 160°C 9. Mettre les morilles à tremper dans l'eau la veille 10. Égoutter les morilles et les émincer 11. Faire suer les échalotes ciselées, ajouter les morilles, les jus de trempage des morilles et laisser réduire 12. Incorporer la crème fraîche et laisser réduire 13. Faire revenir les carapaces de homard 14. Ajouter la garniture aromatique et continuer de suer 15. Incorporer le concentré de tomate et bien le faire cuire 16. Flamber avec le cognac, ajouter le Noilly Prat et réduire à sec 17. Ajouter le bouillon de volaille et laisser frémir 1 heure 18. Mixer, chinoiser et laisser réduire jusqu'à la consistance désirée 19. Monter au beurre 20. Mettre de la sauce au fond de l'assiette, mettre la tartelette au centre, garnir de morilles, ajouter les morceaux de ris de veau et de homard","« Tarte croustillante de homard bleu, ris de veau et morilles, sauce armoricaine » est une recette professionnelle METRO (poissons et fruits de mer) signée Rodolphe Regnauld, composée de 15 ingrédients et 20 étapes, pour 10 portions, durée 2h.","""Tarte croustillante de homard bleu, ris de veau et morilles, sauce armoricaine"" is a professional METRO recipe (fish & seafood) by Rodolphe Regnauld, with 15 ingredients and 20 steps, for 10 servings.",https://www.metro.fr/inspiration/recette-chef/mer/tarte-homard-ris-de-veau-morille,METRO France – metro.fr/inspiration/recette-chef
METRO-REC-0119,"Tourteau petit épeautre, salade d'herbes",mer,Poissons et fruits de mer,Fish & seafood,Rodolphe Regnault,,10.0,45 min,45.0,Facile,Easy,15,10,"50g Oignon | 50g Echalote | 50g Carotte | 200g Petit épeautre | 100g Huile d'olive de qualité | 10cl Vin blanc | 1l Bouillon de volaille | 1 Jaune d'œuf | 3 Citrons verts | 30g Moutarde | Sel, poivre | 200g Huile de pepin de raisin | 10pinces Tourteaux cuit | 1botte Ciboulette | Herbes fraîches","1. Ciseler l'oignon, l'échalote, tailler la brunoise de carotte 2. Suer ces 3 éléments et incorporer le petit épeautre 3. Déglacer au vin blanc et incorporer le bouillon de volaille 4. Laisser cuire une dizaine de minutes et laisser refroidir 5. Faire une mayonnaise avec le jaune d'œuf, le jus de citron, la moutarde, du sel, du poivre et de l'huile de pépins de raisin 6. Décortiquer les pinces de tourteaux et les effilocher en prenant soin de ne pas laisser de coquilles 7. Ciseler la ciboulette et en incorporer une partie, ajouter de la mayonnaise selon votre goût 8. Mélanger et conserver au frais 9. Assaisonner le petit épeautre avec du jus de citron, de l'huile d'olive, la ciboulette, sel et poivre et conserver au frais 10. Placer le petit épeautre au fond de l'assiette, ajouter une belle quenelle de tourteau, et une belle salade d'herbes","« Tourteau petit épeautre, salade d'herbes » est une recette professionnelle METRO (poissons et fruits de mer) signée Rodolphe Regnault, composée de 15 ingrédients et 10 étapes, pour 10 portions, durée 45 min.","""Tourteau petit épeautre, salade d'herbes"" is a professional METRO recipe (fish & seafood) by Rodolphe Regnault, with 15 ingredients and 10 steps, for 10 servings.",https://www.metro.fr/inspiration/recette-chef/mer/pince-tourteau-epeautre-salade,METRO France – metro.fr/inspiration/recette-chef
METRO-REC-0120,Waterzooï de poisson,mer,Poissons et fruits de mer,Fish & seafood,,,10.0,30 min,30.0,Facile,Easy,13,9,"6 Carottes | 4 Blancs de poireaux | 2 Navets | 1 Céleri rave | 2 noix Beurre | 25 cl Vin blanc | 1,4 kg Dos de lieu noir | 30 cl Fumet de poisson | PM Sel, poivre | 800 g Riz | 4 Jaunes d'œufs | 150 g Crème fraîche épaisse | 40 Crevettes décortiquées","1. Couper les légumes en julienne. 2. Dans une grande casserole faire fondre le beurre et faire revenir les légumes 5 minutes. 3. Ajouter le vin blanc, laisser évaporer. 4. Couper le poissons en tronçons. 5. L'ajouter à la casserole avec le fumet de poisson, du sel et du poivre. 6. Cuire à couvert 10 min sur feu doux. 7. En parallèle faire cuire le riz. 8. Battre les jaunes d'œufs avec la crème, ajouter le mélange à la casserole ainsi que les crevettes et poursuivre la cuisson 5 minutes. 9. Rectifier l'assaisonnement si nécessaire et servir le waterzooï accompagné du riz.","« Waterzooï de poisson » est une recette professionnelle METRO (poissons et fruits de mer), composée de 13 ingrédients et 9 étapes, pour 10 portions, durée 30 min.","""Waterzooï de poisson"" is a professional METRO recipe (fish & seafood), with 13 ingredients and 9 steps, for 10 servings.",https://www.metro.fr/inspiration/recette-chef/mer/waterzooi-poisson,METRO France – metro.fr/inspiration/recette-chef
METRO-REC-0121,Agneau de sept heures,viande,Viandes,Meat,,"« Viande d'exception, l'agneau de sept heures est une viande savoureuse souvent présente sur les tables de fêtes. »",10.0,7h30,,Facile,Easy,8,10,2kg Epaule d'agneau | 1kg Carottes | 1kg Pommes de terre | 250g Oignons blancs grelots | 1kg Oignons jaunes | 110g Fond de veau | 50cl Huile d'olive | 250g Beurre doux en rouleau,"1. Saisissez votre viande dans de l'huile d'olive. 2. Assaisonnez, puis réservez la viande. 3. Ajoutez votre beurre et faire revenir les oignons saucier, puis les carottes. 4. Lorsque les légumes sont saisis, retirez-les. 5. Remettez la viande, puis recouvrez avec les légumes. 6. Commencez la cuisson à feu doux et à couvert. 7. Mouillez régulièrement avec le bouillon de veau. 8. Lancez la cuisson au four de vos garnitures. 9. Coupez la viande avec une cuillère, ajoutez vos légumes et arrosez copieusement du jus de cuisson ! 10. Vous pouvez remplacer les pommes de terre par des patates douces ou une bonne purée de légumes maison !","« Agneau de sept heures » est une recette professionnelle METRO (viandes), composée de 8 ingrédients et 10 étapes, pour 10 portions, durée 7h30.","""Agneau de sept heures"" is a professional METRO recipe (meat), with 8 ingredients and 10 steps, for 10 servings.",https://www.metro.fr/inspiration/recette-chef/viande/agneau-de-sept-heures,METRO France – metro.fr/inspiration/recette-chef
METRO-REC-0122,"Agneau en 3 cuissons, piquillos, safran",viande,Viandes,Meat,,,8.0,1h30 min,90.0,Moyen,Medium,13,7,"1,5kg Épaule d'agneau | 50g Beurre | 20g Thym | 400g Piquillos | Ail | 800g Gigot d'agneau | 20g Huile de tournesol | Sel | Poivre | 1kg Carré d'agneau | 20 g Huile de tournesol | Sel | Poivre","1. Colorer au beurre avec l'ail et le thym, assaisonner et cuire sous vide à 66°C pendant 4 heures. 2. Sortir du sous vide à chaud puis désosser et effilocher la viande. 3. Farcir les piquillos. 4. Piquer à l'ail, assaisonner et rôtir le gigot au four à 180°C pendant 1h à 1h30 selon le poids. 5. Slicer à la minute. 6. Colorer le carré d'agneau et assaisonner. 7. Cuire au four à 120°C pendant 15 minutes.","« Agneau en 3 cuissons, piquillos, safran » est une recette professionnelle METRO (viandes), composée de 13 ingrédients et 7 étapes, pour 8 portions, durée 1h30 min.","""Agneau en 3 cuissons, piquillos, safran"" is a professional METRO recipe (meat), with 13 ingredients and 7 steps, for 8 servings.",https://www.metro.fr/inspiration/recette-chef/viande/agneau-piquillos-safran,METRO France – metro.fr/inspiration/recette-chef
METRO-REC-0123,"Bas carré de veau cuit 36h, carottes fanes multicolores, champignons des bois, jus de veau truffé",viande,Viandes,Meat,Amar Challal,,10.0,36h,2160.0,Moyen,Medium,14,20,"1 Bas carré de veau ficelé (env. 2,2 kg) | 20cl Jus de veau maison | PM Fleur de thym | PM Chapelure | 1botte Carottes fanes multicolores | 300g Chanterelles | 300g Trompettes de la mort | 300g Girolles | 2 Champignons crème | 10g Truffe noire | PM Thym citron | PM Ail | PM Oignon | PM Laurier","1. Cuire le bas de carré de veau sous-vide au four vapeur 69°C pendant 36h 2. Refroidir dans une eau glacée 3. Égoutter, déficeler et tailler des tranches de 125 g 4. La snacker, recouvrir de jus de veau, fleur de thym, sel, poivre, poivre du moulin et chapelure 5. Faire gratiner sous la salamandre jusqu'à obtenir une belle coloration 6. Réserver 7. Laver, éplucher et tailler les carottes fanes multicolores 8. Les cuire à l'étuvée avec de l'huile d'olive, beurre, thym citron, ail, laurier et un peu d'eau. Elles doivent rester un peu croquantes 9. Réserver 10. Laver et faire tomber à l'huile d'olive les champignons des bois 11. Réserver 12. Au moment de l'envoi, faire revenir à feu vif les champignons des bois au beurre, avec les carottes 13. Ajouter sel/poivre et poivre du moulin 14. Finir avec des feuilles de persil plat 15. Ajouter des brisures de truffes dans le jus de veau maison 16. Tailler des copeaux de champignons crème 17. Réserver 18. Dans une assiette plate, disposer le mélange carottes et champignons des bois au centre de l'assiette, mettre la tranche de veau au-dessus 19. Napper la viande de sauce et mettre un cordon autour 20. Ajouter fleur de sel/poivre du moulin, mettre des copeaux de champignons crème autour","« Bas carré de veau cuit 36h, carottes fanes multicolores, champignons des bois, jus de veau truffé » est une recette professionnelle METRO (viandes) signée Amar Challal, composée de 14 ingrédients et 20 étapes, pour 10 portions, durée 36h.","""Bas carré de veau cuit 36h, carottes fanes multicolores, champignons des bois, jus de veau truffé"" is a professional METRO recipe (meat) by Amar Challal, with 14 ingredients and 20 steps, for 10 servings.",https://www.metro.fr/inspiration/recette-chef/viande/carre-veau-carotte-champignon,METRO France – metro.fr/inspiration/recette-chef
METRO-REC-0124,Bouchée lyonnaise,viande,Viandes,Meat,,"""Facile, rapide et efficace, la bouchée lyonnaise est une recette savoureuse et onctueuse.""",1.0,30 min,30.0,Facile,Easy,10,6,30g Sauce au vin blanc pour (30 bouchées) | 15cl Condrieu | 20g Beurre doux en rouleau | 30g Pomme de terre Bintje | 2 Echalotes | 15g Pistache grillées et salées | 1càs Moutarde à l'ancienne | 20g Saucisson à cuire pistache de Lyon | 1l Crème 35% | Tahoon cress Koppert Cress,"1. Faire revenir les échalotes émincées dans l'huile d'olive avant d'ajouter le Condrieu, puis la crème. Faire réduire à feu doux. 2. Préparer votre écrasé de pomme de terre « maison » à l'huile d'olive. Finir en l'agrémentant d'un peu de concassé de pistaches. 3. Faire cuire le saucisson dans l'eau bouillante. 4. Sur pâton de 60 g non étalé, ajouter une cuillère de sauce au vin blanc puis une autre d'écrasé de pomme de terre. Enfourner. 5. Une fois cuit, le pâton a gonflé et pris la forme d'une bouchée. Ajouter sur le dessus une tranche de saucisson et encore une cuillérée de sauce. Remettre au four 20 sec. 6. Finir de quelques pistaches, d'une pincée de poivre de votre choix et d'un peu de Tahoon cress.","« Bouchée lyonnaise » est une recette professionnelle METRO (viandes), composée de 10 ingrédients et 6 étapes, pour 1 portion, durée 30 min.","""Bouchée lyonnaise"" is a professional METRO recipe (meat), with 10 ingredients and 6 steps, for 1 serving.",https://www.metro.fr/inspiration/recette-chef/viande/bouchee-lyonnaise,METRO France – metro.fr/inspiration/recette-chef
METRO-REC-0125,Burger au bleu d'Auvergne,viande,Viandes,Meat,,"""Le burger n'est plus seulement du pain avec une tostinette et un steak sans saveur. Découvrez comment faire un véritable burger au bleu d'Auvergne.""",10.0,10 min,10.0,Facile,Easy,7,6,"1,5kg - Steak haché rond charolais ""façon bouchère"" | 1kg - Oignons jaune | 500g - Bleu d'Auvergne AOP Mornac | 10 - Pains hamburger Bun's géant au sésame | 1kg - Pommes frites allumettes | 20cl - Huile d'olive vierge extra bio | 250g - Beurre doux","1. Faire caraméliser vos oignons 2. Toaster au grill vos pains à burger 3. Poser le steak sur le pain 4. Émietter le bleu d'Auvergne par-dessus 5. Recouvrir généreusement de fondue d'oignons 6. ""Vous pouvez ajouter le classique moutarde et ketchup sur la base de votre pain à burger et glisser dessus quelques feuilles de salade pour plus de croquant et de fraîcheur !""","« Burger au bleu d'Auvergne » est une recette professionnelle METRO (viandes), composée de 7 ingrédients et 6 étapes, pour 10 portions, durée 10 min.","""Burger au bleu d'Auvergne"" is a professional METRO recipe (meat), with 7 ingredients and 6 steps, for 10 servings.",https://www.metro.fr/inspiration/recette-chef/viande/burger-bleu-auvergne,METRO France – metro.fr/inspiration/recette-chef
METRO-REC-0126,Bœuf Wellington,viande,Viandes,Meat,Laetitia Visse,"""Le filet de bœuf Wellington incarne l'élégance et le raffinement culinaire. Ce plat emblématique, parfait pour les grandes occasions, marie la tendreté du filet de bœuf à une duxelle de champignons savoureuse, le tout enveloppé dans une pâte feuilletée dorée et croustillante.""",10.0,1h,60.0,Moyen,Medium,20,28,"2kg Filet de bœuf | 0,1l Huile de pépins de raisin | 200g Échalotes grises | 500g Champignons de Paris | 200g Pleurottes | 2 gousses Ail violet | 1 botte Persil plat | 100g Beurre doux | 15 tranches Jambon de Bayonne | 2 Œufs bio | 1kg Pâte feuilletée pur beurre | PM Sel/Poivre | 600g Vitelottes | 1 barquette Mini betteraves | 1 botte Carottes bottes | 500g Girolles | 20cl Huile de pépins de raisin | 30g Beurre doux | 1 gousse Ail violet | 1 demi-botte Persil plat","1. La veille, parer le filet de boeuf, de manière à lui donner une forme régulière. 2. Assaisonner au sel et poivre du moulin. 3. Colorer le filet sur toutes les faces, dans une grande poêle avec de l'huile de pépins de raisin 4. Le débarrasser sur un linge propre, sur grille, et réserver au frais sans filmer, de manière à le faire sécher 5. Éplucher et ciseler les échalotes. Les faire suer à feu doux dans le beurre 6. Hacher les champignons de Paris et les pleurottes 7. Les ajouter aux échalotes et mélanger régulièrement à la maryse 8. Couvrir une dizaine de minutes, puis, assécher la duxelle, toujours à feu doux 9. Ajouter l'ail écrasée et le persil plat haché au préalable 10. Débarrasser et réserver au frais 11. Disposer soigneusement les tranches de jambon en les chevauchant à moitié, sur du film alimentaire 12. Étaler la duxelle égouttée sur les tranches de jambon à l'aide d'une petite spatule 13. Poser le filet de bœuf au centre, et former une ballotine en serrant le film 14. Réserver au frais deux bonnes heures 15. Clarifier les œufs, et préparer les jaunes dans un ramequin avec un pinceau 16. Étaler la pâte feuilletée sur le plan de travail 17. Retirer le film de la ballotine et la déposer soigneusement au centre du feuilletage 18. Fermer le feuilletage en le collant à l'aide du jaune d'œuf, au pinceau 19. Fermer les extrémités de la même manière, en prenant soin de mettre les jointures en dessous 20. Cuire les vitelottes et les betteraves séparément, à frémissement dans une chauffante 21. Faire de même pour les carottes épluchées au préalable, et les mettre en glaçante avant qu'elles ne soient totalement cuites 22. Couper les betteraves en deux, les vitelottes en quatre, et les carottes en sifflets 23. Laver et égoutter les girolles 24. Faire chauffer une poêle avec l'huile de pépins, et faire sauter les girolles 25. À mi-cuisson, ajouter les autres légumes, en restant sur un peu vif, puis le beurre, et enfin, l'ail écrasé et le persil haché 26. Remuer continuellement et servir aussitôt. 27. Déposer le Wellington sur une plaque de cuisson. 28. Enfourner à 200°C une bonne vingtaine de minutes. Il faut que le feuilletage soit doré et croustillant, et le bœuf cuit correctement : pour une cuisson saignante, sortez-le à 53°C, et laissez-le reposer 5 minutes avant de le trancher et de servir.","« Bœuf Wellington » est une recette professionnelle METRO (viandes) signée Laetitia Visse, composée de 20 ingrédients et 28 étapes, pour 10 portions, durée 1h.","""Bœuf Wellington"" is a professional METRO recipe (meat) by Laetitia Visse, with 20 ingredients and 28 steps, for 10 servings.",https://www.metro.fr/inspiration/recette-chef/viande/boeuf-wellington,METRO France – metro.fr/inspiration/recette-chef
METRO-REC-0127,Bœuf wellington,viande,Viandes,Meat,Nicolas Brousse,"Nicolas Brousse revisite le bœuf Wellington, une viande tendre en croûte parsemée de champignons. Un délicieux incontournable de la cuisine anglaise !",6.0,30 min,30.0,Moyen,Medium,8,13,1kg Filet de bœuf | Vin rouge | Eau | 1kg Champignons de Paris | 2 Échalotes | 300g Truffe | 6 Escalopes de foie gras | 500g Pâte feuilletée,"1. Parer le filet de bœuf 2. Colorer le morceau de bœuf, le retirer et ajouter une garniture aromatique, du vin rouge et de l'eau et laisser réduire 3. Réaliser la duxelle de champignons 4. Faire suer les échalotes et les champignons de Paris, jusqu'à évaporation totale de l'eau 5. Saler et poivrer 6. Tailler la truffe à la mandoline en fines lamelles 7. Snacker le foie gras et le filet de bœuf, et mettre au froid 8. Réaliser le montage bœuf, duxelle, foie gras et truffe comme sur la photo 9. Etaler la pâte feuilletée, utiliser le rouleau cranté pour faire des incisions 10. Déposer le bœuf, duxelle, foie gras et truffe au milieu du rectangle 11. Rabattre la pâte du bas vers le haut et du haut vers le bas et fermer en dessous 12. Dorer avec un jaune d'œuf et de la crème liquide 13. Après cuisson, déposer le feuilletée coupée puis ajouter du jus de bœuf réduit dans l'assiette.","« Bœuf wellington » est une recette professionnelle METRO (viandes) signée Nicolas Brousse, composée de 8 ingrédients et 13 étapes, pour 6 portions, durée 30 min.","""Bœuf wellington"" is a professional METRO recipe (meat) by Nicolas Brousse, with 8 ingredients and 13 steps, for 6 servings.",https://www.metro.fr/inspiration/recette-chef/viande/boeuf-wellington-nicolas-brousse,METRO France – metro.fr/inspiration/recette-chef
METRO-REC-0128,Canettes des Dombes et compressé de cuisses confites,viande,Viandes,Meat,David Lachavannes,,4.0,1h30 min,90.0,Moyen,Medium,22,35,"2 pièces - Filets de canette des Dombes | 2 pièces - Cuisses confites au préalable | 2 pièces - Escalopes de foie gras | 1 plaque - Pain de mie sans croute | 500g - Carottes | 0,5l - Crème liquide | 100g - Champignons bruns | 100g - Girolles | 2 - Oignons blancs | 1 - Betterave rouge cuite | 100g - Maïs doux | 250g - Brisure de châtaigne | 0,5l - Lait | 30g - SOSA Proespuma chaud | 100g - Beurre doux | 0,75cl - Vin rouge | 500g - Purée de cassis | Sel | Poivre de Timut | Ail noir | Amandes torréfiées | Pousses de coriandre","1. Décortiquer les cuisses confites, les effilocher 2. Réaliser le pressé dans un moule rectangulaire : pain de mie – effiloché - foie gras cru – effiloché - finir par pain de mie 3. Filmer le moule et cuire au four vapeur 60 °C 20 minutes 4. Laisser refroidir, démouler 5. Dégraisser, dénerver, quadriller les filets de canette 6. Assaisonner avec sel, poivre de Timut 7. Cuire à basse température four vapeur, 58° 45 minutes 8. Réserver 9. Réduire de moitié le vin rouge 10. Ajouter la purée de cassis 11. Réduire ½ glace, monter au beurre 12. Cuire le crémeux de carotte : faire revenir l'oignon émincé, ajouter les carottes émincées, mouiller avec la crème, cuire à feu doux, mixer 13. Rectifier l'assaisonnement 14. Mixer les châtaignes avec le lait, passer au chinois, ajouter le pro espuma chaud 15. Rectifier assaisonnement 16. Remplir le siphon, 2 cartouches 17. Réserver au bain marie 18. Réaliser la Duxelles 19. Ciseler l'oignon, le faire suer dans un beurre noisette 20. Ajouter les champignons finement hachés 21. Cuire sur feu doux 22. Rectifier l'assaisonnement 23. Mixer le maïs doux 24. Passer au tamis 25. Crémer légèrement 26. Rectifier l'assaisonnement 27. Mixer la betterave rouge avec l'ail noir 28. Passer au tamis 29. Rectifier l'assaisonnement 30. Colorer les filets de canettes côté peau 31. Laisser les reposer avant de les tailler 32. Colorer dans la graisse de canette 33. Le compresser sur les 2 faces 34. Le tailler en 4 morceaux égaux 35. Procéder au dressage des différents éléments","« Canettes des Dombes et compressé de cuisses confites » est une recette professionnelle METRO (viandes) signée David Lachavannes, composée de 22 ingrédients et 35 étapes, pour 4 portions, durée 1h30 min.","""Canettes des Dombes et compressé de cuisses confites"" is a professional METRO recipe (meat) by David Lachavannes, with 22 ingredients and 35 steps, for 4 servings.",https://www.metro.fr/inspiration/recette-chef/viande/canette-dombes-cuisses-confites-foie-gras,METRO France – metro.fr/inspiration/recette-chef
METRO-REC-0129,"Carpaccio de noix de veau, tarama, mayonnaise roquette, asperges vertes",viande,Viandes,Meat,Romain Casas,"""Notre carpaccio de noix de veau accompagné de tarama, mayonnaise à la roquette et asperges vertes est une fusion de saveurs fraîches et délicates.""",6.0,45 min,45.0,Facile,Easy,13,16,400g Noix de veau | 50g Œufs de cabillaud fumés | 50g Pain de mie | 50g Lait | 100g Huile de tournesol | 1 pincée Piment d'Espelette | 1 trait Jus de citron | 1 Jaune d'œuf | Quelques pousses Roquette | 50g Huile de tournesol | 1 cuillère à soupe Moutarde | 6 Asperges vertes | Quelques tranches très fines Pain,"1. Cuire le veau dans un sautoir bien chaud pour colorer les différentes faces en gardant le cœur très rosé 2. Laisser refroidir puis tailler en carpaccio des tranches très fines 3. Tailler le pain de mie pour ne garder que la mie et couper des gros cubes 4. Dans un saladier, mettre les cubes de mie et le lait, laisser reposer quelques minutes 5. Mixer les œufs de cabillaud avec la mie de pain imbibée de lait, ajouter l'huile petit à petit pour monter le tarama 6. Finir par la pincée de piment d'Espelette et le trait de jus de citron 7. Mettre dans une poche à douille 8. Blanchir les pousses de roquette dans une grande casserole d'eau salée puis les refroidir dans une eau glaçante et les mixer pour obtenir un coulis assez dense et bien vert 9. Fouetter le jaune d'œuf et la moutarde avec une pincée de sel 10. Monter à l'huile pour obtenir une mayonnaise et finir en ajoutant le coulis vert, refouetter avec un peu d'huile si besoin 11. Mettre dans une poche à douille 12. Faire cuire les tranches de pain très fines entre deux plaques de cuisson avec un peu d'huile d'olive 13. Cuire la moitié des asperges vertes dans un grand volume d'eau salée et tailler le reste à la mandoline que vous assaisonnez avec de l'huile d'olive et du vinaigre 14. Disposer les tranches de veau froid en chiffonnade 15. Disposer des points de tarama et de mayonnaise roquette 16. Ajouter les asperges cuites et refroidies ainsi que les copeaux d'asperges en salade et finir par les chips de pain","« Carpaccio de noix de veau, tarama, mayonnaise roquette, asperges vertes » est une recette professionnelle METRO (viandes) signée Romain Casas, composée de 13 ingrédients et 16 étapes, pour 6 portions, durée 45 min.","""Carpaccio de noix de veau, tarama, mayonnaise roquette, asperges vertes"" is a professional METRO recipe (meat) by Romain Casas, with 13 ingredients and 16 steps, for 6 servings.",https://www.metro.fr/inspiration/recette-chef/viande/veau-carpaccio-tarama-roquette-asperge,METRO France – metro.fr/inspiration/recette-chef
METRO-REC-0130,"Carré de veau, blettes et céleri",viande,Viandes,Meat,,,8.0,3h45 min,225.0,Difficile,Hard,28,32,"1 Carré de veau | Beurre noisette | Thym frais | Ail | ½ Céleri boule | 200g Vinaigre de cidre | 100 g Eau | 100g Sucre | 10 g Sel | Poivre en grain & coriandre en grain | Foin St Martin de Crau | 500g Côte de Blettes | 250g Bouillon de poule | 2,5 g Agar agar | 5 Feuilles gélatine | Beurre | 2 feuilles Pâte à phyllo | 40g Bouillon de poule | 25g Crème liquide | 4 feuilles Gélatine | 2 Betteraves | 200g Eau | 100g Vinaigre de vin | 50 g Sucre | 50g Beurre | 50g Coulis de framboise non sucré | Noisettes entières | 4 Framboises fraîches","1. Désosser le carré de veau, dégraisser. 2. Lancer un fond de veau à l'aides des parures et os obtenus. 3. Détailler dans la longueur et rouler en ballotine à l'aide d'un papier film alimentaire, ficeler les extrémités afin de créer une tension sur ce dernier. 4. Mettre sous vide la ballotine. 5. Marquer en cuisson basse température à l'aide d'un thermoplongeur, 52° pendant 1h30. 6. Lors du dressage, rôtir à la poêle à feu vif sur toutes ses faces, arroser généreusement de beurre noisette, de thym frais et de gousses d'ail en chemise. 7. Débiter en médaillon, laisser reposer quelques secondes sur grille, assaisonner de fleur de sel à l'envoi. 8. Réaliser des Pickles de Céleri : réaliser des tagliatelles de céleri boule, pocher dans 200g de vinaigre de cidre, 100g d'eau, 100g de sucre, 10g de sel, quelques graines de coriandres & poivres noir cassées. 9. Laisser infuser jusqu'à complet refroidissement. 10. Réaliser la garniture céleri boule : le céleri boule enveloppé dans du foin de St Martin de Crau, en papillote, au four (160° pendant 2h00). 11. Débiter en rectangle de 6cm sur 1cm, débarrasser dans une plaque légèrement beurrée et assaisonnée de sel, filmer et maintenir en étuve. 12. Tarte fine de Blettes : Séparer le vert de blettes des côtes, blanchir le vert de blettes et réaliser un coulis ( pour 250g de feuilles vert de blettes : détendre avec 250g de bouillon de poule, mixer l'ensemble, coller avec 2.5g d'agar agar, faire bouillir puis incorporer 5 feuilles de gélatine, assaisonner et réserver à température ambiante). 13. Mettre à fondre le beurre, badigeonner 2 feuilles de pâte à phylo superposées. 14. Cuire entre 2 moules à brioche tête, les disques de pâte à phylo beurrés, (180° pendant 8 minutes). 15. Tailler en Brunoise les côtes de blettes épluchées, sauter rapidement puis mouiller avec 40g de bouillon de poule, crémer avec 25g de crème liquide, rectifier l'assaisonnement, puis coller avec 4 feuilles de gélatine pour 320g de masse obtenue. 16. Verser dans des moules en silicone demi-sphère d'environ 1cm de diamètre, faire prendre au négatif. 17. Démouler la sphère surgelée puis tremper à l'aide d'un pic dans le coulis de vert tempéré. 18. Disposer sur grille et laisser décongeler 3h en chambre froide. 19. Au moment de l'envoi, dresser dans la tarte fin obtenue. 20. Eplucher 2 betteraves, tailler en quartier puis cuire dans 200g d'eau, 100g de vinaigre de vin vieux, 50g de sucre et 50g de beurre. 21. Cuire à couvert à frémissement. 22. Réaliser un coulis betterave et framboises avec 100g de betteraves cuites et 50g de coulis de framboise non sucré. 23. Détendre avec 50g de jus de cuisson. Mixer et réserver en pipette. 24. Torréfier les noisettes entières au four (environ 15 minutes à 160° jusqu'à coloration blonde). 25. Trier le mouron des oiseaux, réserver. 26. Tailler les framboises fraîches en 4. 27. Récupérer les disques de ravioles obtenus précédemment. 28. Disposer celui de 3cm en 1er, déposer la rillette de maquereau et recouvrir du 2ème disque obtenu de 4cm, pincer légèrement et réserver. 29. Disposer le céleri bâton avec les tagliatelles pickles. 30. Dresser la tartelette de blettes. 31. Disposer le médaillon de veau rôti au préalable au centre de l'assiette. 32. Décorer à l'aide de pousses de coriandre.","« Carré de veau, blettes et céleri » est une recette professionnelle METRO (viandes), composée de 28 ingrédients et 32 étapes, pour 8 portions, durée 3h45 min.","""Carré de veau, blettes et céleri"" is a professional METRO recipe (meat), with 28 ingredients and 32 steps, for 8 servings.",https://www.metro.fr/inspiration/recette-chef/viande/carre-veau-tarte-blette-celeri,METRO France – metro.fr/inspiration/recette-chef
METRO-REC-0131,"Cochon de lait rôti, cerises, épices douces",viande,Viandes,Meat,,"""Un cochon de lait rôti, cerises et épices douces, un plat traditionnel réconfortant et savoureux.""",8.0,1h15,,Moyen,Medium,9,4,"400g – Cerises | 2,8kg – Cuissot de cochon de lait | 10g – Genièvre | 10g – Raz el hanout | 50g – Huile de tournesol | 10g – Cumin | 5g – Baies roses | 10g – Poudre de coriandre | 10g – Cannelle","1. 24h à l'avance, frotter le cuissot avec la marinade d'épices. 2. Filmer le cuissot et laisser au frigo. 3. Rôtir au four à 150°C pendant 45 minutes puis 180°C pendant 15 minutes. 4. Dénoyauter les cerises et les mettre à cuire pendant 15 minutes avec du beurre et le cochon.","« Cochon de lait rôti, cerises, épices douces » est une recette professionnelle METRO (viandes), composée de 9 ingrédients et 4 étapes, pour 8 portions, durée 1h15.","""Cochon de lait rôti, cerises, épices douces"" is a professional METRO recipe (meat), with 9 ingredients and 4 steps, for 8 servings.",https://www.metro.fr/inspiration/recette-chef/viande/cochon-lait-roti-cerises-epices-douces,METRO France – metro.fr/inspiration/recette-chef
METRO-REC-0132,"Cuisse de canard grillée, sauce barbecue, riz et haricots",viande,Viandes,Meat,,,10.0,1h15,,Facile,Easy,6,6,"10 Cuisses de canard | 20g Beurre | 200g Sauce barbecue | 10g Estragon | 1kg Riz 3 couleurs | 1,5kg Haricots verts extra fins","1. Dans une poêle bien chaude, commencer par faire dorer les cuisses de canard avec le beurre fondu, pour créer un bon jus. 2. Parsemer ensuite d'estragon et ajouter la sauce barbecue, bien répartie sur toutes les cuisses. 3. Finir la cuisson à feu moyen, en retournant les cuisses régulièrement. 4. En parallèle, préparer du riz en vous servant du mélange du jus des cuisses et de la sauce barbecue. 5. Préparer enfin vos haricots. 6. Assaisonner, dresser et servir bien chaud !","« Cuisse de canard grillée, sauce barbecue, riz et haricots » est une recette professionnelle METRO (viandes), composée de 6 ingrédients et 6 étapes, pour 10 portions, durée 1h15.","""Cuisse de canard grillée, sauce barbecue, riz et haricots"" is a professional METRO recipe (meat), with 6 ingredients and 6 steps, for 10 servings.",https://www.metro.fr/inspiration/recette-chef/viande/cuisse-canard-grillee-sauce-barbecue,METRO France – metro.fr/inspiration/recette-chef
METRO-REC-0133,Côte de Galice sauce Choron,viande,Viandes,Meat,,,2.0,45 min,45.0,Facile,Easy,13,10,"1,1kg - Demi-carré côtes de bœuf de Galice | 250g - Beurre doux en rouleau | 3cac - Double concentré de tomates | 1cac - Poivre concassé | 2 - Echalotes | 400g - Pomme de terre Blue Belle | 2cas - Huile d'olive vierge | 1cas - Paprika doux | 1pincée - Herbes de Provence | 1pincée - Fleur de sel | 100ml - Pays d'Oc Sauvignon blanc Jean Dellac 2016 | 30 - Œufs calibre moyen | 1bouquet - Estragon","1. Dans une casserole, verser le vinaigre, le vin blanc, les échalotes ciselées, l'estragon, le poivre et laisser réduire 45 minutes à feu moyen 2. Passer au chinois 3. Ajouter les jaunes d'œufs 4. Remettre sur feu doux et battre jusqu'à épaississement 5. Hors du feu, incorporer le beurre coupé en morceaux en fouettant 6. Ajouter ensuite le concentré de tomate et mélanger 7. Réserver à température ambiante 8. Dans un saladier, mélanger les pommes de terre coupées en quartier avec l'huile, le paprika et les herbes de Provence 9. Laisser reposer 30 minutes 10. Repartir ensuite dans un plat recouvert de papier sulfurisé pour 30 minutes et passer au four à 200°C","« Côte de Galice sauce Choron » est une recette professionnelle METRO (viandes), composée de 13 ingrédients et 10 étapes, pour 2 portions, durée 45 min.","""Côte de Galice sauce Choron"" is a professional METRO recipe (meat), with 13 ingredients and 10 steps, for 2 servings.",https://www.metro.fr/inspiration/recette-chef/viande/cote-de-galice-sauce-choron,METRO France – metro.fr/inspiration/recette-chef
METRO-REC-0134,"Filet de Boeuf, écrasé de pommes de terre roseval, gel tamarin, jus tamarin, cebettes grillées",viande,Viandes,Meat,,,8.0,1h,60.0,Moyen,Medium,12,10,800g Filet de boeuf | 20g Huile d'olive | Sel | Poivre | 10 Cébettes | 20g Huile de tournesol | 800g Eau | 1 Pommes de terre Roseval | 20g Beurre | 200g Vin rouge | 1l Fond de veau | 70g Purée de tamarin,"1. Parer, puis filmer le filet de bœuf et précuire à 55°C pendant 15 minutes puis colorer sur toutes les faces. 2. Assaisonner. 3. Griller 8 des 10 cébettes 4. Cuire en robe des champs les pommes de terre dans une eau salée, départ eau froide. 5. Éplucher à chaud et écraser à la fourchette. 6. Incorporer l'huile d'olive et 2 cébettes ciselées. 7. Colorer les parures de bœuf avec du beurre. 8. Déglacer au vin rouge puis réduire à glace et déglacer au fond de veau, passer au chinois, dégraisser. 9. Laisser cuire à feu doux pendant 1 heure. 10. Réduire à demi-glace, incorporer la purée de tamarin et monter au beurre.","« Filet de Boeuf, écrasé de pommes de terre roseval, gel tamarin, jus tamarin, cebettes grillées » est une recette professionnelle METRO (viandes), composée de 12 ingrédients et 10 étapes, pour 8 portions, durée 1h.","""Filet de Boeuf, écrasé de pommes de terre roseval, gel tamarin, jus tamarin, cebettes grillées"" is a professional METRO recipe (meat), with 12 ingredients and 10 steps, for 8 servings.",https://www.metro.fr/inspiration/recette-chef/viande/filet-boeuf-ecrase-pomme-terre-tamarin-cebettes,METRO France – metro.fr/inspiration/recette-chef
METRO-REC-0135,"Filet de canette, girolles, sugar peas, yuzu kosho",viande,Viandes,Meat,Rudy Villien,,4.0,45 min,45.0,Moyen,Medium,19,35,"1 Canette entière | 1 boîte Sugar Peas | Pâte de Yuzu Kosho | 2 Oignons doux | 2 Oignons | 2 Carottes | 1 Poireau | 1kg Petit pois | 5cl Vin blanc | 250g Fond blanc | 450g Lait | 350g Crème | 1 gousse Ail | 1 branche Thym | Sel, poivre et épices de votre choix | 750g Pomme de terre | 1 Badiane | Beurre | Huile (Olive ou tournesol)","1. Lever les filets de canette 2. Enlever les nerfs et le surplus de graisses et quadriller le gras 3. Les réserver au frais 4. Pour la cuisson, sortir les filets à température ambiante minimum 1h avant de les cuire 5. Déjointer les cuisses 6. Les mettre à rôtir (sans matière grasse) avec un départ à froid et en augmentant la température du feu pour faire fondre la graisse 7. Une fois rôties, ajouter 1 carotte taillée en rondelle, 1 oignon coupé grossièrement, 1 poireau, quelques grains de poivres, 5cl de vin blanc, badiane, et d'autre épices à votre convenance 8. Mouiller à hauteur et laisser cuire à feu doux pendant 4 heures 9. Une fois cuit, effilocher les cuisses 10. Passer le bouillon au chinois 11. Le faire réduire de ¾ pour ensuite assaisonner votre effiloché avec le bouillon réduit 12. Saler les filets 13. Les mettre côtés graisse dans la poêle froide et chauffer jusqu'à coloration brune 14. Retourner ensuite côté chair 15. Une fois chaque côté coloré, les mettre dans un plat. Avec un pinceau badigeonner le gras d'un peu de miel, et enfourner à 180 °C pendant 1 minute 30 16. Une fois cuits, les réserver dans un autre plat pour laisser la viande se détendre 17. Au moment de servir, flasher les filet 3 minutes au four et tailler la viande 18. Gratter les girolles 19. Les nettoyer avec un linge humide et les conserver au frais 20. Pour la cuisson, dans une poêle chaude avec un trait d'huile, mettre les girolles salées directement (pour retirer l'eau du champignon) 21. Ajouter une noisette de beurre, et les faire sauter 22. Cuire les sugar peas à l'eau bouillante salée environ 30 secondes et les mettre dans de l'eau glacée (pour stopper la cuisson et garder la couleur) 23. Faire suer un oignon dans l'huile 24. Ajouter les pommes de terre 25. Mouiller à hauteur avec un fond blanc, du lait, de la crème, une gousse d'ail, une branche de thym 26. Assaisonner de sel et poivre 27. Une fois cuit, mixer le tout 28. Rectifier l'assaisonnement (si besoin) 29. Passer au chinois 30. Mettre en siphon avec 2 cartouches pour 1 litre 31. Garder au chaud dans un bain marie à 60-65 °C 32. Cuire les petits pois dans l'eau bouillante salé 33. Les mixer 34. Passer au chinois et refroidir immédiatement 35. Mettre en pipette et chauffer au bain marie","« Filet de canette, girolles, sugar peas, yuzu kosho » est une recette professionnelle METRO (viandes) signée Rudy Villien, composée de 19 ingrédients et 35 étapes, pour 4 portions, durée 45 min.","""Filet de canette, girolles, sugar peas, yuzu kosho"" is a professional METRO recipe (meat) by Rudy Villien, with 19 ingredients and 35 steps, for 4 servings.",https://www.metro.fr/inspiration/recette-chef/viande/filet-canette-girolles-sugar-peas-yuzu,METRO France – metro.fr/inspiration/recette-chef
METRO-REC-0136,"Filet de pigeon rôti, cuisse farcie et confite au foie gras, tartine croustillante d'abats, mousseline de betterave, jus corsé",viande,Viandes,Meat,Rodolphe Regnauld,"""Faites découvrir à vos clients cette recette de pigeon accompagné de sa mousseline de betterave et jus corsé.""",10.0,1h30 min,90.0,Moyen,Medium,15,17,5 Pigeons | 150g Foie gras mi-cuit | 1kg Palourde | 1 Branche de Thym | 300g Porto | 50g Cognac | 50g Oignons | 500g Betteraves rouges | 100g Beurre | 50g Carottes | 2tranches Pain de mie | 50g Echalotes | 50g Carottes | 1tranche Pomme Granny-Smith | 1 Betterave chioggia,"1. Flamber et vider les pigeons, ensuite lever les cuisses 2. Désosser et farcir les cuisses de foie gras et les mettre à confire à 90°C 90 minutes 3. Récupérer les foies et les cœurs et les réserver au frais 4. Concasser les carcasses et lancer le jus 5. Mettre en cuisson la mirepoix de betterave rouge pour la purée 6. Mixer avec le beurre, sel, poivre et sucre 7. Éplucher et cuire les carottes à l'anglaise 8. Mettre les coffres de pigeon en cuisson à la poêle et colorer les 2 filets puis rôtir 4/5 mn à 180° C et laisser reposer 9. Tailler les tartines de pain de mie et les passer au beurre 10. Suer l'échalote et saisir les abats. Les flamber, les mixer et réserver 11. Masquer la tartine avec la farce d'abats 12. Mixer la purée de betterave et la garder au chaud 13. Lever les suprêmes de pigeon et parer les cuisses 14. Maintenir au chaud 15. Tailler la julienne de pomme granny-smith, les rondelles de betterave chioggia 16. Filtrer le jus et l'incorporer et réduire, filtrer à nouveau et monter au beurre 17. Mettre une grosse cuillère de purée de betterave et la « splacher ». Poser le filet de pigeon, puis la cuisse confite. Décorer avec des tranches de betterave chioggia crues et servir le jus","« Filet de pigeon rôti, cuisse farcie et confite au foie gras, tartine croustillante d'abats, mousseline de betterave, jus corsé » est une recette professionnelle METRO (viandes) signée Rodolphe Regnauld, composée de 15 ingrédients et 17 étapes, pour 10 portions, durée 1h30 min.","""Filet de pigeon rôti, cuisse farcie et confite au foie gras, tartine croustillante d'abats, mousseline de betterave, jus corsé"" is a professional METRO recipe (meat) by Rodolphe Regnauld, with 15 ingredients and 17 steps, for 10 servings.",https://www.metro.fr/inspiration/recette-chef/viande/pigeon-foie-gras-betterave,METRO France – metro.fr/inspiration/recette-chef
METRO-REC-0137,"Filet de veau de l'Aveyron, courgette jaune, pois chiche, vierge d'herbes d'été",viande,Viandes,Meat,Denise Hoquet,,4.0,1h,60.0,Moyen,Medium,26,17,1 Filet de veau de l'Aveyron Label Rouge d'environs 800g | 1cac. Poudre de paprika fumé | 2 Laurier | Huile d'olive | Sel et poivre | 1 Courgette jaune ronde | 1 Courgette jaune longue | 200g Pois chiche secs | 1cac. Cumin en poudre | 500g Eau | 400g Vinaigre blanc | 50g Miel | 50g Sucre semoule | 1cas. Graine de coriandre | 3feuilles Laurier | 4gousses Ail en chemise | Huile d'olive de bonne qualité | 1 Citron vert | 1 Tomate jaune | 2 Echalotes | 1 Gingembre (petit morceau) | 1bouquet Persil frais | 1bouquet Origan frais | Pignons de pain | Sel et poivre | Menthe fraîche (quelques feuilles),"1. Préparer le filet de veau, puis le laisser mariner une nuit avec un peu d'huile d'olive, de la poudre de paprika fumé, du sel, du poivre moulu et quelques feuilles de laurier 2. Mettre à tremper les pois chiches dans de l'eau 3. Marquer le filet à feu vif puis rouler la viande dans un film alimentaire, réserver 4. Cuire les pois chiches dans un bouillon de légumes, un peu de cumin en poudre et un oignon blanc coupé en quatre 5. Égoutter les pois chiches en réservant l'eau de cuisson, à la fin de la cuisson 6. Mixer au blender avec du sel, un peu de poivre du moulin et ajoutez l'eau de cuisson si nécessaire, en fonction de la texture souhaitée (réserver quelques pois chiches non mixés pour la décoration) 7. Ajouter éventuellement un peu de crème liquide 8. Goutter et rectifier l'assaisonnement si nécessaire 9. Réserver au bain-marie 10. Préparer quelques rubans de courgette jaune avec la peau pour en faire des pickles, avec l'économe 11. Porter à ébullition l'ensemble des ingrédients de la marinade puis hors du feu incorporer les rubans de courgette 12. Réserver dans la cellule de refroidissement 13. Couper la courgette jaune ronde avec la peau en quartiers, cuire quelques minutes à l'anglaise puis réserver 14. Préparer la sauce vierge en éminçant l'ensemble les ingrédients, mélanger généreusement avec de l'huile d'olive, réserver 15. Cuire le filet de veau au four à 180°C pendant 3-4 minutes, au moment du service 16. Couper 3 jolis médaillons d'environ 1,5 cm d'épaisseur par personne 17. Dresser l'assiette et rajouter la sauce vierge en salle","« Filet de veau de l'Aveyron, courgette jaune, pois chiche, vierge d'herbes d'été » est une recette professionnelle METRO (viandes) signée Denise Hoquet, composée de 26 ingrédients et 17 étapes, pour 4 portions, durée 1h.","""Filet de veau de l'Aveyron, courgette jaune, pois chiche, vierge d'herbes d'été"" is a professional METRO recipe (meat) by Denise Hoquet, with 26 ingredients and 17 steps, for 4 servings.",https://www.metro.fr/inspiration/recette-chef/viande/filet-veau-aveyron-courgette-pois-chiche,METRO France – metro.fr/inspiration/recette-chef
METRO-REC-0138,Filet mignon à la forestière et pâtes fraîches,viande,Viandes,Meat,,Régalez vous avec cette recette facile du filet mignon à la forestière et pâtes fraîches.,10.0,30 min,30.0,Facile,Easy,8,12,"1,8kg Filet mignon porc | 1 Noix Beurre | 4 Echalotes | 1,250kg Champignons blancs | 25cl Vin blanc | 1l Crème 30% | 3cuil. à soupe rase Moutarde | 1,2kg Pâtes fraîches (tagliatelles)","1. Faire chauffer une noix de beurre et faire revenir le filet mignon sur toutes ses faces sur feu moyen/vif. 2. Peler et émincer finement les échalotes. 3. Couper les champignons en fines tranches. 4. Reverser la viande et déglacer avec la moitié du vin blanc. 5. Ajouter les échalotes, faire réduire. 6. Ajouter les champignons, poursuivre la cuisson 5 minutes. 7. Couper le filet mignon en tranches. 8. Mélanger la moutarde avec la crème. 9. Ajouter le mélange à la cuisson ainsi que le restant de vin blanc et les tranches de filet mignon. 10. Faire cuire à couvert 10 minutes de chaque côté. 11. Assaisonner. 12. En parallèle, faire cuire les pâtes.","« Filet mignon à la forestière et pâtes fraîches » est une recette professionnelle METRO (viandes), composée de 8 ingrédients et 12 étapes, pour 10 portions, durée 30 min.","""Filet mignon à la forestière et pâtes fraîches"" is a professional METRO recipe (meat), with 8 ingredients and 12 steps, for 10 servings.",https://www.metro.fr/inspiration/recette-chef/viande/filet-mignon-forestiere,METRO France – metro.fr/inspiration/recette-chef
METRO-REC-0139,Gigot d'agneau en croûte d'herbes,viande,Viandes,Meat,,Découvrez la recette du fameux gigot d'agneau avec une croûte d'herbes savoureuse.,6.0,6h,360.0,Moyen,Medium,16,14,"2,2 kg Gigot d'agneau (1,5 kg sans os) | 1/2 Poireau | 2 Oignons | Sel | Poivre | Graines de fenouil | 500ml Vin rouge | 1 Thym, romarin | 4 Gousses d'ail | 1 Piment habanero | Huile d'olive | 250g Pain blanc | 1 Bouquet Herbes (Ciboulette, persil, thym, romarin) | 1 Citron | Huile d'olive | 1 Moutarde litte","1. Découper le gigot d'agneau 2. Couper les légumes en morceaux de la taille d'une noix 3. Assaisonner la viande avec du sel, du poivre et des graines de fenouil 4. Recouvrir tout le gigot 5. Ajouter les légumes et les faire rôtir avec la viande 6. Asperger avec le vin rouge et placer le tout dans un plat à rôtir 7. Couvrir le gigot avec les herbes, de l'ail et le piment 8. Recouvrir d'un filet d'huile d'olive 9. Cuire le gigot au four pendant environ cinq heures à 80°C 10. Pour faire la croûte, couper le pain blanc en petits dés 11. Couper grossièrement les herbes et les mélanger dans un hachoir, conjointement avec l'ail, les dés de pain et un peu d'huile d'olive pour faire une pâte bien homogène 12. Assaisonner légèrement de sel et poivre à votre goût 13. Dès que l'agneau est prêt, créer un manteau avec un peu de moutarde et le rouler dans le mélange d'herbes 14. Renforcer avec un peu de citron et gratiner brièvement dans le four à haute température","« Gigot d'agneau en croûte d'herbes » est une recette professionnelle METRO (viandes), composée de 16 ingrédients et 14 étapes, pour 6 portions, durée 6h.","""Gigot d'agneau en croûte d'herbes"" is a professional METRO recipe (meat), with 16 ingredients and 14 steps, for 6 servings.",https://www.metro.fr/inspiration/recette-chef/viande/gigot-agneau,METRO France – metro.fr/inspiration/recette-chef
METRO-REC-0140,"Iceberg, magret et foie gras au miso",viande,Viandes,Meat,,"Une recette qui sublime foie gras et magret grâce à une semi-fermentation au miso, un praliné salé et une touche de fraîcheur avec la laitue Iceberg.",4.0,30 min,30.0,Moyen,Medium,8,9,300g Noisettes avec peaux | 300g Miso | 1 pièce Magret de canard | 1 Lobe de foie gras | 1 Salade iceberg | 50g Parmesan | 40g Yaourt | 60g Mascarpone,"1. Torréfier les noisettes dans une poêle, ajouter du sel et mixer. 2. Ajouter la même quantité de Miso et mixer à nouveau afin qu'il devienne pâteux. Ce sera la base de votre marinade. 3. Masquer un magret et un morceau de foie gras avec cette pâte et les filmer. 4. Laissez-les mariner 5-7 jours au frais. 5. Détacher les feuilles d'iceberg. 6. Mixer le foie gras et un peu de pâte de marinade (7:3) et napper ce mélange sur les feuilles. 7. Trancher finement le magret grillé et les mettre sur les feuilles. 8. Reconstituer la salade iceberg et couper en deux puis, parsemer de parmesan et de noisettes salées et râpées. 9. Mettre à côté une sauce mélange du yaourt et du mascarpone.","« Iceberg, magret et foie gras au miso » est une recette professionnelle METRO (viandes), composée de 8 ingrédients et 9 étapes, pour 4 portions, durée 30 min.","""Iceberg, magret et foie gras au miso"" is a professional METRO recipe (meat), with 8 ingredients and 9 steps, for 4 servings.",https://www.metro.fr/inspiration/recette-chef/viande/magret-canard-miso,METRO France – metro.fr/inspiration/recette-chef
METRO-REC-0141,"Le chevreuil, dernière saveur d'un début d'hiver",viande,Viandes,Meat,,,2.0,3h30 min,210.0,Difficile,Hard,28,45,"1 Dos de chevreuil | 50g Huile d'olive | 1bâton Cannelle | 1/4 Céleri | 80g Beurre | 10g Truffe melanosporum | 1 Carotte, oignon, poireau | 1 Bouquet garni | 2 Kumquats en lamelles | 6billes Butternut cuite croquante | 1 Butternut | 1 Betterave rouge | 1botte Thym | 2feuilles Laurier | 5g Écorces de bouleau | 10cl Absinthe | 5g Vadouvan | 30cl Bouillon de légumes | 1 Sel et poivre | 40g Cuisse de chevreuil cuite et émiettée | 1 Echalote ciselée | 2branches Estragon haché | 500g Champignons de Paris | 20g Grains de café | 50cl Bouillon de volaille | 40g Sauce bigarade | 1,5g Agar-agar | 1 Sauce soja","1. Désosser le dos de chevreuil 2. Garder les os afin de réaliser le jus 3. Tailler des noisettes de chevreuil 4. Les frotter de poivre sarawak et de cannell 5. Les saisir sur les deux faces 6. Arroser de beurre avec la cannelle 7. Tenir rosé la cuisson 8. Faire repose 9. Déglacer à l'eau 10. Ajouter au jus de chevreuil 11. Ajouter les truffes 12. Garder au chaud 13. Colorer les os 14. Déglacer 15. Ajouter la garniture aromatique 16. Cuire 3 h à frémissement en mouillant à hauteur 17. Passer puis réduire à demi-glace 18. Cuire un butternut taillé en mirepoix au four à 180 ° 19. Mixer 20. Rectifier l'assaisonnement 21. Tailler le céleri en quart 22. Le cuire meunière 23. Arroser constamment jusqu'à cuisson 24. Dresser dans le fond de l'assiette un point de purée de butternut, le céleri meunière 25. Détailler la noisette de chevreuil, quelques billes de butternut et le jus aux truffes 26. Réduire le bouillon végétal avec le vadouvan à demi-glace 27. Ajouter l'absinthe, réduire et rectifier l'assaisonnement 28. Réserver au chaud 29. Laver la betterave 30. La mettre en papillote au four à 220 ° C durant 2 h 31. Tester la cuisson 32. Éplucher la betterave 33. Tailler en tronçons 34. Servir à part et à discrétion la sauce 35. Former un poupeton avec la cuisse de chevreuil émiettée 36. Ajouter l'estragon et l'échalote 37. Mettre en forme le poupeton 38. Cuire au four à 180° C durant 2h45 les champignons avec les grains de café 39. Passer à l'étamine 40. Rectifier l'assaisonnement à l'aide de la sauce soja 41. Coller la sauce bigarade à l'agar agar 42. Tailler en cube une fois prise 43. Dresser le poupeton au centre de l'assiette 44. Poser dessus le cube de gelée de bigarade 45. Saucer de thé aux champignons","« Le chevreuil, dernière saveur d'un début d'hiver » est une recette professionnelle METRO (viandes), composée de 28 ingrédients et 45 étapes, pour 2 portions, durée 3h30 min.","""Le chevreuil, dernière saveur d'un début d'hiver"" is a professional METRO recipe (meat), with 28 ingredients and 45 steps, for 2 servings.",https://www.metro.fr/inspiration/recette-chef/viande/chevreuil-saveur-debut-hiver,METRO France – metro.fr/inspiration/recette-chef
METRO-REC-0142,"Morilles, asperges vertes et mortadelle",viande,Viandes,Meat,Indra Carillo,"Régalez vos clients avec cette recette de morilles, asperges vertes et mortadelle mélangées à du fromage ricotta et des pistaches hachées.",8.0,1h45 min,105.0,Moyen,Medium,15,21,200g Mortadelle | 100g Parmesan | 50g Huile d'olive | 1 Oeuf | 30g Ricotta | 20g Pistache | 50g Morilles | 10 Asperges vertes | 50g Fenouil | 125g Beurre demi-sel | 125g Beurre doux | 100g Fond blanc | 300g Beurre de fenouil | 50g Jus d'asperges | 50g Crème réduite,"1. Couper la mortadelle en petits morceaux et la placer dans un mixeur, ajouter le Parmesan et l'huile d'olive. 2. Mixer jusqu'à ce que tous les ingrédients soient bien combinés et que la farce soit uniforme. 3. Ajouter un œuf et continuer de mixer jusqu'à ce qu'il soit bien incorporé puis rajouter quelques cuillères de fromage ricotta ainsi que quelques pistaches hachées. 4. Saler et poivrer la farce selon votre goût. 5. Nettoyer soigneusement les morilles à l'eau froide pour éliminer toute saleté. 6. Éponger rapidement les morilles et les réserver dans un torchon humide. 7. Farcir les champignons avec la farce de morilles. 8. Faites fondre un peu de beurre dans une poêle à feu moyen-vif et éviter que les morilles ne se chevauchent trop. 9. Assaisonner les morilles avec du sel et du poivre et servir chaud. 10. Lavez soigneusement les asperges à l'eau froide et éliminez les parties dures et fibreuses en les cassant à leur point de rupture naturel (généralement vers la base). 11. Faites bouillir une grande casserole d'eau salée. 12. Plongez les asperges dans l'eau bouillante et laissez-les cuire pendant 3 à 5 minutes, jusqu'à ce qu'elles soient tendres mais encore croquantes. 13. Retirez les asperges de l'eau bouillante avec une écumoire et plongez-les immédiatement dans un bol d'eau glacée pour arrêter la cuisson. 14. Égouttez-les ensuite sur du papier absorbant. 15. Infuser le fenouil avec du beurre demi-sel et du beurre doux 16. Infuser le beurre avec le fenouil pendant 5 heures à 66 °C 17. Faire refroidir et couper en petits dés. 18. Réserver au frais. 19. Procéder comme pour un beurre monté classique avec de fond blanc réduit, de beurre de fenouil, du jus d'asperge et de la crème réduite puis garner à température. 20. Glacer les asperges, chauffer le beurre monté et disposer les différents éléments harmonieusement dans une assiette creuse. 21. Réaliser quelques fleurs avec des fines lamelles de mortadelle AOP.","« Morilles, asperges vertes et mortadelle » est une recette professionnelle METRO (viandes) signée Indra Carillo, composée de 15 ingrédients et 21 étapes, pour 8 portions, durée 1h45 min.","""Morilles, asperges vertes et mortadelle"" is a professional METRO recipe (meat) by Indra Carillo, with 15 ingredients and 21 steps, for 8 servings.",https://www.metro.fr/inspiration/recette-chef/viande/morille-asperge-verte-mortadelle,METRO France – metro.fr/inspiration/recette-chef
METRO-REC-0143,Médaillon de veau aux champignons et macaronis revisités,viande,Viandes,Meat,,,4.0,20 min,20.0,Facile,Easy,8,13,"4 Médaillon de veau | 150g Champignons de Paris | 400g Macaronis | 1/2L Lait | 50g Beurre | 50g Farine | QS Sel, poivre, muscade | 1/4L Fond de veau","1. Dans une casserole, faire mousser le beurre et y incorporer la farine (roux) 2. Laisser cuire deux minutes et ajouter le lait 3. Cuire en remuant au fouet tout du long 4. Une fois la liaison obtenue, assaisonner avec sel, poivre et la muscade râpée 5. Réserver 6. Cuire les macaronis dans une eau salée (prendre un récipient de cuisson assez grand pour ne pas déformer les macaronis) 7. Une fois al dente, égoutter les pates et les disposer sur une plaque, collés et alignés les uns aux autres 8. Etaler la béchamel à la spatule et parsemer le tout de parmesan râpé 9. Tailler les champignons et réduire le fond de veau 10. Poêler les médaillons et ajouter les champignons en fin de cuisson 11. Détailler des rectangles de macaronis et les gratiner au four 12. Dans une assiette, disposer la viande et la garniture sur les macaronis 13. Napper avec le fond","« Médaillon de veau aux champignons et macaronis revisités » est une recette professionnelle METRO (viandes), composée de 8 ingrédients et 13 étapes, pour 4 portions, durée 20 min.","""Médaillon de veau aux champignons et macaronis revisités"" is a professional METRO recipe (meat), with 8 ingredients and 13 steps, for 4 servings.",https://www.metro.fr/inspiration/recette-chef/viande/medaillon-veau-champignons-macaronis-revisites,METRO France – metro.fr/inspiration/recette-chef
METRO-REC-0144,"Paleron Limousin confit, carotte des Sables et oignons doux",viande,Viandes,Meat,,"Découvrez notre recette de Paleron de boeuf Limousin confit, accompagné de carottes des Sables et d'oignons doux. Une alliance de textures et de saveurs pour un plat gourmand et réconfortant.",6.0,50 min,50.0,Moyen,Medium,17,16,"1,3kg Paleron de bœuf Limousin | 1 Bouquet garni classique | 4kg Carottes des Sables | 2 Oignons doux | 1botte Céleri Branche | 1 Navet (100 gr) | 1l Vin rouge | 80g Echalotes | 150g Moutarde à l'ancienne | 80g Beurre | 800 g Carottes des Sables | Thym | 220g Beurre | 3,5 kg Carottes des sables | 125g Onctueux carotte | PM Maïzena | PM Huile d'olive","1. La veille mettre en cuisson le paleron pendant 12h au four à 110 °C, dans une cocotte en y ajoutant : votre bouquet garni, la garniture aromatique (tailler 4 carottes grossièrement et 2 oignons préalablement « brûlés » dans une poêle, feuille de céleri, navet à couper au préalable, le vin rouge 2. Pour finir compléter avec de l'eau jusqu'à hauteur 3. Après cuisson, passer le jus au chinois étamine puis avec un torchon afin de le filtrer 4. Le faire réduire et ajouter du beurre pour rectification 5. Une fois le paleron sorti du four, ciseler les échalotes et les ajouter au paleron, avec la moutarde à l'ancienne 6. Emietter ce dernier puis le ballottiner en cylindre de 8 cm et réserver au frais 7. Cuisson au four des carottes à 160°C avec 80 g beurre, du thym et de l'eau pendant 40 min 8. Tige de céleri à blanchir 9. A ébullition plonger les carottes environ 15 min 10. Mixer avec 220 g de beurre et une partie de l'eau de cuisson jusqu'à obtenir un mélange lisse 11. Prendre 125 g de l'onctueux de carottes, un peu de maïzena et un peu d'huile d'olive afin de former une pâte, sel et poivre 12. Étaler sur silpat puis cuisson environ 11 min à 170°C 13. Détailler puis snacker le paleron dans une poêle chaude non adhésive, y ajouter les carottes fanes. Cautériser les deux faces de la viande 14. Détailler une branche de céleri en biseau et l'ajouter dans la poêle plus noisette de beurre 15. Dans l'assiette faire une jolie quenelle tirée d'onctueux de carottes, positionner les carottes et le céleri harmonieusement puis la viande au centre 16. Disposer votre jus de cuisson réduit sur la viande ainsi que votre tuile de carotte","« Paleron Limousin confit, carotte des Sables et oignons doux » est une recette professionnelle METRO (viandes), composée de 17 ingrédients et 16 étapes, pour 6 portions, durée 50 min.","""Paleron Limousin confit, carotte des Sables et oignons doux"" is a professional METRO recipe (meat), with 17 ingredients and 16 steps, for 6 servings.",https://www.metro.fr/inspiration/recette-chef/viande/paleron-carotte-oignon,METRO France – metro.fr/inspiration/recette-chef
METRO-REC-0145,Pigeon aux betteraves,viande,Viandes,Meat,Alessandra Montagne,Faites découvrir à vos clients les saveurs du pigeon et de la sauce aux betteraves pour une expérience aussi croquante que crémeuse.,2.0,120 min,120.0,Moyen,Medium,35,6,1 Pigeon de 500g | 100g Beurre | Sel | Poivre | Blettes | 100g Blettes | 10g Huile d'olive à l'ail | Sel | 100g Crème | 200g Foie de pigeon | 1feuille Laurier | 1branche Thym | 10g Poudre fumée | 50g Oignons jaunes | 50g Beurre | 1kg Betteraves (cuites et pelées) | 200g Vinaigre de framboise | 300ml Eau | 5g Aneth | 400g Jus de citron | 4 Clous de girofle | 3feuilles Laurier | 1zeste Orange | 30g Tranches de gingembre | 1 Oignon | 1 Carotte | 20g Céleris | 2gousses Ail | 1 Carcasse de pigeon | 200ml Vin rouge | 200ml Eau | Sel | Poivre | 10g Mouron exotique | 2g Poudre de betterave,"1. Nettoyer le pigeon et séparer la carcasse, le blanc, le foie et les pattes. 2. Nettoyer les feuilles des blettes et les faire revenir dans l'huile. 3. Faire revenir le foie dans de l'huile, ajouter les oignons émincés, ajouter la crème, les herbes et faire cuire. 4. Mixer la préparation avec la poudre et le beurre jusqu'à un résultat lisse. 5. Mixer la betterave et le jus de pickles et laisser reposer durant 10 jours puis les émincer finement à la mandoline. 6. Faire réduire le tout à moitié.","« Pigeon aux betteraves » est une recette professionnelle METRO (viandes) signée Alessandra Montagne, composée de 35 ingrédients et 6 étapes, pour 2 portions, durée 120 min.","""Pigeon aux betteraves"" is a professional METRO recipe (meat) by Alessandra Montagne, with 35 ingredients and 6 steps, for 2 servings.",https://www.metro.fr/inspiration/recette-chef/viande/pigeon-betterave,METRO France – metro.fr/inspiration/recette-chef
METRO-REC-0146,"Pigeon et foie gras en robe de céréales, mousseline de panais et cerfeuil tubéreux",viande,Viandes,Meat,Jean-François Bury,,4.0,2h35 min,155.0,Difficile,Hard,25,26,"2 Pigeons | 100g Beurre | 100g Huile de tournesol | Sel | Poivre | 4 Escalopes de foies gras (60 g/escalope) | Sel | Poivre | 1 Chou vert | 1plaque Feuilletage | 100g Mélange de graines FruiBon « mélange pour pain 5 graines » | 60g Jaunes d'œufs | Sel | 500g Panais | 200g Beurre | 500g Lait | Sel | 300g Cerfeuil tubéreux | 100g Beurre | 250g Fond blanc | Sel | Poivre | Betteraves rouges, jaunes et Chioggia | Feuilles de tagettes | Pousses de betteraves","1. Habiller le pigeon, le vider, lever les cuisses, supprimer la cage thoracique à l'aide de ciseaux. Vous obtenez le bateau. 2. Mettre de côté les cuisses, la cage thoracique pour un jus et marquer en cuisson le bateau deux minutes de chaque côté. 3. Lever les filets et réserver au frais (les filets doivent être crus). 4. Assaisonner sel-poivre et snacker deux minutes de chaque côté les escalopes. 5. Arroser avec le gras que va rendre le foie gras. 6. Égoutter sur un papier absorbant (le foie gras ne doit pas être trop cuit). 7. Effeuiller, retirer les côtes puis laver et essorer le chou. 8. Blanchir les feuilles de chou à l'eau bouillante salée pendant 5 minutes. 9. Les rafraîchir dans l'eau glacée et les égoutter. 10. Mettre la feuille de chou entre deux torchons et l'écraser à l'aide d'un rouleau à pâtisserie. Réserver sur papier absorbant. 11. Sur un film plastique, disposer deux feuilles de chou, l'escalope de foie gras au milieu et par-dessus le filet de pigeon assaisonné. 12. Rouler le tout pour réaliser la ballotine. Réserver en cellule de surgélation. 13. Pour le feuilletage : tailler des lanières de 2 cm sur 40 cm de long. 14. Badigeonner de jaunes d'œufs et recouvrir du mélange de graines FruiBon. 15. Une fois que la ballotine est prise en surgélation, enrouler le feuilletage autour. 16. Poser sur plaque avec papier sulfurisé prêt à cuire. 17. Remettre en cellule de surgélation. 18. Pour la cuisson de la ballotine : 20 minutes à 190°C. Puis 15 minutes de repos avant découpe. 19. Laver, éplucher les panais. Les tailler grossièrement. Les mettre à cuire dans une casserole avec le lait et le sel. 20. Une fois cuits et égouttés, les mixer avec le beurre puis passer au tamis. 21. Laver. 22. Dans une casserole, mettre le beurre à fondre et ajouter les cerfeuils tubéreux avec un peu de sel et poivre. 23. Mouiller avec le fond blanc et glacer les cerfeuils tubéreux. 24. Tailler les deux extrémités de la ballotine puis la couper en deux en biseau. 25. Sur l'assiette, disposer harmonieusement la mousseline de panais, les cerfeuils tubéreux, quelques copeaux de betteraves multicolores préalablement emporte-piècés. 26. Disposer les deux morceaux de ballotine en quinconce et quelques pluches de feuilles de tagette et de pousses de betterave.","« Pigeon et foie gras en robe de céréales, mousseline de panais et cerfeuil tubéreux » est une recette professionnelle METRO (viandes) signée Jean-François Bury, composée de 25 ingrédients et 26 étapes, pour 4 portions, durée 2h35 min.","""Pigeon et foie gras en robe de céréales, mousseline de panais et cerfeuil tubéreux"" is a professional METRO recipe (meat) by Jean-François Bury, with 25 ingredients and 26 steps, for 4 servings.",https://www.metro.fr/inspiration/recette-chef/viande/pigeon-foie-gras-panais-cerfeuil,METRO France – metro.fr/inspiration/recette-chef
METRO-REC-0147,Pigeon façon oriental,viande,Viandes,Meat,,,8.0,1h,60.0,Moyen,Medium,25,18,2kg Pigeon | 500g Carotte | 20g Huile d'olive | 125g Gousses d'ail | 100g Beurre | 10g Thym | 1l Jus d'orange | 50g Crème Liquide | 150g Oignons | Ail | 5g Cumin en poudre | 5g Raz el Hanout | 5g Spigol | 150g Vin blanc | Ail | Thym | Gros sel | ½pce Mini carottes jaunes | ½pce Mini carottes pourpres | 5g Purée de piment d'espelette | 300g Piquillos | 1g Agar Agar | ½pce Mini carottes oranges | Menthe | Coriandre,"1. Désosser les pigeons, cuisses, coffre, carcasse concassée, foie et cœur, réserver au frais. 2. Rôtir au four les carottes avec l'huile d'olive, l'ail et le thym à 170°C pendant 18 à 20 minutes. 3. Réduire le jus d'orange à consistance sirupeuse. 4. Mixer à la sortie du four avec la crème, l'ail, le beurre et le jus d'orange réduit. 5. Passer au tamis, assaisonner et mettre en poche à douille. 6. Colorer les carcasses de pigeon dans un sautoir puis ajouter l'oignon ciselé, l'ail écrasé et les épices. 7. Déglacer au jus d'orange, réduire à glace et mouiller à hauteur. 8. Laisser cuire une heure tout en écumant. 9. Passer à la passoire, au chinois étamine, au chinois torchon puis réserver au frais. 10. Dégraisser et chinoiser une nouvelle fois. Réduire à ½ glace. 11. Faire bouillir le jus d'orange, le vin blanc, l'ail, le thym et le sel. 12. Laver et parer les légumes. 13. Mettre dans 3 poches sous vide de cuissons différentes les légumes et le bouillon. 14. Cuire à 84,6°C pendant 2h. 15. Hacher les piquillos et l'ail, suer à l'huile d'olive. 16. Ajouter la purée de piment d'Espelette et cuire 5 min. 17. Coller l'appareil à l'Agar Agar, incorporer la menthe et la coriandre. 18. Réserver au frais puis mixer, passer au tamis et mettre en pipette.","« Pigeon façon oriental » est une recette professionnelle METRO (viandes), composée de 25 ingrédients et 18 étapes, pour 8 portions, durée 1h.","""Pigeon façon oriental"" is a professional METRO recipe (meat), with 25 ingredients and 18 steps, for 8 servings.",https://www.metro.fr/inspiration/recette-chef/viande/pigeon-facon-oriental,METRO France – metro.fr/inspiration/recette-chef
METRO-REC-0148,"Poitrine de cochon, déclinaison des carottes avec ragout d'haricots noirs",viande,Viandes,Meat,Indra Carillo,Faites saliver vos clients avec cette recette de poitrine de cochon et de ragout d'haricots noirs à déguster avec de la purée de carottes.,8.0,4h,240.0,Difficile,Hard,27,19,"4kg Poitrine de porc | 2kg Carotte noires | 200g Beurre | 50ml Vinaigre d'Orléans | 2kg Carottes sables | 50g Beurre | 1bâton Citronnelle | 6feuilles Combawa séché | 200g Carotte blanche | 200g Carotte orange | 200g Carotte noire | 200g Carotte jaune | 10g Kombu | 1feuille Algue nori | 1kg Haricots noirs secs, trempés dans l'eau pendant la nuit (au moins de 6 à 8 heures) | 1 Oignon moyen, haché | 2gousses Ail, hachées | 1grosse Carotte | 1bâtonnet Citronnelle | 100g Gingembre | 1pièce Piment morita | 1pièce Piment ancho | 1pièce Piment frais vert ou rouge | 1càs Poivre Tellicherry | 1càs Sel | 3brins Coriandre ou persil | 3l Bouillon de Kombu dashi ou de légumes","1. Cuire la poitrine à basse température à 68°C pendant 12 heures. 2. Éplucher les carottes noires, émincer et cuire dans le beurre mousseux sans coloration, saler en début de cuisson et déglacer légèrement avec 50ml du vinaigre d'Orléans puis cuire à l'étuvée. 3. Mixer soigneusement en purée puis passer à au chinois étamine. 4. Réaliser une deuxième purée avec les carottes des sables émincés, verser les carottes dans beurre mousseux aromatisée avec un bâton de citronnelle, feuilles de combawa et cuire également à l'étuvée (sans déglacer au vinaigre). 5. Après cuisson, retirer la citronnelle et le combawa et mixer soigneusement en purée puis passer à au chinois étamine. 6. Cuire les variétés des carottes dans un bouillon infusé aux algues et aromates. 7. Couper ensuite de fines lamelles avec les carottes et superposer les carottes et les algues dans un cadre jusqu'à 2cm d'hauteur. Tailler en rectangles puis snacké à la plancha. 8. Égouttez et rincez les haricots noirs trempés au préalable, puis mettez-les de côté. 9. Dans une grande cocotte ou une marmite, faites chauffer l'huile d'olive à feu moyen. 10. Ajoutez l'ail, l'oignon, puis les carottes et le reste de la garniture et faites cuire pendant 5 minutes, ou jusqu'à ce qu'il soit légèrement doré. 11. Ajoutez les piments, laissez suer et faites cuire pendant 3 minutes supplémentaires. 12. Ajoutez le poivre, les brins de coriandre (ou persil) et le sel. 13. Ajoutez le bouillon Kombu-dashi ou bouillons de légumes et portez à ébullition puis verser les haricots noirs. Gouter et rectifiez l'assaisonnement. 14. Réduisez le feu à moyen-doux, couvrez et laissez mijoter pendant 2 heures, ou jusqu'à ce que les haricots soient tendres. 15. Décanter la garniture et réserver uniquement les haricots noirs. 16. Servez chaud dans une cassolette ou un petit bol. Vous pouvez également préparer le ragoût un jour avant. 17. Décorer avec quelques herbes et ou fleurs disponibles. 18. Étaler les deux purées dans l'assiette, disposer le kombu-jime et la poitrine de cochon snakée. 19. Placer toutes les herbes et fleurs dont vous disposées, rajouter l'huile vert (avec les fanes de carottes) et un peu de jus de viande à table.","« Poitrine de cochon, déclinaison des carottes avec ragout d'haricots noirs » est une recette professionnelle METRO (viandes) signée Indra Carillo, composée de 27 ingrédients et 19 étapes, pour 8 portions, durée 4h.","""Poitrine de cochon, déclinaison des carottes avec ragout d'haricots noirs"" is a professional METRO recipe (meat) by Indra Carillo, with 27 ingredients and 19 steps, for 8 servings.",https://www.metro.fr/inspiration/recette-chef/viande/poitrine-cochon-carotte-haricot-noir,METRO France – metro.fr/inspiration/recette-chef
METRO-REC-0149,"Poitrine de veau confite, morilles, petits pois, coulis ail des ours, pommes noisette, jus court",viande,Viandes,Meat,Tiphaine Mollard,"Notre poitrine de veau confite aux morilles, petits pois, ail des ours, pommes noisette et jus court dévoile ses saveurs pour ravir tous les palais.",6.0,1h30 min + 7h cuisson,,Moyen,Medium,22,21,"1kg Poitrine de veau | 250g Vin rouge | 3 gousses Ail | 2 Carottes | 1 Oignon | Quelques branches Thym et Romarin | Sel, poivre | 250g Pomme de terre | 1 Œuf | 30g Fécule de pomme de terre | 20g Huile de tournesol | Gros sel | Friteuse avec huile de friture | 30g Ail des ours | 30g Pousses d'épinards | 100g Crème | 1/2 Oignon | 50g Morilles | 150g Crème | 24 Morilles | 12 Asperges blanches | 60g Petits pois","1. Tailler l'oignon en deux et le faire brûler dans une poêle bien chaude 2. Dans un grand contenant allant au four, mettre le vin rouge, l'oignon brûlé, l'ail, les carottes taillés grossièrement et la garniture aromatique 3. Immerger la poitrine de veau 4. Couvrir et cuire 7h à 85°C 5. Ôter la poitrine du jus de cuisson et laisser refroidir pour pouvoir tailler de beaux morceaux 6. Passer le jus et faire réduire pour obtenir un beau jus court de veau 7. Faire colorer vos morceaux de veau dans une poêle bien chaude avec du beurre pour obtenir une belle coloration dorée sur toutes les faces 8. Faire cuire les pommes de terre sur un lit de gros sel au four pendant 30 minutes à 180°C, la chair doit être bien fondante 9. Écraser la chair de pomme de terre et ajouter l'huile, la fécule, une pincée de sel et de muscade moulue 10. Former des petites boules et les faire frire 11. Faire chauffer la crème avec une pincée de sel 12. Plonger l'ail des ours et les pousses d'épinards quelques secondes pour les blanchir 13. Mixer jusqu'à l'obtention d'une belle crème verte 14. Faire suer l'oignon avec un peu de beurre et de thym 15. Ajouter les morilles et faire dorer quelques minutes 16. Ajouter la crème et laisser infuser quelques minutes puis mixer et passer au chinois 17. Blanchir les petits pois dans un grand volume d'eau salée, ainsi que les asperges blanches 18. Faire revenir les morilles à la poêle avec un peu de beurre et d'ail écrasé 19. Déposer un peu de coulis d'ail des ours, de crème de morilles 20. Ajouter la garniture (petits pois, asperges blanches, morilles rôties) ainsi que les pommes noisette 21. Déposer le morceau de veau confit et ajouter le jus de viande","« Poitrine de veau confite, morilles, petits pois, coulis ail des ours, pommes noisette, jus court » est une recette professionnelle METRO (viandes) signée Tiphaine Mollard, composée de 22 ingrédients et 21 étapes, pour 6 portions, durée 1h30 min + 7h cuisson.","""Poitrine de veau confite, morilles, petits pois, coulis ail des ours, pommes noisette, jus court"" is a professional METRO recipe (meat) by Tiphaine Mollard, with 22 ingredients and 21 steps, for 6 servings.",https://www.metro.fr/inspiration/recette-chef/viande/veau-poitrine-morille-petits-pois-pommes-noisette,METRO France – metro.fr/inspiration/recette-chef
METRO-REC-0150,Poêlée de ris de veau aux champignons,viande,Viandes,Meat,,,2.0,1h05 min,65.0,Facile,Easy,10,15,1 Ris de veau | 60g Girolles | Macaroni | 40g Conté | 100g Lait | 10g Beurre | 10g Farine | 1/3 de botte Ciboulette | 1 Courgette | 5cl Fond de veau,"1. Dégorger le ris de veau la veille 2. Blanchir le ris (4-5 minutes), tailler des morceaux et réserver au frais 3. Commencer par faire un roux en faisant fondre le beurre, incorporer la farine lorsque le beurre mousse pour lier la sauce et lui donner de la consistance 4. Ajouter le lait 5. Sortir la sauce du feu lorsqu'elle est à ébullition, y ajouter de la muscade 6. Saler, poivrer et mélanger le tout 7. Réserver au frais 8. Cuire les macaronis 9. Les disposer les uns collés aux autres 10. Napper le « radeau » avec la béchamel et parsemer de fromage râpé 11. Poêler le ris ainsi que les champignons 12. En fin de cuisson, ajouter le fond de veau pour glacer la poêlée 13. Gratiner le radeau de macaronis 14. Dresser dans une assiette puis disposer la poêlée dessus et le restant de fond de veau autour 15. Ajouter des brins de ciboulettes","« Poêlée de ris de veau aux champignons » est une recette professionnelle METRO (viandes), composée de 10 ingrédients et 15 étapes, pour 2 portions, durée 1h05 min.","""Poêlée de ris de veau aux champignons"" is a professional METRO recipe (meat), with 10 ingredients and 15 steps, for 2 servings.",https://www.metro.fr/inspiration/recette-chef/viande/poelee-ris-veau-champignons,METRO France – metro.fr/inspiration/recette-chef
METRO-REC-0151,"Ravioles aux truffes noires, consommé de canard et foie gras poêlé – jaune d'œuf confit au soja et caviar de truffe",viande,Viandes,Meat,Benjamin Bruno,,4.0,1h,60.0,Moyen,Medium,8,9,8 Jaune d'œufs | 200g Mascarpone | 100g Truffe noire | 4 Escalopes de foie gras | 150ml Consommé de canard | 200g Truffes noires râpées taillées en emporte-pièces | Caviar de truffes avec les parures | Huile d'olive et truffes,"1. Réaliser une raviole à base de mascarpone et de truffe 2. Incorporer un jaune d'œuf à l'intérieur 3. Poêler le foie gras et faire des petits dés 4. Réaliser un consommé de canard 5. Réaliser un caviar de truffe avec les parures 6. Blanchir la pâte à raviole avec l'œuf et le mascarpone 7. Détailler les foies gras poêlés et les truffes en emporte-pièces 8. Ajouter le jaune d'œuf macéré, une fleur de cresson 9. Terminer par la dentelle au-dessus","« Ravioles aux truffes noires, consommé de canard et foie gras poêlé – jaune d'œuf confit au soja et caviar de truffe » est une recette professionnelle METRO (viandes) signée Benjamin Bruno, composée de 8 ingrédients et 9 étapes, pour 4 portions, durée 1h.","""Ravioles aux truffes noires, consommé de canard et foie gras poêlé – jaune d'œuf confit au soja et caviar de truffe"" is a professional METRO recipe (meat) by Benjamin Bruno, with 8 ingredients and 9 steps, for 4 servings.",https://www.metro.fr/inspiration/recette-chef/viande/ravioles-truffes-canard-foie-gras,METRO France – metro.fr/inspiration/recette-chef
METRO-REC-0152,"Ris de veau, anchois frais et oignon confit",viande,Viandes,Meat,Adrien Descouls,« Réinventez les ris de veau avec cette recette subtile d'anchois frais et d'oignons confits. Un mariage délicat qui saura surprendre et ravir vos convives. »,10.0,,,Moyen,Medium,34,38,2kg Parure veau | 2kg Os | 2 Oignons | 4 Échalotes | Thym | 650g Ris de veau | 20g Anchois | 10g Citron confit | 70g Huile de pépin | 150g Oignon nouveau | 5g Jus de citron | Anchois | Tomate | Fenouil | Échalote | Ail | Cognac | Pastis | Sauce soja | Vin blanc | Zeste de citron | Citronnelle | Thym | Laurier | 200kg Huile de pépin raisin | 50g Fane verte oignon | 250g Oignon | 200g Oignon nouveau | 50g Anchois | 50g Citron confit | 1kg Citron jaune | 2l Eau | 1kg Sucre | 10 Pièces,"1. Colorer les os de veau au four 2. En parallèle, colorer les parures au sautoir. Au ¾ de la coloration, ajouter la garniture aromatique et le beurre 3. Une fois la bonne coloration atteinte, ajouter le thym puis singer 4. Mouiller à l'eau 5. Ajouter les os de veau colorés ainsi que le déglaçage 6. Cuire 30 min, passer et faire en remouille 7. Réduire le jus et la remouille en simultané puis rassembler lorsque les deux préparations sont suffisamment réduites 8. Blanchir 3 min les ris de veau puis les glacer 9. Retirer les peaux et presser 1 nuit entre 2 bacs gastro 10. Le lendemain, assaisonner, ajouter une noisette de beurre puis rouler en film 11. Mettre sous vide et cuire 12. Au moment, colorer les ris de veau à l'huile et au beurre 13. Émincer les oignons nouveaux et cuire comme une compotée avec sucre pour caraméliser et jus de veau 14. Mixer avec tous les éléments en les montant avec les huiles 15. Passer au tamis 16. Griller les sardines et les tomates au barbecue 17. Faire revenir les sardines puis ajouter la GA 18. Déglacer 19. Mouiller au vin blanc et à l'eau 20. Cuire à petite ébullition la citronnelle, le thym et le laurier 21. Infuser passer 22. Dégraisser si nécessaire puis réduire 23. Ajouter au jus de veau 24. Éplucher l'oignon et le tailler en 2 25. Cuire avec de l'huile d'oignon nouveau, du sel et du poivre 26. Refroidir puis tailler chaque moitié en 2 ou 3 en fonction de la taille 27. Défaire les pétales d'oignon 28. Conserver les plus fins pour la base et ciseler le reste pour la farce 29. Ajouter les anchois et le citron confit taillés en fine brunoise 30. Ciseler les verts de cébette et garnir les pétales avec la farce 31. Superposer les pétales d'oignon garnis 32. Tiédir sous la salamandre avant l'envoi 33. Bouillir l'eau et le sucre 34. Refroidir. Blanchir 3 fois les citrons 35. Mettre sous vide avec le sirop et cuire 36. Lever les filets d'anchois 37. Récupérer les arêtes puis les cuire à l'eau 38. Les nettoyer pour enlever la chair et frire. Tailler les filets puis les brûler rapidement au chalumeau","« Ris de veau, anchois frais et oignon confit » est une recette professionnelle METRO (viandes) signée Adrien Descouls, composée de 34 ingrédients et 38 étapes, pour 10 portions.","""Ris de veau, anchois frais et oignon confit"" is a professional METRO recipe (meat) by Adrien Descouls, with 34 ingredients and 38 steps, for 10 servings.",https://www.metro.fr/inspiration/recette-chef/viande/ris-veau-anchois-oignon-confit,METRO France – metro.fr/inspiration/recette-chef
METRO-REC-0153,Sauté de porc poivrons mixtes et petits pois,viande,Viandes,Meat,,Une recette facile et pleine de fraîcheur,10.0,40 min,40.0,Facile,Easy,7,7,"1,75kg Sauté de porc sans os | 125g Beurre doux | 50cl Huile d'olive vierge extra bio | 1kg Oignons charcutier | 1kg Poivrons mixtes | 1,5kg Petits pois doux fins | 1kg Riz blanc",1. Saisir puis caraméliser les morceaux de viande 2. Réserver la viande et ajouter de l'huile d'olive 3. Faire revenir les poivrons et les oignons 4. Mélanger la viande aux légumes 5. Ajouter les petits pois 6. Rectifier l'assaisonnement 7. Préparer un riz blanc,"« Sauté de porc poivrons mixtes et petits pois » est une recette professionnelle METRO (viandes), composée de 7 ingrédients et 7 étapes, pour 10 portions, durée 40 min.","""Sauté de porc poivrons mixtes et petits pois"" is a professional METRO recipe (meat), with 7 ingredients and 7 steps, for 10 servings.",https://www.metro.fr/inspiration/recette-chef/viande/saute-porc-poivrons-petits-pois,METRO France – metro.fr/inspiration/recette-chef
METRO-REC-0154,Selle d'agneau en croûte d'herbes et romaine farcie,viande,Viandes,Meat,Baptiste Renouard,Donnez du croustillant à vos clients avec cette recette de selle d'agneau en croûte d'herbes accompagnée de romaine farcie.,4.0,2h,120.0,Difficile,Hard,19,11,1 Selle d'agneau de lait | 200g Farine | 2 Oeufs entiers | 1botte Persil | 1botte Mélisse | 1pièce Romaine | 1pqt Fêta | 100g Mascarpone | 100g Olive noire de kalamata | Huile d'olive | Huile de tournesol | 2pièces Citrons caviar | 50g Feuille de citronnier fraîche | 50g Criste marine | 1bqt Melissa cress | 1bqt Astina cress | 1bqt Oxalys rouge | Crépine | Jus d'agneau,"1. Préparer la selle d'agneau, puis la rouler pour faire un beau cylindre, rouler dans la crépine, ficeler, colorer et cuire un peu en dessous de rosé, refroidir et déficeler. 2. Préparer la chapelure d'herbes, mixer persil et mélisse dans la chapelure. 3. Couper et effeuiller la romaine, garner les 4 plus belles feuilles, les blanchir, refroidir. 4. Emincer et poêler le cœur de la romaine, dans un petit cul de poule, mélanger la romaine grillée, les olives hachées préalablement puis mixer la fêta et le mascarpone ensemble dans un blender et ajouter à la farce. 5. Farcir la romaine en la gardant bien bombée. 6. Chauffer un mélange d'huile d'olive et de tournesol à 50/50 pour 250g d'huile, et chauffer à 120 degrés, dans un blender mettre les feuilles de citronnier et verser l'huile chaude dessus, mixer pendant 2 minutes, laisser infuser 10 et filtrer. 7. Hacher la criste marine, préparer le citron caviar et mélanger le tout dans l'huile de citronnier. 8. Ajouter du jus d'agneau dedans jusqu'à avoir un peu plus de jus que de mélange citrus. 9. Paner la selle d'agneau dans la farine, puis œufs battus puis la chapelure d'herbes. 10. Frire la selle à 190° pendant 45 secondes pour que la chapelure soit bien croustillante. 11. Tailler la selle d'agneau, mettre la romaine à coté, disposer les cress dessus, le jus au citrus et criste marine.","« Selle d'agneau en croûte d'herbes et romaine farcie » est une recette professionnelle METRO (viandes) signée Baptiste Renouard, composée de 19 ingrédients et 11 étapes, pour 4 portions, durée 2h.","""Selle d'agneau en croûte d'herbes et romaine farcie"" is a professional METRO recipe (meat) by Baptiste Renouard, with 19 ingredients and 11 steps, for 4 servings.",https://www.metro.fr/inspiration/recette-chef/viande/selle-agneau-en-croute-herbes,METRO France – metro.fr/inspiration/recette-chef
METRO-REC-0155,Selle d'agneau farcie à l'andouillette,viande,Viandes,Meat,Laetitia Visse,Etonnez vos clients avec cette selle d'agneau rehaussée de farce à l'andouillette et poitrine fumée accompagnée de blette et raisins de Corinthe.,12.0,1h15 min,75.0,Difficile,Hard,26,24,"2kg Selle d'agneau (1 pièce) | 200g Andouillettes de Troyes | 200g Épaule de porc | 200g Poitrine fumée | 170g Blettes | 20g Raisins de Corinthe | 20g Pignons | 50g Oignons de Roscoff | 10g Ail violet | 34g Sel | 10g Poivre du moulin (blanc) | 200g Crépine | 50g Huile de pépins de raisins | 50g Beurre doux | 100g Poitrine fumée tranchée | 0,2botte Herbes aromatiques | 1verre Vin blanc | Mini carottes | Mini navets | Patate douce | Bintje | Beurre doux | Cerfeuil | Cébette | Pousses de Moutarde | Chou grafitti jaune","1. Passer au hachoir (grosse grille) l'épaule de porc, ainsi que la poitrine fumée 2. Réserver 3. Ciseler les oignons et écraser l'ail. Blanchir les côtes de blettes dans une chauffante salée, et ajouter les verts en fin de cuisson, juste une petite minute 4. Refroidir en glaçante, et égoutter. Détailler les côtes en brunoise, et hacher les verts 5. Ajouter les blettes, les oignons, les pignons, les raisins de Corinthe, l'ail violet écrasé, le sel, et le poivre du moulin au mélange poitrine/épaule 6. Mélanger à la main jusqu'à ce que la masse soit homogène. 7. Désosser la selle d'agneau, en prenant soin de ne pas percer la peau au niveau de la colonne 8. Assaisonner la chair avec du sel et du poivre 9. Quadriller les panoufles et chemiser la totalité de la selle avec les tranches de poitrine fumée 10. Ajouter une couche homogène de farce et déposer l'andouillette à la place de la colonne vertébrale. Rouler soigneusement un côté, puis l'autre 11. Déposer la selle farcie au centre du carré de crépine, préalablement rincé et essoré 12. L'enrober soigneusement en prenant soin de ne pas avoir de trous. Ficeler l'ensemble et laisser une nuit au frais sans couvrir, de manière à laisser sécher 13. Faire chauffer de l'huile dans une poêle anti adhésive 14. Faire dorer la selle sur toutes les faces à feu doux 15. Ajouter le beurre, les herbes fraîches et les gousses d'ail juste coupées en 2 16. Arroser généreusement et quand le beurre est noisette, transférer le tout dans une cocotte avec un verre de blanc et cuire doucement une heure, à 160°C 17. Laisser tirer à feu éteint jusqu'à refroidissement. 18. Blanchir les carottes, les sommités de chou graffiti et les navets 19. Faire une purée avec les Bintjes, les patates douces en morceaux, cuites à l'eau, égouttées puis montées au beurre. Rectifier l'assaisonnement avec du sel 20. Disposer soigneusement les légumes blanchis, refroidis et égouttés sur une plaque allant au four avec du sel et un filet d'huile d'olive 21. Enfourner à 200°C jusqu'à coloration 22. Faire de belles tranches et les arroser du jus de cuisson réduit au préalable, mélangé avec un peu de demi-glace de viande si possible 23. Snacker la tranche à la poêle ou à la plancha, puis dresser avec de la purée, les légumes, un peu de cerfeuil et de pousses de moutarde, ainsi qu'un cordon de jus 24. Servir aussitôt.","« Selle d'agneau farcie à l'andouillette » est une recette professionnelle METRO (viandes) signée Laetitia Visse, composée de 26 ingrédients et 24 étapes, pour 12 portions, durée 1h15 min.","""Selle d'agneau farcie à l'andouillette"" is a professional METRO recipe (meat) by Laetitia Visse, with 26 ingredients and 24 steps, for 12 servings.",https://www.metro.fr/inspiration/recette-chef/viande/selle-agneau-andouillette-poitrine,METRO France – metro.fr/inspiration/recette-chef
METRO-REC-0156,"Selle d'agneau, Black pie d'oignons fumés au foin",viande,Viandes,Meat,Frédéric Simonin,Une recette sophistiquée mettant en avant l'agneau avec des accompagnements raffinés.,4.0,1h,60.0,Difficile,Hard,24,25,"800/1000g Selle d'agneau | Ail | Jus de citron | Fleur de thym | Huile d'olive | Beurre demi-sel | 16cl Jus de viande | 1kg Raisin noir muscat | 0,25cl Vin rouge | 0,15cl Vinaigre de vin rouge | Farine T 55 | Vin blanc | Sel fin | Poudre de charbon végétal | 800g Oignons jaune d'auxonne (100g pour fumé) | 30g Beurre | 20g Sucre | Thym | Ail | Cerfeuil | Oxalys | Allymis blanche | Fenouil sauvage | 5g Poudre d'hibiscus","1. Lever le filet avec la panoufle la veille 2. Bâter la panoufle entre deux feuilles de rhodoïd, puis mariner avec ail, jus de citron et fleur de thym 3. Rouler et ficeler 4. Cuire doucement avec huile d'olive, beurre demi-sel, ail et thym 5. Arroser régulièrement 6. Cuisson rosée 7. Préparer le jus infusé avec herbes fumées au bois de hêtre 8. Infuser 10 minutes 9. Cuire raisins avec vin rouge, Mas Amiel rouge et vinaigre de vin rouge 10. Ajouter baies de genièvre 11. Cuire à réduction 12. Mixer et passer au tamis fin 13. Mettre en pipette et conserver 14. Mélanger farine T 55 et vin blanc avec sel fin et poudre de charbon végétal 15. Fermenter à 42°C pendant 2 heures 16. Étaler et mouler fonds de tarte 17. Cuire à 160°C 18. Démouler et conserver 19. Éplucher et fumer au foin les oignons 20. Tailler et suer au beurre demi-sel 21. Cuire et confire 22. Ajouter thym et ail 23. Cuire doucement 24. Préparer cerfeuil, oxalys, allymis blanche et fenouil sauvage 25. Assaisonner avec vinaigrette calamansi","« Selle d'agneau, Black pie d'oignons fumés au foin » est une recette professionnelle METRO (viandes) signée Frédéric Simonin, composée de 24 ingrédients et 25 étapes, pour 4 portions, durée 1h.","""Selle d'agneau, Black pie d'oignons fumés au foin"" is a professional METRO recipe (meat) by Frédéric Simonin, with 24 ingredients and 25 steps, for 4 servings.",https://www.metro.fr/inspiration/recette-chef/viande/selle-agneau-oignons-raisin,METRO France – metro.fr/inspiration/recette-chef
METRO-REC-0157,Suprême de pintade aux champignons,viande,Viandes,Meat,,Essayez cette recette facile et rapide du Suprême de pintade aux champignons réalisée à base de produits frais.,10.0,,,Facile,Easy,10,6,"1,5kg - Suprême de volaille | 25g - Fond de volaille | 1kg - Pommes de terre | 1kg - Carottes | 1,5kg - Champignons | 100g - Persil plat | 6gousses - Ail origine France | 250g - Echalotes | 37,5cl - Huile d'olive bio | 250g - Beurre",1. Snacker vos suprêmes pour leur donner une belle coloration. 2. Poursuivre la cuisson à feu doux. 3. Allonger votre jus de cuisson. 4. Préparer vos garnitures de légumes. 5. Assaisonner 6. Ajouter les légumes à votre volaille et réservez au chaud.,"« Suprême de pintade aux champignons » est une recette professionnelle METRO (viandes), composée de 10 ingrédients et 6 étapes, pour 10 portions.","""Suprême de pintade aux champignons"" is a professional METRO recipe (meat), with 10 ingredients and 6 steps, for 10 servings.",https://www.metro.fr/inspiration/recette-chef/viande/supreme-pintade,METRO France – metro.fr/inspiration/recette-chef
METRO-REC-0158,Suprême de poule faisane et cuisse en quenelle,viande,Viandes,Meat,Gilles Leininger,,8.0,1h15 min,75.0,Difficile,Hard,25,21,5 Poules faisanne | 10 Cuisses | 2 Suprêmes | 160g Blanc d'œuf | 500g Crème | PM Sel et poivre | Carcasse de faisan | 1 Oignon | 1 Bouquet garni | 1 Carotte | 20g Madère | 20g Cognac | 20g Porto rouge | 100g Jus de truffe | 50g Beurre de foie gras | 150g Crème épaisse | 5 Salsifis | 1 Oignon | 150g Crème | PM Sel et poivre | 5 Salsifis | 100g Lait entier | PM Sel | PM Lamelles de truffe Melanosporum | 5 Coffres de faisan,"1. Réaliser une farce fine à base du gras de cuisse du faisan. 2. Mixer les chairs avec le blanc d'œuf et 300 gr de crème. 3. Passer au tamis la farce. 4. Incorporer à la maryse le restant de crème. 5. Mouler en forme de quenelle puis pocher à l'eau frémissante. 6. Faire rôtir les carcasses de faisan. 7. Dans une cocotte, faites suer la garniture aromatique. 8. Ajouter les carcasses puis déglacer. 9. Cuire à feu doux pendant 1h30, puis filtrer. 10. Réduire les alcools à glace, ajouter le jus de truffe le fond de faisan et réduire de moitié. 11. Ajouter la crème épaisse puis monter au beurre de foie gras. Réserver. 12. Éplucher et laver les salsifis 13. Faire suer au beurre l'oignon émincé 14. Ajouter les salsifis coupés en sifflet et les cuire à l'étuvée 15. Ajouter la crème puis mixer 16. Éplucher et laver les salsifis. 17. Mettre sous-vide et cuire à 96°C pendant 25 min. 18. Faire revenir à la poêle avec une noisette de beurre en leur donnant une belle coloration. 19. Pocher les coffres de faisan dans le fond de faisan pendant 8 min à 80°C et laisser reposer avant de lever les filets. Réserver. 20. Réduire une partie de la sauce à nappe pour glacer les quenelles. 21. Déposer des lamelles de truffe sur la quenelle, glacer et dresser.","« Suprême de poule faisane et cuisse en quenelle » est une recette professionnelle METRO (viandes) signée Gilles Leininger, composée de 25 ingrédients et 21 étapes, pour 8 portions, durée 1h15 min.","""Suprême de poule faisane et cuisse en quenelle"" is a professional METRO recipe (meat) by Gilles Leininger, with 25 ingredients and 21 steps, for 8 servings.",https://www.metro.fr/inspiration/recette-chef/viande/poule-faisane-supreme-poche-cuisse-quenelle-sauce-albufera,METRO France – metro.fr/inspiration/recette-chef
METRO-REC-0159,Sur la route du sud-ouest,viande,Viandes,Meat,Nastasia Lyard,Rejoignez le Pays basque avec recette de canette rôtie à la sauce basquaise aux touches de paprika et d'ail noir accompagnée de chips de tapioca.,4.0,40 min,40.0,Difficile,Hard,35,48,"125g Petites perles du japon (perles de tapioca) | 100ml Jus de poivron rouge | Jus d'1/4 citron | 1 Canette | Sel | Poivre | 1kg Carcasses et abattis de canard | 1kg Abattis et manchons de canard | 1 Oignon | 1tête Ail | 100g Beurre | 1,5l Fond blanc de volaille | 500g Carcasses et abattis de canard | 500g Abattis et manchons de canard | 1 Oignon | 1tête Ail | Thym | 10g Poivre noir | Huile neutre | 1l Base de jus de volaille / canard | Huile d'olive | 2 Poivron rouge | 1 Oignon | 1gousse Ail | 10cl Bouillon de volaille | Sel | Poivre | Thym | 1pointe Xantane | 50g Chèvre frais | 10g Vin blanc | 1 Echalote | 1gousse Ail | 10g Huile olive | 20g Ciboulette","1. Cuire les perles de tapioca dans une grande quantité d'eau bouillante. 2. Égoutter quand elles sont encore très al dente. Rincer à l'eau froide, égoutter. 3. Remettre dans la casserole, et terminer la cuisson des perles 10 minutes avec 100ml de jus de poivron rouge et le jus de citron, en mélangeant régulièrement. 4. Quand le tapioca est cuit au centre et gélatineux, couler sur un silpat sur 3mm d'épaisseur environ. 5. Faire sécher au four à 80°, 3 heures environ. En cours de séchage, on peut pré-découper en carrés ou rectangles de 3-4cm. 6. Faire frire dans une casserole avec de l'huile à 180 degrés, puis égoutter sur papier absorbant 7. Parer la canette. 8. Saler, poivrer. 9. Faire rôtir la canette à l'huile d'olive, pour la marquer en cuisson mettre en cellule de refroidissement. 10. La mettre sous vide. 11. Cuire 5 min à 83 degrés au four vapeur, puis ambiance 54 degrés jusqu'à 54 degrés à cœur. 12. Tailler les carcasses et les abattis de canards. 13. Éplucher et couper l'oignon en huit. Tailler la tête d'ail en 2. 14. Dans une cocotte, chauffer un filet d'huile d'olive. 15. Y faire revenir la chair et les os de canard jusqu'à ce qu'ils soient bien colorés. 16. Ajouter le beurre, l'oignon et l'ail. Baisser le feu et colorer doucement. 17. Débarrasser la viande et la garniture aromatique dans une passoire. 18. Filtrer le beurre de cuisson dans une passette, le réserver. 19. Mouiller la viande avec le fond blanc. Cuire doucement pendant 1h15 en écumant régulièrement. 20. Débarrasser le contenu de la cocotte dans une grande passoire. 21. Passer la base de jus recueillie au chinois étamine. La refroidir. La réserver au frais. 22. Concasser les carcasses de canard. 23. Éplucher les échalotes. Les tailler en rouelles de 8mm. 24. Dans une cocotte, chauffer un filet d'huile neutre. 25. Y faire revenir la chair et les os de canard jusqu'à ce qu'ils soient bien colorés. 26. Ajouter le beurre de cuisson, l'oignon, la tête d'ail, le poivre, le thym, le sel et l'oignon. Baisser le feu et colorer doucement durant 10 à 15 minutes. 27. Débarrasser la viande et la garniture aromatique dans une passoire. 28. Remettre la viande dans la cocotte et mouiller avec le fond fait précédemment. 29. Cuire doucement pendant 3h en écumant régulièrement et en passant un coup de pinceau à l'intérieur de la cocotte. 30. Débarrasser le contenu de la cocotte dans une grande passoire. 31. Le jus est prêt. 32. Faire suer l'oignon ciselé finement à l'huile d'olive avec un gousse d'ail et le thym, ajouter la brunoise de poivrons. 33. Laisser cuire puis mijoter. 34. Mouiller au bouillon de volaille. 35. Rectifier l'assaisonnement. 36. Mixer au blender ajouter la xantane. 37. Passer au chinois si besoin. 38. Mettre en pipette. 39. Ciseler l'échalote. 40. Mélanger le tout avec le fromage de chèvre frais, l'huile d'olive et le vin blanc. 41. Assaisonner en sel et poivre. 42. Mettre en poche à douille. 43. Colorer la canette. 44. La parer de chaque côté pour lui donner une forme rectangulaire, la laquer du jus de canard. 45. Puis faire des traits de coulis basquaise sur le dessus. 46. Sur la chips de tapioca, parsemer du paprika fumé. 47. Disposer des pointes de caille de chèvre et de coulis basquaise ainsi que de purée d'ail noir. 48. Disposer quelques fleurs et cross.","« Sur la route du sud-ouest » est une recette professionnelle METRO (viandes) signée Nastasia Lyard, composée de 35 ingrédients et 48 étapes, pour 4 portions, durée 40 min.","""Sur la route du sud-ouest"" is a professional METRO recipe (meat) by Nastasia Lyard, with 35 ingredients and 48 steps, for 4 servings.",https://www.metro.fr/inspiration/recette-chef/viande/canette-laque-tapioca-poivron,METRO France – metro.fr/inspiration/recette-chef
METRO-REC-0160,"Tournedos de boeuf sauce échalote, flan de légumes printaniers et pommes de terre grenaille",viande,Viandes,Meat,,"Apportez une touche de raffinement à votre table avec cette recette de filet de bœuf en sauce échalote. Mariant des saveurs riches et une présentation soignée, ce plat est parfait pour un repas de fête ou une soirée conviviale.",10.0,,,Facile,Easy,18,14,"1,4kg Filet de bœuf | 250g Échalotes | 25cl Vin rouge | 40cl Crème liquide | 2 cuil. à café Fond de veau | Beurre | Sel, poivre | 2 Carottes oranges | 2 Carottes jaunes | 100g Petits-pois écossés | 5 Œufs | 10cl Crème liquide | 100g Fromage râpé | 1,5kg Pommes de terre grenaille | 2 cuil. à soupe Persil ciselé | 1 cuil. à soupe Ail semoule | 4 cuil. à soupe Huile | Sel, poivre","1. Peler et émincer les échalotes. 2. Faire fondre une noisette de beurre et faire revenir les échalotes jusqu'à ce qu'elles soient fondantes. 3. Verser le vin rouge et le fond de veau et laisser réduire 5 minutes sur feu doux. 4. Ajouter ensuite la crème, du sel et du poivre. 5. Faire cuire les tournedos dans un peu de beurre (temps selon la cuisson désirée). 6. Servir les tournedos avec la sauce échalote et accompagnés de flans aux légumes et pommes de terre. 7. Peler et couper en petits morceaux les carottes. 8. Cuire les carottes et petit-pois 8 minutes dans une casserole d'eau bouillante salée. 9. Bien égoutter. 10. Battre les œufs en omelette, ajouter la crème, le fromage, du sel et poivre. 11. Répartir les légumes dans les empreintes d'un moule à muffin puis verser la précédente préparation. 12. Enfourner 20 à 25 minutes à 180°C. 13. Laver et sécher les pommes de terre grenaille puis les enrober d'huile. 14. Parsemer d'ail et persil et enfourner à 180°C pour 30 minutes en retournant à mi-cuisson.","« Tournedos de boeuf sauce échalote, flan de légumes printaniers et pommes de terre grenaille » est une recette professionnelle METRO (viandes), composée de 18 ingrédients et 14 étapes, pour 10 portions.","""Tournedos de boeuf sauce échalote, flan de légumes printaniers et pommes de terre grenaille"" is a professional METRO recipe (meat), with 18 ingredients and 14 steps, for 10 servings.",https://www.metro.fr/inspiration/recette-chef/viande/tournedos-boeuf-sauce-echalote,METRO France – metro.fr/inspiration/recette-chef
METRO-REC-0161,"Travers de porc grillé, laqué, piment, avocat, citron vert",viande,Viandes,Meat,,,8.0,45 min,45.0,Facile,Easy,12,16,"1,6g Poitrine de cochon | 1L Fond blanc | 20g Sauce soja | 15g Ail | 15g Piment d'Espelette | 20g Miel | 50g Beurre | Sel | Poivre | 225g Citron vert | 250g Pulpe d'avocat | 110g Maïs","1. Dans un rondeau marquer la poitrine de cochon sur toutes les faces 2. Ajouter l'ail, le piment 3. Laisser bien colorer 4. Ajouter le miel, le jus de citron vert, la sauce soja 5. Incorporer le bouillon et cuire à couvert jusqu'à ce que la poitrine soit fondante 6. Remouiller à l'eau si nécessaire 7. Retirer la poitrine, la presser entre deux gastros 8. Passer au chinois la sauce et la réduire à glace 9. Une fois la poitrine refroidie, la découper au format voulu 10. Griller la couenne et la laquer avec le jus à glace préalablement monté au beurre 11. Mixer la pulpe d'avocat avec le jus de citron, le piment d'Espelette et le sel 12. Réserver au froid à l'abris de la lumière 13. Mixer le mais avec le sel et le piment 14. Passer le tout au tamis fin, puis étaler entre deux papiers sulfurisés 15. Déshydrater pendant une nuit 16. Casser au format voulu","« Travers de porc grillé, laqué, piment, avocat, citron vert » est une recette professionnelle METRO (viandes), composée de 12 ingrédients et 16 étapes, pour 8 portions, durée 45 min.","""Travers de porc grillé, laqué, piment, avocat, citron vert"" is a professional METRO recipe (meat), with 12 ingredients and 16 steps, for 8 servings.",https://www.metro.fr/inspiration/recette-chef/viande/travers-de-porc-grille-laque-piment-avocat-citron,METRO France – metro.fr/inspiration/recette-chef
METRO-REC-0162,Travers de porc à la mexicaine,viande,Viandes,Meat,,Laissez-vous tenter par cette recette de travers de porc à la mexicaine,10.0,40 min,40.0,Facile,Easy,12,7,"1kg Haricots rouges | 1kg Oignons charcutier | 150g Ail | 50cl Huile d'olive vierge extra bio | 10g Piment en poudre | 50g Cumin moulu | 50g Tabasco | 2kg Tomates rondes | 2,5kg Travers de porc | 20g Chili en poudre | 125g Beurre doux | 1kg Riz blanc - France","1. La veille faire tremper vos haricots rouges dans de l'eau froide 2. Faire revenir les oignons et l'ail dans l'huile d'olive 3. Ajouter le piment, le cumin et le tabasco 4. Ajouter les tomates détaillées avec leur jus 5. Ajouter les haricots et laissez mijotez 6. Rectifier l'assaisonnement 7. Préparer un riz blanc","« Travers de porc à la mexicaine » est une recette professionnelle METRO (viandes), composée de 12 ingrédients et 7 étapes, pour 10 portions, durée 40 min.","""Travers de porc à la mexicaine"" is a professional METRO recipe (meat), with 12 ingredients and 7 steps, for 10 servings.",https://www.metro.fr/inspiration/recette-chef/viande/travers-porc-mexicaine,METRO France – metro.fr/inspiration/recette-chef
METRO-REC-0163,Une autre histoire de la Blanquette de veau,viande,Viandes,Meat,Guillaume Veyssière,,6.0,4h,240.0,Moyen,Medium,15,20,1 Paleron de veau | Q.S Huile d'olive | 1 Garniture aromatique | Sel | Poivre | 300g Carottes | ½L Crème fraîche | 50g Roux blanc | 100g Riz basmati | ½L Eau | 1c.à.c Lécithine de soja | 3 Oignons rouges | 100g Vinaigre blanc | 70g Sucre roux | 100g Petits pois blanchis,"1. Parer et éplucher le paleron, le marquer avec de l'huile d'olive, le mettre sous-vide, avec une petite garniture aromatique 2. Le cuire au four mixte 8 heures à 77°C 3. Avec les parures du paleron et un départ à l'eau froide faire une blanquette 4. Cuire environ 3 heures, décanter puis garder les carottes 5. Chinoiser le bouillon obtenu, le crémer et le lier de façon à obtenir une sauce blanquette très nappante 6. Cuire 100 g de riz basmati dans ½ l d'eau, départ eau froide 7. Fouetter de temps en temps 8. Quand le riz est cuit, récupérer l'eau de cuisson puis la passer au chinois étamine 9. La mixer avec la cuillère à café de lécithine de soja 10. Cuire les oignons rouges avec le vinaigre et le sucre roux à couverts pendant 1 heure environ 11. Mixer au Thermomix à vitesse maximale pendant environ 5 minutes 12. Si besoin, pour la texture on peut Xantaner légèrement la purée 13. Réserver en poche à douille 14. Avec les carottes que l'on a récupérées après la cuisson de la blanquette, réaliser une purée légèrement montée au beurre, au Thermomix à vitesse maximale, mixer environ 5 minutes pour avoir une purée extrêmement fine, puis réserver en poche à douille 15. Faire la même opération avec les petits pois 16. Réaliser un passage au tamis avant de les réserver en poche à douille 17. Détailler le paleron de veau légèrement en biais, puis le napper avec la sauce blanquette 18. Réaliser ensuite des traits à l'aide des purées d'oignons, carottes et de petits pois 19. Réaliser cette opération sur une grille puis poser le paleron nappé au centre de l'assiette 20. Mixer l'eau de riz, puis dressé autour du paleron","« Une autre histoire de la Blanquette de veau » est une recette professionnelle METRO (viandes) signée Guillaume Veyssière, composée de 15 ingrédients et 20 étapes, pour 6 portions, durée 4h.","""Une autre histoire de la Blanquette de veau"" is a professional METRO recipe (meat) by Guillaume Veyssière, with 15 ingredients and 20 steps, for 6 servings.",https://www.metro.fr/inspiration/recette-chef/viande/blanquette-veau,METRO France – metro.fr/inspiration/recette-chef
METRO-REC-0164,"Veau de Corrèze en tartare, pickles de framboises et betteraves épicées",viande,Viandes,Meat,,Ce tartare de veau de Corrèze mise sur la fraîcheur et le fruité avec ses pickles de framboises et son curry de betteraves.,2.0,20 min,20.0,Moyen,Medium,13,18,100g de framboises fraîches | 100g de sucre | 250g de betteraves cuites en mirepoix | 50g de jus de betterave fraîche | 300g d'eau | 10g de cumin en poudre | 160g de longe de veau nettoyée et coupée en dés au couteau | 200g de vinaigre d'alcool blanc | 150g d'huile d'olive | 1g piment oiseau | 4g de sel | 2 gousses d'ail dégermées | 75g de pain de mie,"1. Porter à ébullition l'eau, le vinaigre et le sucre. 2. Verser sur les framboises fraîches dans un bocal. 3. Refermer avec un couvercle et laisser refroidir quelques heures. 4. Mélanger le tout dans une poche sous vide. 5. Réserver au frais pendant 24h. 6. Mixer au blender et assaisonner si besoin. 7. Quelques framboises pickles et quelques framboises fraîches. 8. Pignons de pins torréfiés. 9. Basilic ciselé. 10. Julienne de citron confit. 11. Huile d'olive. 12. Crème de vinaigre balsamique. 13. Sel et poivre. 14. Piment d'Espelette. 15. Mélanger tous les ingrédients selon vos goûts. 16. Bien assaisonner. 17. Mouler le tartare sur une assiette, à l'aide d'un emporte-pièce. 18. À l'aide d'une pipette, déposer dessus des gros points de curry de betterave, puis quelques framboises fraîches et quelques pousses de basilic.","« Veau de Corrèze en tartare, pickles de framboises et betteraves épicées » est une recette professionnelle METRO (viandes), composée de 13 ingrédients et 18 étapes, pour 2 portions, durée 20 min.","""Veau de Corrèze en tartare, pickles de framboises et betteraves épicées"" is a professional METRO recipe (meat), with 13 ingredients and 18 steps, for 2 servings.",https://www.metro.fr/inspiration/recette-chef/viande/veau-tartare-betterave,METRO France – metro.fr/inspiration/recette-chef
METRO-REC-0165,Ventrèche de porc label rouge marinée,viande,Viandes,Meat,,,1.0,45 min,45.0,Facile,Easy,14,9,180g - Poitrine de porc Label Rouge élevé plein air | 25g - Courgette | 25g - Aubergine | 20g - Poivron vert | 20g - Poivron jaune | 20g - Poivron rouge | 1 branche - Ciboule | 2 gousses - Ail pelé | 2 - Citron vert | 1 pincée - Herbes de Provence | 1 pincée - Fleur de sel | 2 cas - Huile d'olive extra vierge | 2 cas - Sucre cassonade | 25g - Tomate,"1. Préparer la marinade : émincer le piment et la ciboule, zester le citron vert et écraser l'ail au pilon 2. Mélanger avec les épices colombo, l'huile, le jus de citron et la cassonnade 3. Mariner les tranches de ventrèche pendant au minimum 1h 4. Couper les poivrons, aubergine et courgette en dés 5. Faire revenir à l'huile d'olive les poivrons et les autres légumes à part 6. Ebouillanter la tomate avant de la monder et de l'écraser 7. La rajouter aux légumes avec une pointe d'ail, une pincée de fleur de sel et les herbes de Provence 8. Egoutter les tranches de ventrèche avant de les cuire 8 à 10 minutes sur le grill 9. Monter les légumes à l'aide d'un emporte pièce","« Ventrèche de porc label rouge marinée » est une recette professionnelle METRO (viandes), composée de 14 ingrédients et 9 étapes, pour 1 portion, durée 45 min.","""Ventrèche de porc label rouge marinée"" is a professional METRO recipe (meat), with 14 ingredients and 9 steps, for 1 serving.",https://www.metro.fr/inspiration/recette-chef/viande/ventreche-porc-label-rouge-marinee,METRO France – metro.fr/inspiration/recette-chef
METRO-REC-0166,"Volaille en suprême, morilles, ail des ours, cromesquis",viande,Viandes,Meat,,,8.0,1h,60.0,Moyen,Medium,14,13,2kg Suprêmes de volaille | 8pce Escargots | 100g Beurre | 200g Botte d'ail des ours | 2g Ricard | 200g Farine | 200g Chapelure | 100g Persil | 10g Ail | 4pces Oeufs | Sel | 2kg Asperges | 150g Morilles | 40g Huile d'olive,"1. Poser délicatement les suprêmes de volaille sur grille, huiler et assaisonner. 2. Cuire au four à 60°C pendant 45 minutes. 3. Réaliser un beurre persillé avec le beurre, l'ail et le persil puis réserver en poche à douille. 4. Sauter à la poêle les escargots avec un peu de beurre persillé et déglacer au Ricard. 5. Réaliser les sphères de beurre avec un insert escargot. 6. Paner à l'anglaise 2 fois puis frire 5 minutes avant l'envoi. 7. Blanchir les asperges à l'anglaise, refroidir immédiatement. 8. Suer au beurre à l'envoi avec les morilles. 9. Laver les morilles puis les pocher. 10. Suer au beurre avec les asperges. 11. Blanchir l'ail dans une eau bien salée. 12. Refroidir dans une eau glacée. 13. Mixer avec un peu de glace et monter avec un filet d'huile d'olive.","« Volaille en suprême, morilles, ail des ours, cromesquis » est une recette professionnelle METRO (viandes), composée de 14 ingrédients et 13 étapes, pour 8 portions, durée 1h.","""Volaille en suprême, morilles, ail des ours, cromesquis"" is a professional METRO recipe (meat), with 14 ingredients and 13 steps, for 8 servings.",https://www.metro.fr/inspiration/recette-chef/viande/volaille-morilles-ail-cromesquis,METRO France – metro.fr/inspiration/recette-chef
METRO-REC-0167,Aneth Smash,cocktail,Cocktails,Cocktails,Victor Delpierre,Recette de cocktail végétale et duplicable facilement,8.0,50s,,Facile,Easy,5,11,"30cl Gin ou Vodka | 30cl Jus de citron pressé | 20cl Sirop de sucre RIOBA | Herbes aromatiques de votre choix (basilic, menthe, coriandre et même aneth !) | Herbes aromatiques","1. Réaliser le mélange de base sans les herbes aromatiques 2. Verser 10 cl de la base 3. Ajouter l'herbe aromatique de votre choix 4. Remplir le shaker d'un maximum de glaçons pour limiter la dilution 5. Shaker intensément mais rapidement (12 secondes) 6. Filtrer et décorer le cocktail 7. Pour fidéliser vos clients, ne négligez pas votre offre de cocktails 8. Tu n'as pas besoin d'une personne dédiée car tu peux réaliser beaucoup de cocktails très simplement en pré-batch 9. Tu peux réaliser des marges importantes même si tu utilises des ingrédients de qualité 10. Tu peux vraiment fidéliser tes clients avec de bons cocktails classiques bien exécutés 11. Ma recette ""ANETH SMASH"" est une variante du cocktail classique ""BASIL SMASH"" que tu peux dupliquer avec toutes les herbes aromatiques et jeunes pousses","« Aneth Smash » est une recette professionnelle METRO (cocktails) signée Victor Delpierre, composée de 5 ingrédients et 11 étapes, pour 8 portions, durée 50s.","""Aneth Smash"" is a professional METRO recipe (cocktails) by Victor Delpierre, with 5 ingredients and 11 steps, for 8 servings.",https://www.metro.fr/inspiration/recette-chef/cocktail/aneth-smash,METRO France – metro.fr/inspiration/recette-chef
METRO-REC-0168,Beluga 1900,cocktail,Cocktails,Cocktails,,"Servi sur glace dans un Old Fashioned, le beluga 1900 apporte une touche citronnée à vos cocktails préférés.",1.0,moins d'1 min,,Facile,Easy,5,4,"5cl Vodka Beluga Noble | 3cl Porto Don Pablo Rouge | 2cl Sirop de sucre de canne Monin | 2,5cl Citron | Zeste d'orange","1. Servir la vodka Beluga Noble sur glace dans un ""Old Fashioned"". 2. Ajouter le porto, le sirop de sucre, pressez le jus de citron. 3. Compléter avec des glaçons et mélanger. 4. Décorer du zeste d'orange.","« Beluga 1900 » est une recette professionnelle METRO (cocktails), composée de 5 ingrédients et 4 étapes, pour 1 portion, durée moins d'1 min.","""Beluga 1900"" is a professional METRO recipe (cocktails), with 5 ingredients and 4 steps, for 1 serving.",https://www.metro.fr/inspiration/recette-chef/cocktail/beluga-1900,METRO France – metro.fr/inspiration/recette-chef
METRO-REC-0169,Breakfast Martini Zéro Déchet,cocktail,Cocktails,Cocktails,Victor Delpierre,Recette fruitée et ultra rentable,1.0,50s,,Moyen,Medium,6,14,10cl Liqueur d'orange anti-gaspi | 2bar spoon Confiture d'orange anti-gaspi | Rim de fleur de sel | Piment | Sucre | Orange déshydratée,"1. Diluer 1 litre de vodka à 40° avec 687g d'eau filtrée et 500g de sucre pour obtenir une liqueur à 20° avec 250g de sucre / litre 2. Verser sur 1kg de parures d'orange, 500g de sucre semoule et laisser macérer 24h 3. Ajouter 600g d'eau filtrée et 1L de vodka à 40°C le lendemain et laisser macérer 24h 4. Filtrer la liqueur d'orange pour la mettre en bouteilles 5. Peser le poids des parures une fois la liqueur d'orange filtrée 6. Ajouter le même poids de parures en jus d'orange pressé et en sucre semoule 7. Mixer au blender et réserver au réfrigérateur la préparation 8. Rectifier l'assaisonnement en sucre si besoin 9. Verser les ingrédients dans le shaker 10. Ajouter un maximum de glaçons pour limiter la dilution 11. Shaker intensément mais rapidement (12 secondes) 12. Filtrer dans le verre à cocktail 13. Décorer le Breakfast Martini zéro déchet 14. Déshydrater des parures d'orange puis les mixer pour obtenir une poudre d'orange que vous mélangez à de la fleur de sel, du piment d'Espelette et du sucre en poudre","« Breakfast Martini Zéro Déchet » est une recette professionnelle METRO (cocktails) signée Victor Delpierre, composée de 6 ingrédients et 14 étapes, pour 1 portion, durée 50s.","""Breakfast Martini Zéro Déchet"" is a professional METRO recipe (cocktails) by Victor Delpierre, with 6 ingredients and 14 steps, for 1 serving.",https://www.metro.fr/inspiration/recette-chef/cocktail/breakfast-martini-zero-dechet,METRO France – metro.fr/inspiration/recette-chef
METRO-REC-0170,Ceder's Crisp & Tonic,cocktail,Cocktails,Cocktails,,Recette rafraîchissante & douce,1.0,Moins de 20s,,Facile,Easy,2,4,5cl Ceder's wild | 10cl Tonic Gilbert 1l,1. Verser le Ceder's Crisp. 2. Ajouter une cascade de glaçons. 3. Ajouter le Tonic Gilbert. 4. Astuce : Ajouter deux tagliatelles de concombre et une branche de menthe pour la décoration.,"« Ceder's Crisp & Tonic » est une recette professionnelle METRO (cocktails), composée de 2 ingrédients et 4 étapes, pour 1 portion, durée Moins de 20s.","""Ceder's Crisp & Tonic"" is a professional METRO recipe (cocktails), with 2 ingredients and 4 steps, for 1 serving.",https://www.metro.fr/inspiration/recette-chef/cocktail/sans-alcool-ceder-tonic,METRO France – metro.fr/inspiration/recette-chef
METRO-REC-0171,Chou Colada,cocktail,Cocktails,Cocktails,Victor Delpierre,Recette de cocktail pairing en trompe l'œil,1.0,50s,,Facile,Easy,6,14,2-3cl Rhum blanc Guadeloupe 50° | 20cl Chou Colada | Noix de coco végétale | Chou-fleur râpé | Citron vert râpé | Coco torréfiée,"1. Verser 500g de purée de coco 2. Ajouter 1/2 litre de jus d'ananas pressé 3. Couper quelques sommités de chou-fleur 4. Assaisonner avec une pointe de couteau de curcuma 5. Mixer et rectifier le goût si besoin en ajoutant un peu plus de chou-fleur 6. Mettre en bouteille et réserver au réfrigérateur 7. Verser dans un siphon à chantilly 500g de purée de coco 8. Ajouter 2 cartouches de gaz, comme pour une chantilly 9. Remplir le verre d'un maximum de glaçons pour limiter la dilution 10. Ajouter un maximum de glaçons pour limiter la dilution 11. Verser 2 à 3 cl de rhum blanc 12. Compléter le verre avec le mélange chou-fleur & noix de coco 13. Décorer le trompe l'oeil de CHOU COLADA 14. En rituel de service, vous pouvez râper le chou-fleur devant les clients.","« Chou Colada » est une recette professionnelle METRO (cocktails) signée Victor Delpierre, composée de 6 ingrédients et 14 étapes, pour 1 portion, durée 50s.","""Chou Colada"" is a professional METRO recipe (cocktails) by Victor Delpierre, with 6 ingredients and 14 steps, for 1 serving.",https://www.metro.fr/inspiration/recette-chef/cocktail/chou-colada,METRO France – metro.fr/inspiration/recette-chef
METRO-REC-0172,Christmas Punch,cocktail,Cocktails,Cocktails,Victor Delpierre,"Éveillez votre esprit festif avec le Christmas Punch, imaginé par Victor Delpierre, champion du monde.",1.0,plus de 50s,,Facile,Easy,8,6,"6cl Boisson spiritueuse à base de rhum épicé 35° | 10cl Pur jus d'ananas | 5cl Purée de fruits de la passion | 0,5cl Sirop de menthe bio | 1 Tige de menthe | 1,5cl Sirop de fraise bio | ½ Fruit de la passion | 1 Tête de menthe","1. Verser les ingrédients, à l'exception du sirop de fraise, dans le shaker. 2. Ajoutez-y un maximum de glaçons pour minimiser la dilution. 3. Shaker intensément mais rapidement (12 secondes). 4. Filtrer le tout dans le verre sur un maximum de glaçons. 5. Ajouter le sirop de fraise pour obtenir un joli dégradé de couleurs. 6. Décorer.","« Christmas Punch » est une recette professionnelle METRO (cocktails) signée Victor Delpierre, composée de 8 ingrédients et 6 étapes, pour 1 portion, durée plus de 50s.","""Christmas Punch"" is a professional METRO recipe (cocktails) by Victor Delpierre, with 8 ingredients and 6 steps, for 1 serving.",https://www.metro.fr/inspiration/recette-chef/cocktail/christmas-punch,METRO France – metro.fr/inspiration/recette-chef
METRO-REC-0173,Clover Club,cocktail,Cocktails,Cocktails,Victor Delpierre,Recette de cocktail fruitée et soyeuse,9.0,50s,,Facile,Easy,6,9,30cl Gin LIONHEART | 30cl Purée de framboise 100% METRO CHEF | 20cl Jus de citron pressé | 10 Sirop de sucre RIOBA | 27 Blanc d'œuf | 1pièce Framboise,"1. Réaliser le mélange de base sans le blanc d'œuf 2. Verser 10 cl de la base et 3 cl de blanc d'oeuf 3. Remplir le shaker d'un maximum de glaçons pour limiter la dilution 4. Shaker intensément mais rapidement (12 secondes) 5. Shaker une deuxième fois sans glaçons (dry shake) 6. Filtrer et décorer le cocktail 7. Pour dynamiser les ventes et la satisfaction client lors de l'Happy Hour, réaliser un Clover Club, une recette qui plait à toutes et à tous ! 8. Pour plus de rapidité et d'efficacité durant le service, il suffit de réaliser le mélange de base en mise en place. A la commande, le temps de préparation du cocktail est ainsi inférieur à 50 secondes malgré le dry-shake nécessaire pour obtenir une belle collerette bien mousseuse ! 9. Option végan : Vous pouvez remplacer le blanc d'œuf par de l'aquafaba.","« Clover Club » est une recette professionnelle METRO (cocktails) signée Victor Delpierre, composée de 6 ingrédients et 9 étapes, pour 9 portions, durée 50s.","""Clover Club"" is a professional METRO recipe (cocktails) by Victor Delpierre, with 6 ingredients and 9 steps, for 9 servings.",https://www.metro.fr/inspiration/recette-chef/cocktail/clover-club,METRO France – metro.fr/inspiration/recette-chef
METRO-REC-0174,Cocktail de l'été,cocktail,Cocktails,Cocktails,Victor Delpierre,Recette pétillante et vive,26.0,30s,,Facile,Easy,9,9,2cl Crème de banane pour l'Afrique | 5cl Tequila pour l'Amérique | 1cl Extrait liquide de vanille de Tahiti pour l'Océanie | 3cl Jus de citron frais pressé pour l'Europe | 2cl Sirop de noisette | 1slice Gingembre frais pour l'Asie | 3cl Base Olympisme | 7cl Champagne pour l'Europe | PM Poudres alimentaires de couleurs différentes,"1. Pour accroitre l'efficacité et la rapidité lors du service, réaliser une mise en place en mélangeant les ingrédients dans un grand contenant 2. Verser dans 1 bouteilles de 100 cl 3. Fermer la bouteille et mélanger pour bien homogénéiser l'ensemble 4. Piler dans un verre la tranche de gingembre 5. Remplir le verre d'un maximum de glaçons pour limiter la dilution 6. Verser le champagne bien frais sur les glaçons 7. Secouer la bouteille de la base Olympisme puis en verser 3cl 8. Mélanger à la cuillère 9. Décorer","« Cocktail de l'été » est une recette professionnelle METRO (cocktails) signée Victor Delpierre, composée de 9 ingrédients et 9 étapes, pour 26 portions, durée 30s.","""Cocktail de l'été"" is a professional METRO recipe (cocktails) by Victor Delpierre, with 9 ingredients and 9 steps, for 26 servings.",https://www.metro.fr/inspiration/recette-chef/cocktail/cocktail-ete,METRO France – metro.fr/inspiration/recette-chef
METRO-REC-0175,Cuervo Squeeze,cocktail,Cocktails,Cocktails,,Recette acide & sucrée,1.0,moins de 40s,,Facile,Easy,3,5,4cl Jose Cuervo Especial Silver | 10cl Limonade Gilbert 1l | 1 Citron vert pressé,1. Verser la tequila Jose Cuervo dans un verre long drink rempli de glaçons. 2. Ajouter le jus d'un citron vert pressé. 3. Allonger de limonade Gilbert. 4. Décorer avec une rondelle de citron vert. 5. Servir très frais.,"« Cuervo Squeeze » est une recette professionnelle METRO (cocktails), composée de 3 ingrédients et 5 étapes, pour 1 portion, durée moins de 40s.","""Cuervo Squeeze"" is a professional METRO recipe (cocktails), with 3 ingredients and 5 steps, for 1 serving.",https://www.metro.fr/inspiration/recette-chef/cocktail/tequila-limonade-squeeze,METRO France – metro.fr/inspiration/recette-chef
METRO-REC-0176,Dry January but Happy Hour !,cocktail,Cocktails,Cocktails,Victor Delpierre,Recette végétale et pétillante,1.0,> 50 secondes,,,,8,4,"5cm Concombre frais coupé en dès | 1,5cl Sirop de noisette Gilbert | 3cl Jus de citron vert frais pressé | 10cl Jus de cranberry Gilbert 1L | 10cl Ginger ale Gilbert 1L | 1pièce Concombre frais coupé en tranche | 1pièce Tête de menthe | 1pièce Noisette","1. A la commande, écraser le concombre au pilon dans votre verre 2. Ajoutez-y les autres ingrédients 3. Mélanger à la cuillère 4. Décorer","« Dry January but Happy Hour ! » est une recette professionnelle METRO (cocktails) signée Victor Delpierre, composée de 8 ingrédients et 4 étapes, pour 1 portion, durée > 50 secondes.","""Dry January but Happy Hour !"" is a professional METRO recipe (cocktails) by Victor Delpierre, with 8 ingredients and 4 steps, for 1 serving.",https://www.metro.fr/inspiration/recette-chef/cocktail/dry-january,METRO France – metro.fr/inspiration/recette-chef
METRO-REC-0177,Exotic Sunset,cocktail,Cocktails,Cocktails,Victor Delpierre,Recette exotique et fruitée,20.0,moins de 30s,,Facile,Easy,7,8,100cl Cachaça 38° Delaitre | 1l Pur jus d'ananas | 1l Nectar de maracuja | 1/2 l Nectar de banane | 1/2l Nectar de mangue | 2cl Crème de fraise | 1 brochette Fruits frais,"1. Pour accroître l'efficacité et la rapidité d'exécution lors du service, réaliser une mise en place en mélangeant les ingrédients dans un grand contenant. 2. Mélanger au fouet pour bien homogénéiser l'ensemble. 3. Verser dans 4 bouteilles de 1 l à l'aide d'une louche et d'un entonoir. 4. Remplir le verre d'un maximum de glaçons pour limiter la dilution. 5. Secouer la bouteille de la base Exotic Sunset et verser 20 cl sur les glaçons. 6. Mélanger à la cuillère. 7. Décorer en versant la crème de fraise pour un joli visuel ""sunset"". 8. Vous pouvez remplacer la Cachaça par du Rhum blanc de la Réunion 40° pour une version plus exotique ou par du Rhum blanc de la Réunion 50° pour une version plus aromatique et puissante.","« Exotic Sunset » est une recette professionnelle METRO (cocktails) signée Victor Delpierre, composée de 7 ingrédients et 8 étapes, pour 20 portions, durée moins de 30s.","""Exotic Sunset"" is a professional METRO recipe (cocktails) by Victor Delpierre, with 7 ingredients and 8 steps, for 20 servings.",https://www.metro.fr/inspiration/recette-chef/cocktail/exotic-sunset,METRO France – metro.fr/inspiration/recette-chef
METRO-REC-0178,Fast and curious spritz,cocktail,Cocktails,Cocktails,Victor Delpierre,"Recette pétillante, florale et fruitée",50.0,50s,,Facile,Easy,5,8,70cl Limoncello | 70cl Liqueur de fleur de sureau | 100cl Eau filtrée | 5pièces Vin pétillant (bouteille de 75 cl) | 1pièce Fleur comestible,"1. Réaliser le mélange de base (limoncello, la liqueur de fleur de sureau et l'eau filtrée) 2. Mélanger l'ensemble et mettre en bouteilles à l'aide d'un entonnoir 3. Réserver au froid les bouteilles de base et les mettre en glace avec les bouteilles de vin pétillant 4. Remplir le verre d'un maximum de glaçons pour limiter la dilution 5. Verser 6 cl de la base 6. Compléter avec 6 cl de vin pétillant 7. Mélanger délicatement à la cuillère de bar 8. Décorer le cocktail","« Fast and curious spritz » est une recette professionnelle METRO (cocktails) signée Victor Delpierre, composée de 5 ingrédients et 8 étapes, pour 50 portions, durée 50s.","""Fast and curious spritz"" is a professional METRO recipe (cocktails) by Victor Delpierre, with 5 ingredients and 8 steps, for 50 servings.",https://www.metro.fr/inspiration/recette-chef/cocktail/fast-curious-spritz,METRO France – metro.fr/inspiration/recette-chef
METRO-REC-0179,Fleur de Bière,cocktail,Cocktails,Cocktails,,,1.0,moins d'1 min,,Facile,Easy,4,3,1cl Sherry Tio Pepe | 2cl Citron vert pressé | 2cl Liqueur St-Germain | 10cl Brewdog Punk IPA,"1. Dans un verre à vin 55cl rempli de glace, verser le sherry, le citron et la liqueur dans un tumbler. 2. Ajouter la bière délicatement 3. Remuer à l'aide de la cuillère à mélange.","« Fleur de Bière » est une recette professionnelle METRO (cocktails), composée de 4 ingrédients et 3 étapes, pour 1 portion, durée moins d'1 min.","""Fleur de Bière"" is a professional METRO recipe (cocktails), with 4 ingredients and 3 steps, for 1 serving.",https://www.metro.fr/inspiration/recette-chef/cocktail/fleur-de-biere,METRO France – metro.fr/inspiration/recette-chef
METRO-REC-0180,Floreale and Tonic,cocktail,Cocktails,Cocktails,,Recette douce & florale,1.0,moins de 20s,,Facile,Easy,3,5,"7,5cl Martini sans alcool Floreale | 7,5cl Tonic Gilbert 1l | Rondelle d'orange","1. Remplir un verre ballon de glaçons, le rafraîchir et vider l'excédent d'eau. 2. Ajouter tous les ingrédients. 3. Remuer délicatement. 4. Garnir avec une rondelle d'orange. 5. Astuce : ""Garnir avec quelques fleurs de sureau pour le rendre davantage floral.""","« Floreale and Tonic » est une recette professionnelle METRO (cocktails), composée de 3 ingrédients et 5 étapes, pour 1 portion, durée moins de 20s.","""Floreale and Tonic"" is a professional METRO recipe (cocktails), with 3 ingredients and 5 steps, for 1 serving.",https://www.metro.fr/inspiration/recette-chef/cocktail/sans-alcool-martini-tonic,METRO France – metro.fr/inspiration/recette-chef
METRO-REC-0181,Flower Spritz,cocktail,Cocktails,Cocktails,,,1.0,moins d'1 min,,Facile,Easy,6,3,10cl Prosseco Martini | 1 Dash de fleur d'oranger | 2cl Vodka Raspberri | 2cl Martini Fiero | 2cl Liqueur de violette | 2cl Citron vert pressé,1. Prendre un verre à cocktail gin tonic et le remplir de gros glaçons jusqu'en haut. 2. Verser les ingrédients dans l'ordre un par un. 3. Ajouter une framboise fraîche avec une fleur comestible.,"« Flower Spritz » est une recette professionnelle METRO (cocktails), composée de 6 ingrédients et 3 étapes, pour 1 portion, durée moins d'1 min.","""Flower Spritz"" is a professional METRO recipe (cocktails), with 6 ingredients and 3 steps, for 1 serving.",https://www.metro.fr/inspiration/recette-chef/cocktail/flower-spritz,METRO France – metro.fr/inspiration/recette-chef
METRO-REC-0182,French Negroni,cocktail,Cocktails,Cocktails,Victor Delpierre,,1.0,30s,,Facile,Easy,4,9,3cl Bitter Gentiane | 3cl Muscat de Beaume de Venise | 3cl Rhum blanc de la Réunion | Zeste d'agrume,"1. Rafraichir le verre à mélange 2. Verser dans le shaker les ingrédients 3. Verser les ingrédients 1 par 1 dans le verre à mélange 4. Rafraichir délicatement le mélange à la cuillère de bar entre chaque verse 5. Compléter avec des glaçons pour minimiser la dilution 6. Filtrer dans le verre à cocktail 7. Décorer le cocktail 100% français 8. Pour optimiser votre temps de service et accroitre la qualité de votre cocktail: Réserver le verre à mélange ainsi que les verres au congélateur. Vous obtenez ainsi un cocktail très froid, moins dilué et beaucoup plus agréable à consommer! 9. Pour plus de rapidité et d'efficacité durant le service: Vous pouvez également réaliser une bouteille de votre cocktail en mise en place et la conserver au congélateur avec vos verres. Pour cela mélanger dans une bouteille de 100 cl: 30 cl de bitter, 30 cl de muscat, 30 cl de rhum blanc. Ainsi plus besoin d'utiliser le verre à mélange, votre cocktail est ultra froid. Le temps de préparation du cocktail est ainsi inférieur à 30 secondes!","« French Negroni » est une recette professionnelle METRO (cocktails) signée Victor Delpierre, composée de 4 ingrédients et 9 étapes, pour 1 portion, durée 30s.","""French Negroni"" is a professional METRO recipe (cocktails) by Victor Delpierre, with 4 ingredients and 9 steps, for 1 serving.",https://www.metro.fr/inspiration/recette-chef/cocktail/french-negroni,METRO France – metro.fr/inspiration/recette-chef
METRO-REC-0183,G'to à la Française,cocktail,Cocktails,Cocktails,,Recette amère & fruitée,1.0,moins de 5s,,Facile,Easy,2,3,4cl G'vine Floraison | Tonic le French S'il vous plait,1. Verser le Gin G'vine dans un grand verre à vin rempli de glaçons. 2. Verser le Tonic La French S'il vous plait directement sur la glace. 3. Décorer le verre avec un raisin blanc coupé en deux et déposé dans le verre.,"« G'to à la Française » est une recette professionnelle METRO (cocktails), composée de 2 ingrédients et 3 étapes, pour 1 portion, durée moins de 5s.","""G'to à la Française"" is a professional METRO recipe (cocktails), with 2 ingredients and 3 steps, for 1 serving.",https://www.metro.fr/inspiration/recette-chef/cocktail/gin-tonic-francaise,METRO France – metro.fr/inspiration/recette-chef
METRO-REC-0184,Generous Gin,cocktail,Cocktails,Cocktails,,"Profitez des nouvelles tendances de cocktails pour mettre en avant le fameux ""Generous gin"", à base de baies, feuilles de basilic et gin.",1.0,moins d'1 min,,Facile,Easy,5,4,2/3 feuilles Basilic frais | 4cl Gin Generous | 4 Baies roses | 10cl Tonic Fever Tree | 4cristaux Sel de l'Himalaya,"1. Verser les baies et les feuilles de basilic légèrement froissées. 2. Ajouter la glace, le gin et le tonic. 3. Ajouter les cristaux de sel de l'Himalaya avec de la glace. 4. Remplacer les cristaux par du poivre blanc ou noir moulu.","« Generous Gin » est une recette professionnelle METRO (cocktails), composée de 5 ingrédients et 4 étapes, pour 1 portion, durée moins d'1 min.","""Generous Gin"" is a professional METRO recipe (cocktails), with 5 ingredients and 4 steps, for 1 serving.",https://www.metro.fr/inspiration/recette-chef/cocktail/generous-gin,METRO France – metro.fr/inspiration/recette-chef
METRO-REC-0185,Gin Mare Triple orange,cocktail,Cocktails,Cocktails,,,1.0,moins d'1 min,,Facile,Easy,5,2,1 càc Marmelade d'orange amère | 5 cl Gin Mare | 1 zeste Orange | 20 cl Tonic | 5 Traits de bitter,1. Mélanger la confiture avec le gin et le bitter dans un verre. 2. Ajouter de la glace et le tonic.,"« Gin Mare Triple orange » est une recette professionnelle METRO (cocktails), composée de 5 ingrédients et 2 étapes, pour 1 portion, durée moins d'1 min.","""Gin Mare Triple orange"" is a professional METRO recipe (cocktails), with 5 ingredients and 2 steps, for 1 serving.",https://www.metro.fr/inspiration/recette-chef/cocktail/gin-mare-triple,METRO France – metro.fr/inspiration/recette-chef
METRO-REC-0186,Grey Goose French Mule,cocktail,Cocktails,Cocktails,,,1.0,moins d'1 min,,Facile,Easy,4,4,4cl Vodka Grey Goose | 6 quartiers Citron vert | Glace | 6cl Ginger Beer,"1. Shaker la vodka Grey Goose, le citron pressé et la glace. 2. Verser dans une timbale en métal remplie de glace. 3. Rajouter la bière au gingembre. 4. Garnir d'une tranche de citron vert.","« Grey Goose French Mule » est une recette professionnelle METRO (cocktails), composée de 4 ingrédients et 4 étapes, pour 1 portion, durée moins d'1 min.","""Grey Goose French Mule"" is a professional METRO recipe (cocktails), with 4 ingredients and 4 steps, for 1 serving.",https://www.metro.fr/inspiration/recette-chef/cocktail/grey-goose-french-mule,METRO France – metro.fr/inspiration/recette-chef
METRO-REC-0187,"L'infusion pommes, poires, raisins, cardamone",cocktail,Cocktails,Cocktails,,Rafraîchissez vos clients avec cette boisson où poires et raisins se mêlent au goût subtil de la cardamome et à l'acidité de la pomme.,8.0,15 min,15.0,Facile,Easy,9,9,1kg Pommes Granny Smith | 40g Raisin noir | 15g Cardamome verte | 5g Baies de genièvre | 15g Thym-citron | 2 Poires | PM Pétales de roses | ½ Citron jaune | Micro pousses Amarante,"1. Centrifuger les pommes & le raisin. 2. Infuser dans ce mélange tous les ingrédients (sauf la poire et les micro pousses). 3. Porter à frémissement 5 minutes, couvrir puis laisser jusqu'à refroidissement complet. 4. Détailler à la mini cuillère pomme parisienne des billes de poires légèrement citronnées. Réserver. 5. Détailler avec les plus petits grains de raisin noir, épépiner si besoin. Réserver. 6. Disposer dans des bols très frais l'infusion précédemment réalisée, servie glacée. 7. Agrémenter des billes de poires & de raisin. 8. Disposer très légèrement de micro pousses amarante. 9. Déguster.","« L'infusion pommes, poires, raisins, cardamone » est une recette professionnelle METRO (cocktails), composée de 9 ingrédients et 9 étapes, pour 8 portions, durée 15 min.","""L'infusion pommes, poires, raisins, cardamone"" is a professional METRO recipe (cocktails), with 9 ingredients and 9 steps, for 8 servings.",https://www.metro.fr/inspiration/recette-chef/cocktail/infusion-pomme-poire-raisin-cardamone,METRO France – metro.fr/inspiration/recette-chef
METRO-REC-0188,Lillet Blanc Tonic,cocktail,Cocktails,Cocktails,,,1.0,moins d'1 min,,Facile,Easy,4,1,5cl Lillet blanc | 10cl Tonic | 1 rondelle Concombre | Glaçons,1. Réaliser le cocktail directement dans un verre rempli de glaçon pour apporter davantage la sensation de fraîcheur.,"« Lillet Blanc Tonic » est une recette professionnelle METRO (cocktails), composée de 4 ingrédients et 1 étapes, pour 1 portion, durée moins d'1 min.","""Lillet Blanc Tonic"" is a professional METRO recipe (cocktails), with 4 ingredients and 1 steps, for 1 serving.",https://www.metro.fr/inspiration/recette-chef/cocktail/lillet-blanc-tonic,METRO France – metro.fr/inspiration/recette-chef
METRO-REC-0189,Mango Bango,cocktail,Cocktails,Cocktails,,Besoin d'inspiration pour votre carte ? Lancez vous dans ce fameux cocktail sans alcool « Mango Bango »,1.0,moins d'1 min,,Facile,Easy,4,3,6cl Caraïbos Mangue | 6cl Caraïbos Goyave | 6cl Jus de pomme | 2cl Sirop de citron Gilbert,"1. Verser les ingrédients dans un verre ""Drinking Jar"" 47cl rempli à moitié de glaçons. 2. Mélanger avec une cuillère à mélange. 3. Décorer avec une rondelle de citron.","« Mango Bango » est une recette professionnelle METRO (cocktails), composée de 4 ingrédients et 3 étapes, pour 1 portion, durée moins d'1 min.","""Mango Bango"" is a professional METRO recipe (cocktails), with 4 ingredients and 3 steps, for 1 serving.",https://www.metro.fr/inspiration/recette-chef/cocktail/mango-bango,METRO France – metro.fr/inspiration/recette-chef
METRO-REC-0190,Mistelle et boule de gomme,cocktail,Cocktails,Cocktails,,,1.0,moins d'1 min,,Facile,Easy,3,4,4cl St-Raphaël | 2cl St-Germain | Top Tonic Water Schweppes Heritage Original,"1. Dans un verre type ""ballon"" 72cl rempli de glaçons, ajouter le St-Raphaël et le St-Germain. 2. Mélanger à l'aide d'une cuillère à mélange afin d'obtenir de la dilution. 3. Compléter de Tonic Water Schweppes Heritage Original. 4. Verser le tonic délicatement et remuer très légèrement après l'avoir versé. Exprimer le zeste de citron jaune au-dessus du verre avant de servir.","« Mistelle et boule de gomme » est une recette professionnelle METRO (cocktails), composée de 3 ingrédients et 4 étapes, pour 1 portion, durée moins d'1 min.","""Mistelle et boule de gomme"" is a professional METRO recipe (cocktails), with 3 ingredients and 4 steps, for 1 serving.",https://www.metro.fr/inspiration/recette-chef/cocktail/mistelle-boule-gomme,METRO France – metro.fr/inspiration/recette-chef
METRO-REC-0191,Mountain'S Folies,cocktail,Cocktails,Cocktails,Victor Delpierre,Recette glaciale & fruitée,1.0,moins de 40s,,Facile,Easy,5,4,"½ Citron vert coupé en morceaux | 3cl Vodka Fjorowka | 2,5cl Liqueur de menthe glaciale Delaitre | 1cl Crème de châtaigne Delaitre | 12cl Tonic Rioba 1l","1. Écraser le citron au pilon 2. Verser les ingrédients directement dans le verre 3. Mélanger à la cuillère 4. Décorer et servir ""On the rocks""","« Mountain'S Folies » est une recette professionnelle METRO (cocktails) signée Victor Delpierre, composée de 5 ingrédients et 4 étapes, pour 1 portion, durée moins de 40s.","""Mountain'S Folies"" is a professional METRO recipe (cocktails) by Victor Delpierre, with 5 ingredients and 4 steps, for 1 serving.",https://www.metro.fr/inspiration/recette-chef/cocktail/vodka-chartreuse-chataigne,METRO France – metro.fr/inspiration/recette-chef
METRO-REC-0192,Parmesan Expresso Martini,cocktail,Cocktails,Cocktails,Victor Delpierre,Recette étonnante et intrigante,1.0,50s,,Facile,Easy,6,8,5cl Vodka FJOROWKA | 3cl Sirop de sucre de canne RIOBA bio | 6cl Double expresso de café RIOBA bio | Parmesan DOP 24 mois METRO CHEF | Grain de café râpé | Zeste de citron,"1. Réaliser l'espresso avec le café Rioba 2. Verser les ingrédients dans le shaker (sans le parmesan) 3. Ajouter un maximum de glaçons pour minimiser la dilution 4. Shaker intensément mais rapidement (12 secondes) 5. Filtrer dans le verre 6. Râper le parmesan puis décorer le cocktail 7. Pour la liqueur de café : ""La liqueur de café c'est du café, de l'alcool et du sucre et dans l'ESPRESSO MARTINI tu n'en as pas forcément besoin car tu as déjà ces 3 ingrédients"" 8. Pour le choix de votre café RIOBA bio : Privilégier un café de spécialité, chaque référence bio a été sourcée et torréfiée selon les standards de qualité barista","« Parmesan Expresso Martini » est une recette professionnelle METRO (cocktails) signée Victor Delpierre, composée de 6 ingrédients et 8 étapes, pour 1 portion, durée 50s.","""Parmesan Expresso Martini"" is a professional METRO recipe (cocktails) by Victor Delpierre, with 6 ingredients and 8 steps, for 1 serving.",https://www.metro.fr/inspiration/recette-chef/cocktail/parmesan-expresso-martini,METRO France – metro.fr/inspiration/recette-chef
METRO-REC-0193,Picsou,cocktail,Cocktails,Cocktails,Victor Delpierre,"Recette inratable, personnalisable et ultra rapide",16.0,30s,,Facile,Easy,5,7,70cl Gin LIONHEART | 1300g Eau filtrée | 465g Jus de citron pressé | 100g Miel | 1pièce Fleur comestible,"1. En mise en place réaliser le mélange puis mettre en siphon à eau de seltz 2. Remplir le verre d'un maximum de glaçons pour limiter la dilution, lors de la commande 3. Compléter le verre avec le mélange pétillant grâce au siphon à eau de seltz 4. Décorer le PICSOU COCKTAIL 5. Pour obtenir un cocktail rentable et rapide à préparer, dupliquer une recette de cocktail classique inratable le ""Gin Fizz"" 6. Pour plus de rapidité et d'efficacité durant le service, réaliser le mélange en mise en place et le mettre en siphon à eau de seltz 7. Dupliquer la recette au fil des saisons avec infusions : thé, fruits frais, vanille, poivre, gingembre, cannelle, herbes aromatiques, fleurs, parures de légumes","« Picsou » est une recette professionnelle METRO (cocktails) signée Victor Delpierre, composée de 5 ingrédients et 7 étapes, pour 16 portions, durée 30s.","""Picsou"" is a professional METRO recipe (cocktails) by Victor Delpierre, with 5 ingredients and 7 steps, for 16 servings.",https://www.metro.fr/inspiration/recette-chef/cocktail/picsou,METRO France – metro.fr/inspiration/recette-chef
METRO-REC-0194,Pineapple Duppy,cocktail,Cocktails,Cocktails,,Recette sucrée & fruitée,1.0,moins de 30s,,Facile,Easy,4,4,"4cl Rhum The Duppy Share Aged | 1,5cl Pur jus d'ananas Gilbert 1l | 10cl Eau pétillante | Citron vert","1. Dans un verre, verser le Rhum The Duppy Share Aged. 2. Ajouter le jus d'ananas. 3. Compléter avec un peu d'eau pétillante. 4. Garnir de morceaux de citron vert.","« Pineapple Duppy » est une recette professionnelle METRO (cocktails), composée de 4 ingrédients et 4 étapes, pour 1 portion, durée moins de 30s.","""Pineapple Duppy"" is a professional METRO recipe (cocktails), with 4 ingredients and 4 steps, for 1 serving.",https://www.metro.fr/inspiration/recette-chef/cocktail/rhum-ananas-pineapple-duppy,METRO France – metro.fr/inspiration/recette-chef
METRO-REC-0195,Pink Tail,cocktail,Cocktails,Cocktails,Victor Delpierre,,1.0,moins de 50s,,Facile,Easy,5,4,"1,5cl Sirop noisette Monin | 10cl Jus de cranberry Gilbert 1l | 10cl Ginger ale Gilbert 1l | 3cl Citron vert fraîchement pressé | 5cm Concombre frais","1. Dans un verre, écraser le concombre au pilon. 2. Ajouter tous les ingrédients. 3. Mélanger à la cuillère. 4. Décorer.","« Pink Tail » est une recette professionnelle METRO (cocktails) signée Victor Delpierre, composée de 5 ingrédients et 4 étapes, pour 1 portion, durée moins de 50s.","""Pink Tail"" is a professional METRO recipe (cocktails) by Victor Delpierre, with 5 ingredients and 4 steps, for 1 serving.",https://www.metro.fr/inspiration/recette-chef/cocktail/sans-alcool-noisette-cranberry-ginger-pink-tail,METRO France – metro.fr/inspiration/recette-chef
METRO-REC-0196,Piña Colada,cocktail,Cocktails,Cocktails,,"« Plongez dans l'exotisme avec notre Piña Colada, un cocktail iconique qui mêle la douceur de la crème de coco, l'acidité du jus d'ananas et la puissance du rhum. »",1.0,moins d'1 min,,Facile,Easy,5,3,2cl Rhum impérial blanc Saint James 40° | 2cl Rhum ambré Saint James 45° | 8cl Jus d'ananas Caraïbos | 4cl Crème de coco Caraïbos | 2cl Sirop de canne Saint James,"1. Dans un shaker rempli aux 2/3 de glaçons, verser les ingrédients. Secouer énergiquement. 2. Verser le tout dans un grand verre à mojito New York sur des glaçons. 3. Décorer d'une tranche d'ananas.","« Piña Colada » est une recette professionnelle METRO (cocktails), composée de 5 ingrédients et 3 étapes, pour 1 portion, durée moins d'1 min.","""Piña Colada"" is a professional METRO recipe (cocktails), with 5 ingredients and 3 steps, for 1 serving.",https://www.metro.fr/inspiration/recette-chef/cocktail/pina-colada,METRO France – metro.fr/inspiration/recette-chef
METRO-REC-0197,Red Tonic,cocktail,Cocktails,Cocktails,Victor Delpierre,Recette amère et acidulée,1.0,> 50 secondes,,Facile,Easy,8,5,2 pièces - Mûre fraiche | 3cl - Gin LIONHEART | 1cl - Crème de pamplemousse Delaitre | 1cl - Crème de fruits rouges Delaitre | 5cl - Jus de cranberry Gilbert 1L | 10cl - Tonic Gilbert 1L | 1 pièce - Quartier de pamplemousse brûlé | 1 pièce - Mûre fraiche,"1. Étape 1: Réaliser la BASE RED TONIC en mise en place (cf astuces de Victor) 2. Étape 2: A la commande, écraser les mûres au pilon dans votre verre 3. Étape 3: Ajoutez-y les autres ingrédients 4. Étape 4: Mélanger à la cuillère 5. Étape 5: Décorer","« Red Tonic » est une recette professionnelle METRO (cocktails) signée Victor Delpierre, composée de 8 ingrédients et 5 étapes, pour 1 portion, durée > 50 secondes.","""Red Tonic"" is a professional METRO recipe (cocktails) by Victor Delpierre, with 8 ingredients and 5 steps, for 1 serving.",https://www.metro.fr/inspiration/recette-chef/cocktail/gin-red-tonic,METRO France – metro.fr/inspiration/recette-chef
METRO-REC-0198,Roku & Tonic,cocktail,Cocktails,Cocktails,,,1.0,moins d'1 min,,Facile,Easy,4,3,12cl Fentimans Tonic Water | 5cl Gin Roku | 6 bâtonnets Gingembre frais | Glaçons,"1. Dans un verre old fashioned 38cl rempli de glaçons, verser le tonic premium et le gin Roku. 2. Remuer avec une cuillère à mélange. 3. Ajouter les bâtonnets de gingembre frais.","« Roku & Tonic » est une recette professionnelle METRO (cocktails), composée de 4 ingrédients et 3 étapes, pour 1 portion, durée moins d'1 min.","""Roku & Tonic"" is a professional METRO recipe (cocktails), with 4 ingredients and 3 steps, for 1 serving.",https://www.metro.fr/inspiration/recette-chef/cocktail/roku-tonic,METRO France – metro.fr/inspiration/recette-chef
METRO-REC-0199,Ron old fashioned,cocktail,Cocktails,Cocktails,,,1.0,moins d'1 min,,Facile,Easy,3,5,3 Traits de bitter | 5cl Rhum | 1 Morceau de sucre,1. Imbiber un morceau de sucre avec 3 traits de le bitter. 2. Le déposer dans le verre et l'écraser. 3. Remplir complètement le verre de glaçons. 4. Verser le rhum et remuer à l'aide d'une cuillère. 5. Décorer avec un zeste d'orange.,"« Ron old fashioned » est une recette professionnelle METRO (cocktails), composée de 3 ingrédients et 5 étapes, pour 1 portion, durée moins d'1 min.","""Ron old fashioned"" is a professional METRO recipe (cocktails), with 3 ingredients and 5 steps, for 1 serving.",https://www.metro.fr/inspiration/recette-chef/cocktail/ron-old,METRO France – metro.fr/inspiration/recette-chef
METRO-REC-0200,Side-Car Mule,cocktail,Cocktails,Cocktails,Victor Delpierre,Recette fruitée & poivrée,1.0,moins de 50s,,Facile,Easy,5,6,"5,5cl - Cognac R. Martin 1738 | 1,5cl - Cointreau | 5cl - Jus de citron jaune pressé | 1,5cl - Sirop de pêche bio Gilbert | 5 à 10cl - Ginger beer Fever Tree",1. Verser les ingrédients (sauf la ginger beer) dans le shaker. 2. Ajouter un maximum de glaçons. 3. Shaker intensément mais et rapidement. 4. Filtrer dans le verre. 5. Compléter avec la ginger beer. 6. Décorer.,"« Side-Car Mule » est une recette professionnelle METRO (cocktails) signée Victor Delpierre, composée de 5 ingrédients et 6 étapes, pour 1 portion, durée moins de 50s.","""Side-Car Mule"" is a professional METRO recipe (cocktails) by Victor Delpierre, with 5 ingredients and 6 steps, for 1 serving.",https://www.metro.fr/inspiration/recette-chef/cocktail/cointreau-cognac-ginger-beer,METRO France – metro.fr/inspiration/recette-chef
METRO-REC-0201,Spring cup,cocktail,Cocktails,Cocktails,Victor Delpierre,Laissez-vous envoûter par cette boisson sucrée et florale aux fruits exotiques et liqueur de violette,1.0,moins de 50s,,Facile,Easy,7,7,3cl Rhum blanc de la Réunion 40° | 1cl Liqueur de violette | 1cl Liqueur de sureau | 5cl Purée de fraise | 5cl Jus de cranberry | 2cl Jus de citron vert pressé | Fleurs comestibles,"1. Pour accroitre l'efficacité et la rapidité lors du service, réaliser en mise en place une base spring cup en mélangeant les ingrédients dans un grand contenant (pour 20 cocktails): 1 kg de purée de fraise, 1 litre de jus de cranberry, 20 cl de liqueur de violette, 20 cl de liqueur de fleur de sureau, 40 cl de jus de citron vert fraîchement pressé 2. Mélanger au fouet pour bien homogénéiser l'ensemble 3. Verser dans 4 bouteilles de 70cl à l'aide d'une louche et d'un entonnoir 4. A la commande, remplir le verre d'un maximum de glaçons pour limiter la dilution. Secouer la bouteille de la base Spring Cup et verser 14 cl sur les glaçons 5. Compléter avec le spiritueux 6. Mélanger à la cuillère 7. Décorer","« Spring cup » est une recette professionnelle METRO (cocktails) signée Victor Delpierre, composée de 7 ingrédients et 7 étapes, pour 1 portion, durée moins de 50s.","""Spring cup"" is a professional METRO recipe (cocktails) by Victor Delpierre, with 7 ingredients and 7 steps, for 1 serving.",https://www.metro.fr/inspiration/recette-chef/cocktail/rhum-violette-fleur-sureau-spring-cup,METRO France – metro.fr/inspiration/recette-chef
METRO-REC-0202,Spritz à la Française : Lillet Tonic,cocktail,Cocktails,Cocktails,,,1.0,moins de 20s,,Facile,Easy,2,3,5cl Lillet Rose 75cl | Tonic La French S'il vous plait,1. Verser le Lillet dans un verre à vin avec de la glace. 2. Compléter avec du tonic La French S'il vous plait. 3. Verser le Tonic devant le client et laisser la bouteille avec les 10cl restant à coté du verre.,"« Spritz à la Française : Lillet Tonic » est une recette professionnelle METRO (cocktails), composée de 2 ingrédients et 3 étapes, pour 1 portion, durée moins de 20s.","""Spritz à la Française : Lillet Tonic"" is a professional METRO recipe (cocktails), with 2 ingredients and 3 steps, for 1 serving.",https://www.metro.fr/inspiration/recette-chef/cocktail/lillet-spritz-francaise,METRO France – metro.fr/inspiration/recette-chef
METRO-REC-0203,Tennessee Mule,cocktail,Cocktails,Cocktails,,"Le Tennessee Mule est une revisite du célèbre Moscow Mule, alliant la force du Jack Daniel's Tennessee Rye à la douceur pétillante du ginger ale.",1.0,moins de 20s,,Facile,Easy,4,4,4cl Jack Daniel's Tennessee Rye | 8cl Ginger ale Gilbert 1l | 1 quartier Citron vert | Feuilles de menthe,1. Verser le Jack Daniel's Tennessee Rye dans une timbale remplie de glaçons. 2. Presser un quart d'1 citron vert et remuer à l'aide d'une cuillère à mélange. 3. Allonger avec de la ginger ale Gilbert. 4. Ajouter un quartier de citron vert et quelques feuilles de menthe.,"« Tennessee Mule » est une recette professionnelle METRO (cocktails), composée de 4 ingrédients et 4 étapes, pour 1 portion, durée moins de 20s.","""Tennessee Mule"" is a professional METRO recipe (cocktails), with 4 ingredients and 4 steps, for 1 serving.",https://www.metro.fr/inspiration/recette-chef/cocktail/wisky-ginger-tennessee-mule,METRO France – metro.fr/inspiration/recette-chef
METRO-REC-0204,Virgin mojito by Finley,cocktail,Cocktails,Cocktails,Finley,,1.0,moins d'1 min,,Facile,Easy,4,4,"0,25cl Citron vert | 2cl Sirop de Rhum | 12cl Finley Mojito | 10feuilles Menthe fraîche","1. Dans un verre Tumbler, verser un quartier de citron vert pressé. 2. Ajouter le sirop de rhum. 3. Remplir de glace. 4. Compléter avec du Finley Mojito et des feuilles de menthe fraîche.","« Virgin mojito by Finley » est une recette professionnelle METRO (cocktails) signée Finley, composée de 4 ingrédients et 4 étapes, pour 1 portion, durée moins d'1 min.","""Virgin mojito by Finley"" is a professional METRO recipe (cocktails) by Finley, with 4 ingredients and 4 steps, for 1 serving.",https://www.metro.fr/inspiration/recette-chef/cocktail/virgin-mojito,METRO France – metro.fr/inspiration/recette-chef
METRO-REC-0205,Viva Italia Spritz,cocktail,Cocktails,Cocktails,Victor Delpierre,Recette amère et fruitée,1.0,plus de 30s,,Facile,Easy,5,5,10cl - Prosecco Riccadonna D.O.C. Extra Dry | 2cl - Aperitivo Delaitre | 2cl - Limoncello Delaitre | ½pièce - Citron jaune coupé en tranches | 1 - Tête de basilic METRO Chef,"1. A la commande, remplir le verre d'un maximum de glaçons pour limiter la dilution. 2. Verser le prosecco sur les glaçons. 3. Compléter avec l'Aperitivo et le Limoncello Delaitre. 4. Mélanger à la cuillère. 5. Décorer.","« Viva Italia Spritz » est une recette professionnelle METRO (cocktails) signée Victor Delpierre, composée de 5 ingrédients et 5 étapes, pour 1 portion, durée plus de 30s.","""Viva Italia Spritz"" is a professional METRO recipe (cocktails) by Victor Delpierre, with 5 ingredients and 5 steps, for 1 serving.",https://www.metro.fr/inspiration/recette-chef/cocktail/viva-italia-spritz,METRO France – metro.fr/inspiration/recette-chef
METRO-REC-0206,XO Premium Side Car,cocktail,Cocktails,Cocktails,Victor Delpierre,Recette de cocktail acidulée et vive,1.0,50s,,Facile,Easy,5,7,"5,5cl Cognac XO | 5cl Jus de citron jaune pressé | 1,5cl Sirop de vanille RIOBA | 1,5cl Triple sec | Herbe aromatique",1. Mettez les verres au congélateur pour un maximum de fraicheur 2. Verser dans le shaker les ingrédients 3. Ajouter un maximum de glaçons pour limiter la dilution 4. Shaker intensément mais rapidement (12 secondes) 5. Filtrer dans le verre à cocktail 6. Décorer le cocktail classique en version premium 7. Pour booster le CA et la satisfaction client : utiliser des ingrédients premium comme le cognac XO permet un up-selling efficace en établissement,"« XO Premium Side Car » est une recette professionnelle METRO (cocktails) signée Victor Delpierre, composée de 5 ingrédients et 7 étapes, pour 1 portion, durée 50s.","""XO Premium Side Car"" is a professional METRO recipe (cocktails) by Victor Delpierre, with 5 ingredients and 7 steps, for 1 serving.",https://www.metro.fr/inspiration/recette-chef/cocktail/xo-premium-side-car,METRO France – metro.fr/inspiration/recette-chef
METRO-REC-0207,XO Side-Car Mule,cocktail,Cocktails,Cocktails,Victor Delpierre,Recette acidulée et poivrée,1.0,plus de 50s,,Facile,Easy,6,6,"5,5cl Cognac XO Delaitre | 1,5cl Triple sec Delaitre | 5cl Jus de citron jaune pressé | 1,5cl Sirop de sucre Gilbert | 5 à 10cl Ginger beer Gilbert | 1 Zeste d'orange","1. Verser les ingrédients, à l'exception de la ginger beer, dans le shaker. 2. Ajouter un maximum de glaçons pour minimiser la dilution. 3. Shaker intensément et rapidement (12 secondes). 4. Ouvrir le shaker et ajouter la ginger beer. 5. Filtrer le tout et verser dans le verre. 6. Décorer.","« XO Side-Car Mule » est une recette professionnelle METRO (cocktails) signée Victor Delpierre, composée de 6 ingrédients et 6 étapes, pour 1 portion, durée plus de 50s.","""XO Side-Car Mule"" is a professional METRO recipe (cocktails) by Victor Delpierre, with 6 ingredients and 6 steps, for 1 serving.",https://www.metro.fr/inspiration/recette-chef/cocktail/xo-side-car-mule,METRO France – metro.fr/inspiration/recette-chef
METRO-REC-0208,Été indien,cocktail,Cocktails,Cocktails,Victor Delpierre,"Une escapade garantie avec notre cocktail noix de coco et fruit de la passion, un mélange sucré et fruité qui vous transportera sous les tropiques.",1.0,Plus de 50s,,Facile,Easy,5,4,5cl Armagnac 10 ans | 5cl Nectar de fraise | 5cl Purée de fruits de la passion | 5cl Purée de noix de coco | 1 boule Sorbet citron jaune,1. Verser les ingrédients dans le blender ou le shaker. 2. Mixer ou shaker sans glaçons (le sorbet remplace les glaçons). 3. Verser le mélange onctueux dans le verre. 4. Décorer.,"« Été indien » est une recette professionnelle METRO (cocktails) signée Victor Delpierre, composée de 5 ingrédients et 4 étapes, pour 1 portion, durée Plus de 50s.","""Été indien"" is a professional METRO recipe (cocktails) by Victor Delpierre, with 5 ingredients and 4 steps, for 1 serving.",https://www.metro.fr/inspiration/recette-chef/cocktail/ete-indien,METRO France – metro.fr/inspiration/recette-chef
METRO-REC-0209,Beignets de banane frecinette,asie,Cuisine asiatique,Asian cuisine,,,1.0,15 min,15.0,Facile,Easy,8,4,10g Crème liquide UHT 35% | 15g Beurre demi-sel | 20g Farine Tempura Classique | 40g Sucre semoule fin | 3 Banane frecinette avion Colombie | 1pincée Fèves Tonka | 3g Spéculoos concassés | 500g Feuille de bananier ronde,1. Incorporer la crème fraîche chaude puis le beurre chaud. Ajouter en fin un peu de fève de tonka râpée. 2. Réaliser l'appareil à tempura comme indiqué sur l'emballage. 3. Éplucher les bananes à maturité avant de les tremper dans l'appareil à tempura. 4. Dresser puis servir accompagné de son caramel agrémenté d'un peu de brisure de spéculoos.,"« Beignets de banane frecinette » est une recette professionnelle METRO (cuisine asiatique), composée de 8 ingrédients et 4 étapes, pour 1 portion, durée 15 min.","""Beignets de banane frecinette"" is a professional METRO recipe (asian cuisine), with 8 ingredients and 4 steps, for 1 serving.",https://www.metro.fr/inspiration/recette-chef/asie/beignets-banane-frecinette,METRO France – metro.fr/inspiration/recette-chef
METRO-REC-0210,Bo Bun Nems Boeuf,asie,Cuisine asiatique,Asian cuisine,,"Le bo bun, une spécialité vietnamienne emblématique, marie la fraîcheur des légumes croquants, la richesse des vermicelles de riz, et la saveur parfumée de la viande marinée. Ce plat complet, souvent accompagné de nems croustillants, se distingue par sa diversité de textures et son équilibre entre douceur, acidité, et piquant. Une explosion de saveurs idéale pour un repas convivial.",4.0,40 min,40.0,Facile,Easy,21,5,Vermicelles de riz Wai Wai | Cœur de Rumsteack semi paré | Sucre en poudre cristal | Sauce nuoc nam | Huile de tournesol | Fécule de pomme de terre | Carottes gros calibre | Sucre en poudre cristal | Vinaigre de vin affiné | 8 Petits nems au porc pré-frits ou Nems au porc maison | Oignons frits | Oignons charcutiers | 100g Citronnelle bâtonnet | Gousses d'ail | Concombre | Germes de soja | 30g Menthe botte | Salade Iceberg | Cacahuètes grillées et salées | Sauce poisson | Purée de piment Sambal Oelek,"1. Ramollir les vermicelles de riz dans de l'eau chaude pendant 5mn. Rincer abondamment à l'eau froide, égoutter. 2. Couper la viande de bœuf en tranches d'environ 5cm de long. Mariner la viande avec le sucre, la sauce nuoc nam, l'huile, la fécule de pomme de terre. Bien mélanger, couvrir, et conserver au réfrigérateur 15-20mn. 3. Rapper les carottes. Mariner les carottes râpées avec 1/2 cuillère à soupe de sucre, 1 cuillère à soupe de vinaigre. 4. Faire frire les nems pendant 5mn à 150°. Réserver. Couper les oignons, l'ail, hacher finement la citronnelle, puis les faire revenir à la poêle avec la viande marinée, pendant 5-10mn. 5. Couper la salade et les concombres et les dresser dans une assiette. Ajouter les vermicelles, les germes de soja, les carottes marinées, les nems et la viande. Décorer le tout de menthe et de cacahuètes grillées. Assaisonner de sauce poisson et avec de la Purée de piment Sambal Oelek (pour les amateurs de piquant).","« Bo Bun Nems Boeuf » est une recette professionnelle METRO (cuisine asiatique), composée de 21 ingrédients et 5 étapes, pour 4 portions, durée 40 min.","""Bo Bun Nems Boeuf"" is a professional METRO recipe (asian cuisine), with 21 ingredients and 5 steps, for 4 servings.",https://www.metro.fr/inspiration/recette-chef/asie/bo-bun-nem-boeuf,METRO France – metro.fr/inspiration/recette-chef
METRO-REC-0211,Brochette de poulet saté & riz gluant,asie,Cuisine asiatique,Asian cuisine,,,1.0,30 min,30.0,Facile,Easy,14,9,150g Filet de poulet blanc | 1 demi Yaourt nature | 30g Préparation saté Lobo | 15g Cébette | 100g Courgettes | 30g Pois gourmand | 2 Mini maïs | 1 Carotte | 30g Champignons blanc pied coupé | ½ Piment rouge | 60g Riz gluant | 5cl Sauce soja salée | 1pincée Graines de sésame doré | 20g Éclats croquants de cacahuètes grillées en morceaux,"1. Couper le poulet en lanières de la longueur de la brochette. 2. Mariner dans la poudre saté et le yaourt mélangés. 3. Piquer la viande sur les mini-brochettes. Réserver. 4. Réaliser la sauce saté en suivant les étapes indiquées sur l'emballage. 5. Tailler les légumes façon wok. 6. Après plusieurs rinçages, cuire le riz gluant au rice cooker. 7. Snacker les légumes au wok. Déglacer avec la sauce soja. 8. Poêler les brochettes. 9. Servir avec le riz agrémenté d'un peu de graines de sésame et la sauce saté garnie d'un peu de cacahuètes hachées fin.","« Brochette de poulet saté & riz gluant » est une recette professionnelle METRO (cuisine asiatique), composée de 14 ingrédients et 9 étapes, pour 1 portion, durée 30 min.","""Brochette de poulet saté & riz gluant"" is a professional METRO recipe (asian cuisine), with 14 ingredients and 9 steps, for 1 serving.",https://www.metro.fr/inspiration/recette-chef/asie/brochette-poulet-sate,METRO France – metro.fr/inspiration/recette-chef
METRO-REC-0212,Buddha bowl,asie,Cuisine asiatique,Asian cuisine,,,1.0,15 min,15.0,Facile,Easy,15,6,80g Riz long thaï parfumé | 15ml Sauce soja salée | 1càc Huile vierge de sésame toastée | 15ml Huile d'olive vierge extra | 2g Coriandre fraîche | 30 Œufs Calibre Gros | 20g Champignon noir | 3 Pomelos de Chine | 50g Concombre | 5 Radis botte | 50g Lamelles d'avocat | 10g Cébette | 30g Pousses de haricots mungo soja | ½ Citron vert | 1pincée Graines de sésame doré,"1. Cuire le riz au Rice cooker après l'avoir rincé au préalable à l'eau claire à plusieurs reprises. 2. Laisser refroidir avant de l'assaisonner de sauce soja, d'huile de sésame, d'huile d'olive et de coriandre ciselée. 3. Réaliser une omelette à base de champignons noirs. 4. Dresser le riz refroidi dans le fond de l'assiette. 5. Ajouter dessus : les suprêmes de pomelos, le concombre en rondelles, les radis, les lamelles d'avocat, la cébette, les pousses de haricot mungo soja assaisonnés du jus de citron vert. 6. Finir en parsemant de quelques graines de sésame.","« Buddha bowl » est une recette professionnelle METRO (cuisine asiatique), composée de 15 ingrédients et 6 étapes, pour 1 portion, durée 15 min.","""Buddha bowl"" is a professional METRO recipe (asian cuisine), with 15 ingredients and 6 steps, for 1 serving.",https://www.metro.fr/inspiration/recette-chef/asie/buddha-bowl,METRO France – metro.fr/inspiration/recette-chef
METRO-REC-0213,Burrito Maki,asie,Cuisine asiatique,Asian cuisine,,,4.0,1h,60.0,Difficile,Hard,12,11,80g Saumon | 80g Longe de thon sashimi | 40g Concombres | 40g Mini carotte pourpre | 20g Carotte extra | 1 Avocat pré-muri | ½ Poivron rouge | 40g Pitaya rouge chair blanche | 40g Mangue pré-murie | 4 Feuilles d'algue Sushi Nori | 360g Riz rond pour sushi | 60g Fromage à tartiner,"1. Couper le filet de saumon et le thon en lamelles d'une vingtaine de cm de long. 2. Épépiner les concombres et les couper en bâtonnets. 3. Éplucher et faire de même avec les carottes, l'avocat, le poivron, la pitaya et la mangue. 4. Disposer une feuille d'algue nori sur un makisu. 5. Recouvrir de riz vinaigré la feuille d'algue sur toute sa longueur et largeur sur une épaisseur de 0,3cm. 6. Retourner la feuille d'algue, pour que le riz soit sur le makisu. 7. Mélanger le fromage à tartiner avant de le mettre en poche. 8. Déposer au centre de la feuille d'algue nori un trait de fromage à tartiner. 9. L'agrémenter des morceaux d'avocat, de carottes, de concombres, de saumon, de thon et de mangue. 10. Rouler la préparation avec le makisu pour que le california roll ait une belle forme cylindrique. 11. Couper en deux le cylindre en biseau.","« Burrito Maki » est une recette professionnelle METRO (cuisine asiatique), composée de 12 ingrédients et 11 étapes, pour 4 portions, durée 1h.","""Burrito Maki"" is a professional METRO recipe (asian cuisine), with 12 ingredients and 11 steps, for 4 servings.",https://www.metro.fr/inspiration/recette-chef/asie/burrito-maki,METRO France – metro.fr/inspiration/recette-chef
METRO-REC-0214,Cabillaud et fenouil laqués,asie,Cuisine asiatique,Asian cuisine,,,1.0,30 min,30.0,Facile,Easy,17,5,1càs Ketchup | 35ml Huile d'olive vierge extra | 15ml Huile vierge de sésame toastée | 35ml Sauce soja sucrée | Sauce chili sriracha Thaï Dancer | ½ Bulbe de fenouil | 120g Dos de Cabillaud | 40ml Huile d'olive vierge extra | 15ml Huile vierge de sésame toastée | 40ml Sauce soja sucrée | 20g Ananas Victoria Réunion | 20g Fruit du dragon - Pitaya rouge | ½ Piment rouge | Quelques feuilles Basilic Thaï botte Filière | ½ Citron vert | 1pincée Graine de pavot bleu | Feuilles de banane,"1. Mélanger le ketchup avec l'huile olive, l'huile de sésame, la sauce soja sucrée et le sriracha. 2. Laquer le fenouil de ce mélange avant de le cuire à 180°C au four. 3. Réaliser la sauce vierge en mélangeant l'huile olive, l'huile de sésame, l'ananas (en brunoise) et de fruit du dragon, le piment rouge émincé, la sauce soja sucrée, et le basilic Thai. 4. Laquer le cabillaud de ce mélange avant de le cuire. 5. Dresser sur une feuille de banane. Décorer d'une tranche de carambole et de fruit du dragon. Accompagner d'un quartier de citron vert.","« Cabillaud et fenouil laqués » est une recette professionnelle METRO (cuisine asiatique), composée de 17 ingrédients et 5 étapes, pour 1 portion, durée 30 min.","""Cabillaud et fenouil laqués"" is a professional METRO recipe (asian cuisine), with 17 ingredients and 5 steps, for 1 serving.",https://www.metro.fr/inspiration/recette-chef/asie/cabillaud-fenouil,METRO France – metro.fr/inspiration/recette-chef
METRO-REC-0215,Canard apicius à la pékinoise,asie,Cuisine asiatique,Asian cuisine,,,5.0,45 min,45.0,Difficile,Hard,19,6,"Canard en coffre Entier | Sauce Hoisin | 250g Miel | 2 Canelles | 1g Cinq épices | 0,5g Cumin | 20g Gingembre | 2 Clous de Girofle | 100g Jus de Pomme | 2 Feuilles laurier | 0,5g Noix de Muscade | 2 Poivre de Timut | Thym Brun | 150g Farine T 55 | 75g Huile de pépin de raisin | Eau bouillante | Concombre | Coriandre | Poireau Blanc","1. Mariner le canard dans la préparation apicius. 2. Mélanger les ingrédients pour la crêpe jusqu'à ce que la pâte devienne lisse et laisser reposer 15 min. 3. Couper la pâte à crêpe en 12 morceaux, étaler l'huile de pépin de raisin avec un pinceau sur 6 morceaux et poser ensuite les 6 autres sur le dessus. 4. Rouler chaque paire de pâtes jusqu'à ce qu'elles deviennent très fines comme une feuille de riz. 5. Faire cuire chaque crêpe sur une poêle préchauffée avec de l'huile et colorer légèrement sur les deux côtés, puis séparer les deux crêpes. 6. Émincer finement les concombres et les poireaux et trier la coriandre.","« Canard apicius à la pékinoise » est une recette professionnelle METRO (cuisine asiatique), composée de 19 ingrédients et 6 étapes, pour 5 portions, durée 45 min.","""Canard apicius à la pékinoise"" is a professional METRO recipe (asian cuisine), with 19 ingredients and 6 steps, for 5 servings.",https://www.metro.fr/inspiration/recette-chef/asie/canard-apicius-pekinoise,METRO France – metro.fr/inspiration/recette-chef
METRO-REC-0216,Carpaccio de Saint-Jacques avec émulsion Yuzu Kosho,asie,Cuisine asiatique,Asian cuisine,Yoshiaki Ito,,6.0,30 min,30.0,Moyen,Medium,17,8,200g Huile de colza | 30g Roquette | 1botte Persil plat | 500g Œufs de truite | 1càs Bouillon Dashi | 1càs Sauce soja salé | 3 Jaunes d'œufs | 45g Moutarde | 45g Vinaigre de vin blanc | 400/500g Huile de colza | Pâte Yuzu Kosho | 1botte Radis blanc | 12pièces Saint-Jacques | Gros sel – Maldon Sea Salt Flakes | Huile d'olive | 12 Fleurs de concombre | 18 Feuilles de pourpier,"1. Chauffer l'huile à 50°C la veille, ajouter roquette et persil, mixer et réfrigérer 24h filtré. 2. Mélanger œufs de truite, bouillon Dashi et sauce soja, mariner 12h au frigo. 3. Fouetter jaunes d'œufs, moutarde, vinaigre, puis ajouter progressivement huile, sel et pâte Yuzu Kosho. 4. Trancher radis à la mandoline, tremper 2h eau glacée (4 tranches/personne). 5. Couper Saint-Jacques en deux, parsemer gros sel et filet huile d'olive. 6. Déposer émulsion, quatre tranches Saint-Jacques, rondelles radis et 3 cuillères à café œufs de truite. 7. Ajouter 3 feuilles pourpier et 2 fleurs concombre. 8. Terminer par huile de roquette sans contact direct Saint-Jacques.","« Carpaccio de Saint-Jacques avec émulsion Yuzu Kosho » est une recette professionnelle METRO (cuisine asiatique) signée Yoshiaki Ito, composée de 17 ingrédients et 8 étapes, pour 6 portions, durée 30 min.","""Carpaccio de Saint-Jacques avec émulsion Yuzu Kosho"" is a professional METRO recipe (asian cuisine) by Yoshiaki Ito, with 17 ingredients and 8 steps, for 6 servings.",https://www.metro.fr/inspiration/recette-chef/asie/carpaccio-saint-jacques-yuzu,METRO France – metro.fr/inspiration/recette-chef
METRO-REC-0217,Duo California Bœuf,asie,Cuisine asiatique,Asian cuisine,,,24.0,1h,60.0,Moyen,Medium,9,9,2 Feuilles d'algue Sushi Nori | Riz rond pour sushi | 100g Brocolis | 100g Chou-fleur violet | 70g Crème de bleu d'Auvergne | 500g Bœuf effiloché cuit | 80g Mini asperges vertes | Feuille de shiso pourpre | Feuille de shiso vert,"1. Disposer une moitié de feuille d'algue nori sur un makisu (petite natte en tiges de bambou). 2. Recouvrir de riz vinaigré sur toute la longueur et largeur, sur une épaisseur de 0,5cm. 3. À l'aide d'un zesteur, émietter un peu de chou-fleur violet ou un peu de brocoli. 4. Parsemer sur toute la surface de riz. 5. Retourner la feuille d'algue de sorte que le riz soit face contre le makisu. 6. Déposer un trait de crème de bleu d'Auvergne au centre de la feuille sur toute sa longueur. 7. Recouvrir d'effiloché de bœuf et de morceaux d'asperges préalablement épluchées. 8. Rouler le tout à l'aide du makisu jusqu'à ce que le california roll ait une belle forme cylindrique. 9. Trancher en 6 makis. Et déposer-les sur une feuille de shiso.","« Duo California Bœuf » est une recette professionnelle METRO (cuisine asiatique), composée de 9 ingrédients et 9 étapes, pour 24 portions, durée 1h.","""Duo California Bœuf"" is a professional METRO recipe (asian cuisine), with 9 ingredients and 9 steps, for 24 servings.",https://www.metro.fr/inspiration/recette-chef/asie/duo-california-boeuf,METRO France – metro.fr/inspiration/recette-chef
METRO-REC-0218,Foie gras « Saikyo Yaki »,asie,Cuisine asiatique,Asian cuisine,,,2.0,30 min,30.0,Moyen,Medium,10,7,100g Dashi | 200g Eau | 300g Miso | 2pcs Oignons | 100g Shio Mirin | 100g Vin Blanc | 1lobe Foie Gras Entier | 4pcs Mini-betteraves | Oignons nouveaux | Crème Yuzu,"1. Laisser mariner le foie gras dans le mélange de marinade pendant 1 nuit. 2. Cuire les betteraves dans le sel, au four à 180°C, jusqu'à ce que le cœur devienne tendre. 3. Cuire les oignons nouveaux à l'anglaise. 4. Cuire le foie gras sur une grille et bien brûler ses surfaces. 5. Avec le moins de matière grasse possible, caraméliser les oignons et glacer les betteraves. 6. Le foie gras tranché en 4. 7. Placer une tranche sur une assiette, les garnitures sur le côté, et une pointe de crème de Yuzu.","« Foie gras « Saikyo Yaki » » est une recette professionnelle METRO (cuisine asiatique), composée de 10 ingrédients et 7 étapes, pour 2 portions, durée 30 min.","""Foie gras « Saikyo Yaki »"" is a professional METRO recipe (asian cuisine), with 10 ingredients and 7 steps, for 2 servings.",https://www.metro.fr/inspiration/recette-chef/asie/foie-gras-saikyo-yaki,METRO France – metro.fr/inspiration/recette-chef
METRO-REC-0219,Galette au sarrasin et porc mijoté,asie,Cuisine asiatique,Asian cuisine,,,4.0,45 min,45.0,Difficile,Hard,19,7,25g Beurre noisette | 350g Eau | 165g Farine de sarrasin | 1pcs Oeuf | 5g Gros sel ou fleur de sel | Beurre pour cuisson | 723g Poitrine de Porc | 1 Gousse d'ail | 30g Sucre | 100g Vinaigre noir | 1pc Badiane | 1 Bâton de cannelle | 1 Laurier | 7g Sel | 1botte Ciboulette | 1botte Coriandre | 1 botte Menthe | 1 Oeuf au plat | 1botte Persil,"1. Préparer l'appareil pour la galette au sarrasin : mélanger tous les ingrédients avec une cuillère en bois et laisser reposer 1 heure. 2. Mélanger les ingrédients pour le porc mijoté et mettre sous vide. Faire cuire pendant une nuit à 90°C, refroidir pendant une demi-journée. 3. Retirer le porc et faire réduire le jus restant dans le sac sous vide jusqu'à l'obtention d'un liquide très épais. 4. Trier et laver les herbes puis préparer l'œuf au plat. 5. Trancher le porc cuit et snacker dans une poêle. 6. Cuire les galettes assez croustillantes sur l'un des côtés. 7. Sur la galette, étaler le porc, la garniture et la réduction puis la rouler.","« Galette au sarrasin et porc mijoté » est une recette professionnelle METRO (cuisine asiatique), composée de 19 ingrédients et 7 étapes, pour 4 portions, durée 45 min.","""Galette au sarrasin et porc mijoté"" is a professional METRO recipe (asian cuisine), with 19 ingredients and 7 steps, for 4 servings.",https://www.metro.fr/inspiration/recette-chef/asie/galette-sarrasin-porc-mijote,METRO France – metro.fr/inspiration/recette-chef
METRO-REC-0220,Homard « thermidon »,asie,Cuisine asiatique,Asian cuisine,,,2.0,45 min,45.0,Difficile,Hard,10,5,2 Homard entier 400g | Zeste de Citron Jaune | Zeste de citron vert | Épice de Satay | 25g Beurre Doux | 25g Farine T45 | 200g Lait de coco | 1pincée Sel | Huile de homard à la vanille | 60g Parmesan râpé,"1. Blanchir les homards pendant 1 minute à l'eau bouillante et les refroidir à l'eau glacée. 2. Couper en deux, retirer la chair, les assaisonner généreusement avec l'épice de Satay, les zestes de citron vert et jaune et laisser mariner pendant au moins 30 min. 3. Faire une béchamel coco à la façon traditionnelle. 4. Remettre la chair du homard dans sa carapace avec la béchamel au coco et saupoudrer avec du parmesan râpé. 5. Faire gratiner dans un four très chaud ou dans une salamandre pour bien dorer la surface. Verser quelques gouttes d'huile de homard à la vanille.","« Homard « thermidon » » est une recette professionnelle METRO (cuisine asiatique), composée de 10 ingrédients et 5 étapes, pour 2 portions, durée 45 min.","""Homard « thermidon »"" is a professional METRO recipe (asian cuisine), with 10 ingredients and 5 steps, for 2 servings.",https://www.metro.fr/inspiration/recette-chef/asie/homard-thermidon,METRO France – metro.fr/inspiration/recette-chef
METRO-REC-0221,Kushi-Katsu Wellington,asie,Cuisine asiatique,Asian cuisine,,,6.0,45 min,45.0,Difficile,Hard,13,11,600g Champignon | 300g Échalote | 250g Epinard | 150g Beurre finition | 170g Sauce Cristal | 200g Sauce Soja | 350g Vin rouge | 600g Boeuf Filet | 50g Moutarde | Crepinette | Farine | 6 Oeufs entier | Panko,"1. Hacher les champignons et faire sauter et sécher, finir avec du beurre et des échalotes. 2. Blanchir les épinards dans l'eau bouillante et les refroidir dans l'eau glacée. 3. Mélanger le vin rouge, le sucre et la sauce soja dans une casserole et réduire jusqu'à un quart de la quantité initiale. 4. Y ajouter le beurre. 5. Couper le bœuf en 4-5 morceaux et étaler la moutarde sur les surfaces. 6. Rouler les morceaux de bœuf avec les feuilles d'épinards blanchis, puis la duxelles de champignons. Si besoin, utiliser du film alimentaire pour faire une forme équilibrée. 7. Pour la dernière couche, rouler la crépinette et laisser refroidir au moins 30 min. 8. Dans trois bacs différents, préparer la farine, l'œuf, et le panko. Préchauffer la friteuse à 180°. 9. Rouler la viande chemisée dans chaque bac. 10. Faire frire jusqu'à obtention d'une couleur bien dorée sur les surfaces, laisser reposer 3-5 min avant de découper en deux. 11. Dresser le morceau découpé, saucer avec la sauce teriyaki.","« Kushi-Katsu Wellington » est une recette professionnelle METRO (cuisine asiatique), composée de 13 ingrédients et 11 étapes, pour 6 portions, durée 45 min.","""Kushi-Katsu Wellington"" is a professional METRO recipe (asian cuisine), with 13 ingredients and 11 steps, for 6 servings.",https://www.metro.fr/inspiration/recette-chef/asie/kushi-katsu-wellington,METRO France – metro.fr/inspiration/recette-chef
METRO-REC-0222,"Montblanc à la crème de marron, glace et thé Hojicha",asie,Cuisine asiatique,Asian cuisine,Yoshiaki Ito,,6.0,2h,120.0,Moyen,Medium,12,18,1l Lait entier | 50g Glucose | 100g Sucre cassonade | 30g Feuilles de thé grillé Hojicha | 3g Gélatine en feuille 210 bloom | 75g Crème entière liquide | 200g Crème de marron | 100g Blanc d'œufs | 200g Sucre blanc cristal | 12 Châtaignes cuites sous vides | Noix | 10g Feuilles de thé grillé Hojicha,"1. Dans une casserole, porter à ébullition le lait. 2. Une fois bouilli, ajouter le glucose, la cassonade, les feuilles de thé et laisser infuser 4-5 min. 3. Passer la préparation au Pacojet durant 3 à 4 min ; Puis congeler pendant 24 heures. 4. Dans un récipient rempli d'eau froide, faire ramollir les feuilles de gélatines. 5. Dans une casserole, porter à ébullition la crème liquide entière. 6. La retirer du feu et ajouter la gélatine ramollie et essorée ; bien mélanger. 7. Transvaser dans un récipient, filmer et placer au réfrigérateur au frais pendant 2 heures. 8. Une fois refroidi, ajouter la crème de marron et mélanger à l'aide d'un fouet manuel. 9. Placer la préparation dans une poche à pâtisserie munie d'une douille « vermicelle » ou « neufs trous ». 10. Dans un récipient, à l'aide d'un fouet électrique, monter les blancs en neige. 11. Lorsque les blancs deviennent mousseux, ajouter en trois fois le sucre et battre jusqu'à obtenir une meringue lisse et brillante. 12. Déposer la meringue dans une poche à pâtisserie munie d'une douille ronde et pocher des meringues sur une plaque recouverte de papier sulfurisé. 13. Faire cuire à 110°C pendant 1 heure. 14. Passer au mixeur les feuilles de thé grillé afin d'obtenir de la poudre de thé. 15. Dans une coupelle à dessert, y déposer deux châtaignes. 16. Réaliser une quenelle de glace à l'aide d'une cuillère à soupe et la placer sur les châtaignes. 17. Pocher la crème de marron généreusement sur le dessus et terminer par deux noix et deux meringues. 18. Saupoudrer de poudre de thé Hojicha.","« Montblanc à la crème de marron, glace et thé Hojicha » est une recette professionnelle METRO (cuisine asiatique) signée Yoshiaki Ito, composée de 12 ingrédients et 18 étapes, pour 6 portions, durée 2h.","""Montblanc à la crème de marron, glace et thé Hojicha"" is a professional METRO recipe (asian cuisine) by Yoshiaki Ito, with 12 ingredients and 18 steps, for 6 servings.",https://www.metro.fr/inspiration/recette-chef/asie/montblanc-marron-glace-the-hojicha,METRO France – metro.fr/inspiration/recette-chef
METRO-REC-0223,Pad Thaï St-Jacques,asie,Cuisine asiatique,Asian cuisine,,,1.0,20 min,20.0,Facile,Easy,13,6,100g Nouille de riz nids | 20g Pois gourmand | 10g Radis botte | 3g Coriandre fraîche | 10g Pousses de haricots mungo soja | 5 Crevettes séchées ou Noix de St-Jacques | 1càc Huile vierge de sésame toastée | 1càc Huile d'olive vierge | 1gousse Ail | 1 Oeuf calibre gros fermier Label Rouge | 5cl Sauce soja salée | 10g Éclats croquants de cacahuètes grillées en morceaux | Cébette,"1. Cuire les nouilles, égoutter légèrement et réserver. 2. Tailler à la forme voulue le piment, les pois, les radis et la coriandre. 3. Snacker au wok les St-Jacques à l'unilatérale dans le mélange d'huiles et les épices. 4. Arrivé à coloration, rajouter tous les légumes, les herbes, la sauce soja et les cacahuètes. Bien remuer. 5. Rajouter ensuite l'œuf entier puis les nouilles de riz. 6. Faire sauter le tout avant de servir.","« Pad Thaï St-Jacques » est une recette professionnelle METRO (cuisine asiatique), composée de 13 ingrédients et 6 étapes, pour 1 portion, durée 20 min.","""Pad Thaï St-Jacques"" is a professional METRO recipe (asian cuisine), with 13 ingredients and 6 steps, for 1 serving.",https://www.metro.fr/inspiration/recette-chef/asie/pad-thai-saint-jacques,METRO France – metro.fr/inspiration/recette-chef
METRO-REC-0224,Poisson au curry thaï dans une feuille de banane,asie,Cuisine asiatique,Asian cuisine,,,4.0,20 min,20.0,Moyen,Medium,14,10,3 Échalotes | 1tête Galanga | 4 Petits piments rouge | 2têtes Curcuma frais | 3 Racines de coriandre (tiges de coriandre) | 4gousses Ails | ½ Citron konbava | 2tiges Citronnelle | 1c.a.s Huile végétale | 1c.a.s Sel | 4 Filets de poisson | 1botte Basilic thaï | 1paquet Feuille de banane | 50g Feuille de citron kafir,"1. Dans un mortier ou un robot mettre les échalotes, la tête de galanga coupée en tranche fine, les piments rouges, la tête de curcuma, les gousses d'ail, le zest de konbava, les racines de coriandre (ou juste la tige d'une botte de coriandre) et les tiges de citronnelle pour en faire une pâte compacte tout en gardant une texture. 2. Ajouter un filet l'huile et salez. 3. Dans un bol, mettre les filets de poisson et bien mélanger avec la pâte de curry. Laisser 1h à 24h en marinade. 4. Dans la feuille de banane, découper 8 bandes de 30 cm. 5. Utiliser 2 feuilles de banane par filet de poisson, déposer-les en quinconce. 6. Mettre 5 feuilles de basilic dans le fond, déposer le filet de poisson, ajouter un peu de marinade puis mettre 3 feuilles de kafir sur le dessus du poisson. 7. Replier les feuilles de banane en papillote et à l'aide d'un pic en bois bien fermer hermétiquement. 8. 10 min au four à 180°C. 9. 2 min de chaque côté sur une grille posée sur le feu. 10. Servir avec du riz gluant.","« Poisson au curry thaï dans une feuille de banane » est une recette professionnelle METRO (cuisine asiatique), composée de 14 ingrédients et 10 étapes, pour 4 portions, durée 20 min.","""Poisson au curry thaï dans une feuille de banane"" is a professional METRO recipe (asian cuisine), with 14 ingredients and 10 steps, for 4 servings.",https://www.metro.fr/inspiration/recette-chef/asie/poisson-curry-thai-banane,METRO France – metro.fr/inspiration/recette-chef
METRO-REC-0225,Poke bowl Edamame,asie,Cuisine asiatique,Asian cuisine,,"Facile, rapide et efficace, le Poke bowl edamame est une recette savoureuse et onctueuse issue de la cuisine asiatique, à base de produits frais.",1.0,1h,60.0,Facile,Easy,10,6,60g Longe de Thon Sashimi | 50ml Huile de sésame blanc | 40ml Sauce Soja Salée | ½ Citron Vert | 20g Betterave Chioggia | 30g Radis en botte | 20g Mangue pré-murie | 30g Edamame origine Kenya | 20g Salade de Wakame | 50g Riz Rond pour Sushi,"1. Couper 60g de thon en dés puis les faire mariner pendant 1h dans un peu d'huile de sésame, de sauce soja et un trait de citron vert. 2. Éplucher les betteraves et les couper en lamelles. 3. Laver et émincer les radis. 4. Découper la chair de la mangue en petits dés. 5. Cuire les edamames dans l'eau bouillante et les monder. 6. Dans un bol, placer au centre 50g de riz vinaigré, la salade de Wakame, puis ajouter les autres ingrédients.","« Poke bowl Edamame » est une recette professionnelle METRO (cuisine asiatique), composée de 10 ingrédients et 6 étapes, pour 1 portion, durée 1h.","""Poke bowl Edamame"" is a professional METRO recipe (asian cuisine), with 10 ingredients and 6 steps, for 1 serving.",https://www.metro.fr/inspiration/recette-chef/asie/poke-bowl-edamame,METRO France – metro.fr/inspiration/recette-chef
METRO-REC-0226,Poke bowl Grenade,asie,Cuisine asiatique,Asian cuisine,,,1.0,1h,60.0,Facile,Easy,10,7,20g Petit pois | 40g Concombre | 40g Ananas Victoria | 20g Mini carottes jaune | 20g Mini carottes orange | 20g Mini carottes violette mix | 40g Pitaya rouge chair blanche | 30g Avocat pré-muri filière | 20g Grenade | 60g Riz rond pour sushi,"1. Cuire les petits pois dans l'eau bouillante salée. Une fois cuits, mettre dans une eau glacée. Égoutter, réserver. 2. Enlever le cœur du concombre avant de le débiter en dés. 3. Réaliser la même opération avec l'ananas. 4. Éplucher les mini carottes. 5. Ôter l'écorce du fruit du dragon avant de le découper en tranches fines. 6. Réaliser la même opération avec l'avocat. 7. Dans un bol, placer au centre le riz vinaigré, puis ajouter les autres ingrédients. Finir avec quelques graines de grenade.","« Poke bowl Grenade » est une recette professionnelle METRO (cuisine asiatique), composée de 10 ingrédients et 7 étapes, pour 1 portion, durée 1h.","""Poke bowl Grenade"" is a professional METRO recipe (asian cuisine), with 10 ingredients and 7 steps, for 1 serving.",https://www.metro.fr/inspiration/recette-chef/asie/poke-bowl-grenade,METRO France – metro.fr/inspiration/recette-chef
METRO-REC-0227,Poke bowl Romanesco,asie,Cuisine asiatique,Asian cuisine,,,10.0,3h,180.0,Facile,Easy,11,5,600g Filet de dorade | 20cl Gin japonais Akori 42° | 150cl Schweppes Indian Tonic | 200g Citrons verts | 400g Pomelos | 300g Oranges | 4 Citrons jaunes | 200g Chou de romanesco | 300g Concombres | Vene cress | 500g Riz rond pour sushi,"1. Couper les filets de dorade en dés. Mariner pendant 3 heures au réfrigérateur dans le Gin, le Schweppes et le jus des citrons jaunes. 2. Réaliser des suprêmes de pomelos, d'oranges et de citrons verts. 3. Cuire les somité de choux romanesco dans l'eau bouillante salée. Une fois cuits mettre dans une eau glacée. Egoutter, réserver. 4. Enlever le cœur des concombres avant de les débiter en dés. 5. Dans un bol, placer au centre le riz vinaigré, puis ajouter les autres ingrédients.","« Poke bowl Romanesco » est une recette professionnelle METRO (cuisine asiatique), composée de 11 ingrédients et 5 étapes, pour 10 portions, durée 3h.","""Poke bowl Romanesco"" is a professional METRO recipe (asian cuisine), with 11 ingredients and 5 steps, for 10 servings.",https://www.metro.fr/inspiration/recette-chef/asie/poke-bowl-romanesco,METRO France – metro.fr/inspiration/recette-chef
METRO-REC-0228,Ravioli chinois au porc à la citronnelle,asie,Cuisine asiatique,Asian cuisine,,,1.0,25 min,25.0,Moyen,Medium,9,5,80g Farce porc origine France | 15g Échalotes | 20g Citronnelle | 30cl Sauce soja salée | 1 càc Huile vierge de sésame toastée | Sauce chili sriracha Thaï Dancer | Poivre Timut en poudre Thiercelin | 10g Coriandre fraîche | 6 Pâtes à ravioles chinois,"1. Mélanger le porc, avec les échalotes et la citronnelle ciselées, la sauce soja, la sauce sriracha, l'huile de sésame, le poivre timut, et la coriandre fraîche émincée. 2. Réaliser des petites boules de farce. Faire revenir à la poêle. Réserver. 3. Monter les ravioles : placer une boule de farce entre deux carrés de pâtes à ravioles. Souder à l'eau puis découper à l'emporte-pièces rond. 4. Préparer un bouillon à base de sauce soja et de citronnelle. Porter à ébullition pendant 10 min avant d'y cuire les ravioles à frémissement pendant environ 3 min. 5. Dresser les 3 raviolis dans le fond d'une assiette creuse, arroser de bouillon. Finir en ajoutant quelques cébettes.","« Ravioli chinois au porc à la citronnelle » est une recette professionnelle METRO (cuisine asiatique), composée de 9 ingrédients et 5 étapes, pour 1 portion, durée 25 min.","""Ravioli chinois au porc à la citronnelle"" is a professional METRO recipe (asian cuisine), with 9 ingredients and 5 steps, for 1 serving.",https://www.metro.fr/inspiration/recette-chef/asie/ravioli-porc-citronnelle,METRO France – metro.fr/inspiration/recette-chef
METRO-REC-0229,"Risotto au miso, comté, roquette et wasabi",asie,Cuisine asiatique,Asian cuisine,,,7.0,30 min,30.0,Moyen,Medium,9,8,300g Comté | 400g Crème | 33g Miso | 1 Oignon | 460g Riz arborio | Fond Blanc | 10g Persil Plat | 10g Ciboulette | 400g Petites pousses,"1. Couper le comté en petits dés, chauffer la crème et mixer l'ensemble. 2. Étaler le miso sur une plaque et le brûler au chalumeau. 3. Couper les oignons en brunoise, les faire revenir dans l'huile d'olive sans les colorer. 4. Après 1 minute, ajouter du riz et les faire sauter. 5. Ajouter petit à petit le fond blanc, en mélangeant avec une maryse. 6. Lorsque le riz est presque cuit, ajouter les pousses de roquette. 7. Pour terminer la cuisson, ajouter le miso brûlé sur le risotto afin d'obtenir un risotto crémeux. 8. Dresser sur une assiette et décorer avec les jeunes pousses de roquette.","« Risotto au miso, comté, roquette et wasabi » est une recette professionnelle METRO (cuisine asiatique), composée de 9 ingrédients et 8 étapes, pour 7 portions, durée 30 min.","""Risotto au miso, comté, roquette et wasabi"" is a professional METRO recipe (asian cuisine), with 9 ingredients and 8 steps, for 7 servings.",https://www.metro.fr/inspiration/recette-chef/asie/risotto-miso-comte-roquette-wasabi,METRO France – metro.fr/inspiration/recette-chef
METRO-REC-0230,Rouleau de Printemps Chaud,asie,Cuisine asiatique,Asian cuisine,Yoshiaki Ito,,6.0,3h30 min,210.0,Moyen,Medium,21,17,2l Eau | 375cl Vin blanc sec type muscadet | 2 Pieds de cochon entiers | ½ Carotte | ½ Oignon | 1branche Céleri en branche | 2gousses Ails | 2càs Sel | 6 Crevettes sauvages | 150ml Eau | 1càs Maïzena | 2càs Eau | 75g Vinaigre de vin blanc | 30g Sucre cassonnade | 60g Mangue séchée non sucrée | 6feuilles Menthe plate | ½càc Piment d'Espelette | Feuille de rouleau de printemps forme carré (surgelés) | ½pot Persil | ½pot Affilla cress | Fleurs de pensées,"1. La veille, mettre dans une casserole et faire porter à ébullition : l'eau, le vin blanc, les pieds de cochon, la carotte, l'oignon, la branche de céleri, les gousses d'ail et le sel. Après ébullition, laisser mijoter pendant 3h à feu doux et écumer au besoin. 2. Après cuisson, laisser refroidir dans la casserole afin que la viande s'imprègne de toutes les saveurs. 3. Une fois la viande refroidie, la retirer du bouillon, la désosser et la poser sur une plaque. Aplatir la viande afin d'obtenir un rectangle de 2cm d'épaisseur. 4. Filmer et laisser reposer 12 heures au réfrigérateur. 5. Couper des tranches rectangulaires d'environ 6x2x1cm (longueur, hauteur, largeur). Compter 2 tranches par rouleaux de printemps. 6. Décortiquer, vider et couper la crevette en deux dans le sens de la longueur. 7. Dans un récipient, mélanger deux cuillères à soupe d'eau et la maïzena. 8. Dans une casserole, porter à ébullition l'eau, le vinaigre de vin blanc et la cassonnade. 9. Ajouter le mélange eau/maïzena et bien remuer. 10. Détailler en petits carrés des morceaux de mangues séchées. Ciseler les feuilles de menthes et rajouter le tout dans la préparation. Ajouter le piment d'Espelette et bien mélanger. 11. Sur une feuille de rouleau de printemps, déposer au milieu une tranche de pied de cochon, deux tranches de crevettes au-dessus et terminer par une seconde tranche de pieds de cochon. 12. Rabattre les deux côtés de la feuille vers le centre et rouler le rouleau du bas vers le haut. 13. Dans une poêle, faire chauffer de l'huile de colza et du beurre clarifié à mi-hauteur du rouleau de printemps. 14. Faire dorer chaque face du rouleau de printemps environ 2 min et déposer sur du papier absorbant. 15. Dans une assiette creuse, mettre une grosse cuillère à soupe de sauce asiatique. 16. Déposer par-dessus le rouleau de printemps. 17. Dans un récipient, mélanger le persil et l'affilla cress, déposer ensuite ce mélange sur le dessus du rouleau et terminer par des fleurs de pensées.","« Rouleau de Printemps Chaud » est une recette professionnelle METRO (cuisine asiatique) signée Yoshiaki Ito, composée de 21 ingrédients et 17 étapes, pour 6 portions, durée 3h30 min.","""Rouleau de Printemps Chaud"" is a professional METRO recipe (asian cuisine) by Yoshiaki Ito, with 21 ingredients and 17 steps, for 6 servings.",https://www.metro.fr/inspiration/recette-chef/asie/rouleau-printemps-chaud,METRO France – metro.fr/inspiration/recette-chef
METRO-REC-0231,Salade de Sépion,asie,Cuisine asiatique,Asian cuisine,,"Les sépions marinés, sautés à feu vif, et accompagnés de galettes de riz, offrent une fusion parfaite entre cuisine asiatique et fraîcheur. Cette recette combine textures et saveurs pour un plat gourmand et parfumé, idéal pour surprendre vos convives avec une touche d'exotisme.",1.0,30 min,30.0,Moyen,Medium,12,7,400g Sépion | 120g Sauce Thaïlandaise | 2gousses Ail | 10g Huilde d'Olive | 20g Ngoc nap | 4 pcs Feuille de Riz | Roquette Wasabi | 1 botte Coriandre confetti | Eau Tiède | 100g Huile de pépin de raison | 50g Persil plat | 1botte Cresson,"1. Mariner les sépions dans la sauce piquante, l'ail, l'huile d'olive et le ngoc nam. Laisser mariner au moins 1 heure. 2. Tremper les feuilles de riz dans l'eau tiède. 3. Assaisonner la salade avec l'huile d'olive, du vinaigre et du sel et dresser sur une assiette. 4. Chauffer l'huile de pépin de raisin jusqu'à 80°C, mixer avec le persil, passer au chinois. 5. Faire sauter les sépions à feu vif très rapidement ; en moins d'une minute. 6. Dresser les sépions à côté de la salade, avec le jus de cuisson. 7. Placer la galette de riz sur le dressage, finir avec l'huile de persil.","« Salade de Sépion » est une recette professionnelle METRO (cuisine asiatique), composée de 12 ingrédients et 7 étapes, pour 1 portion, durée 30 min.","""Salade de Sépion"" is a professional METRO recipe (asian cuisine), with 12 ingredients and 7 steps, for 1 serving.",https://www.metro.fr/inspiration/recette-chef/asie/salade-sepion,METRO France – metro.fr/inspiration/recette-chef
METRO-REC-0232,Sandwich Poulet Teriyaki,asie,Cuisine asiatique,Asian cuisine,Yoshiaki Ito,,6.0,50 min,50.0,Facile,Easy,13,5,100g Sauce soja salé | 100g Saké | 100g Miel | 6 Cuisses de poulet | Huile de colza | 30g Beurre ½ sel | 30g Moutarde | 3 Œufs durs | 2càs Echalotte ciselé | 2càs Mayonnaise | 2càs Moutarde | Poivre Sichuan | 12tranches Pain de mie,"1. Dans une casserole, porter à ébullition la sauce soja, le saké et le miel. 2. Désosser les cuisses de poulet et assaisonner de sel. Dans une poêle, faire dorer la viande côté peau dans de l'huile de colza. Dégraisser et continuer la cuisson côté peau. Une fois bien doré, on retourne pour obtenir une cuisson homogène et on y ajoute la sauce teriyaki. Les deux côtés du poulet doivent être bien imprégné de la sauce. 3. Dans un récipient, mélanger le beurre demi-sel et la moutarde. 4. Dans un récipient, écraser les œufs durs, ajouter l'échalotte ciselée, la mayonnaise, la moutarde, le poivre Sichuan et mélanger. 5. Toaster les tranches de pain de mie sur une seule face, badigeonner l'autre face de beurre-moutarde. Déposer une pièce de poulet et une grosse cuillère à soupe du mélange mayonnaise et refermer le sandwich avec une nouvelle tranche de pain de mie.","« Sandwich Poulet Teriyaki » est une recette professionnelle METRO (cuisine asiatique) signée Yoshiaki Ito, composée de 13 ingrédients et 5 étapes, pour 6 portions, durée 50 min.","""Sandwich Poulet Teriyaki"" is a professional METRO recipe (asian cuisine) by Yoshiaki Ito, with 13 ingredients and 5 steps, for 6 servings.",https://www.metro.fr/inspiration/recette-chef/asie/sandwich-poulet-teriyaki,METRO France – metro.fr/inspiration/recette-chef
METRO-REC-0233,Soupe à l'oignon,asie,Cuisine asiatique,Asian cuisine,,,2.0,30 min,30.0,Moyen,Medium,8,8,2 Oignons doux | 20g Beurre doux | 50g Dashi | 5g Nuoc-Mâm | 80g Eau | Nouille chinoise | 50g Verts de poireaux | 100g Huile de pépin de raisin,"1. Cuire les oignons au four à 180° pendant 30 min. 2. Éplucher les oignons cuits, les couper en deux et enlever les deux premières couches et les mettre de côté. 3. Émincer le reste et cuire à feu doux jusqu'à l'obtention d'un confit. 4. Mélanger le dashi, le nuoc-mâm et l'eau dans une casserole à feu doux. 5. Cuire les nouilles chinoises et les rouler à l'aide d'une pince et les mettre de côté avant de les faire frire dans une friteuse à 200° jusqu'à ce qu'elles deviennent dorées. 6. Farcir les coques d'oignons mises de côté avec le confit d'oignon. 7. Mixer les verts de poireaux et l'huile de pépin de raisin et passer au chinois. 8. Dresser l'assiette.","« Soupe à l'oignon » est une recette professionnelle METRO (cuisine asiatique), composée de 8 ingrédients et 8 étapes, pour 2 portions, durée 30 min.","""Soupe à l'oignon"" is a professional METRO recipe (asian cuisine), with 8 ingredients and 8 steps, for 2 servings.",https://www.metro.fr/inspiration/recette-chef/asie/soupe-oignon,METRO France – metro.fr/inspiration/recette-chef
METRO-REC-0234,Tarte tamarin et mangues,asie,Cuisine asiatique,Asian cuisine,,,12.0,30 min,30.0,,,16,10,120g Purée de Tamarin | 90g Purée de mangue | 60g Beurre | 180g Oeufs | 5g Gélatine | Sucre semoule | 175g Beurre | 4g Sel | 70g Sucre semoule | 25g Poudre d'amandes | 25g Jaune d'oeuf | 140g Farine T45 | Blanc d'œuf | Crème | 20g Eau | 80g Sucre semoule,"1. Dans une casserole, faire chauffer les purées de tamarin et de mangues. 2. Mélanger l'œuf et le beurre et incorporer ce mélange dans la casserole de purée chaude et mélanger avec un fouet. 3. Ajouter la gélatine fondue dans l'eau glacée, la faire fondre, et passer au chinois sur un autre contenant. 4. Refroidir cette préparation dans l'eau glacée à 40°, et y incorporer le beurre en pommade et le sucre. Mixer avec un barmix. 5. Dans un cercle de 8cm de diamètre, faire couler 40g de crème et congeler. 6. Mélanger le beurre jusqu'à pommade, y ajouter ensuite le sucre semoule, sel et mélanger. 7. Une fois bien ménagé, ajouter les poudres d'amande, bien mélanger. Ensuite, le jaune d'œuf, bien mélanger, ensuite la farine. 8. Laisser reposer au moins une demi-journée, étaler la pâte à 2 mm, et cuire au four à 160° pendant 12-15 min. 9. Réaliser la meringue. 10. Disposer la crème tamarin sur les sablés et décoré de meringue italienne en vus inspirant du visuel.","« Tarte tamarin et mangues » est une recette professionnelle METRO (cuisine asiatique), composée de 16 ingrédients et 10 étapes, pour 12 portions, durée 30 min.","""Tarte tamarin et mangues"" is a professional METRO recipe (asian cuisine), with 16 ingredients and 10 steps, for 12 servings.",https://www.metro.fr/inspiration/recette-chef/asie/tarte-tamarin-mangues,METRO France – metro.fr/inspiration/recette-chef
METRO-REC-0235,"Thon mariné, sauce au boursin et à l'ail noir",asie,Cuisine asiatique,Asian cuisine,,,1.0,40 min,40.0,Moyen,Medium,11,6,40g Thon | 400g Vin Rouge | 60g Sauce Soja | 50g Boursin aux fines herbes | 20g Lait | 200g Lait Ribot | 50g Mascarpone | Eau tiède | 100g Huile de pépin de raisin | 70g Wakamé sec | 40g Wakamé sec,"1. Mariner le thon pendant une nuit dans le vin rouge et la sauce de soja. 2. Laisser tremper le wakamé sec dans l'eau tiède. 3. A l'aide d'un fouet, mélanger la crème boursin, le lait et l'ail noir afin d'obtenir une sauce bien lisse. 4. Mélanger le lait ribot avec le mascarpone à l'aide d'une cuillère en bois et éviter les bulles d'air. 5. Chauffer l'huile à 80°C, mixer avec le wakamé sec. Passer au chinois. 6. Faire sauter le wakamé trempé dans l'eau après l'avoir égoutté, puis faire brûler au chalumeau.","« Thon mariné, sauce au boursin et à l'ail noir » est une recette professionnelle METRO (cuisine asiatique), composée de 11 ingrédients et 6 étapes, pour 1 portion, durée 40 min.","""Thon mariné, sauce au boursin et à l'ail noir"" is a professional METRO recipe (asian cuisine), with 11 ingredients and 6 steps, for 1 serving.",https://www.metro.fr/inspiration/recette-chef/asie/thon-marine-sauce-boursin-ail-noir,METRO France – metro.fr/inspiration/recette-chef
METRO-REC-0236,Tomahawk black angus rôti beurre noisette ail soja,asie,Cuisine asiatique,Asian cuisine,Yoshiaki Ito,,6.0,50 min,50.0,Moyen,Medium,12,8,300g Champignons shitakes gros calibre | 200g Cébettes ou oignon nouveau | Tomahawk Black Angus | Gros sel Maldon | Huile de colza | Beurre ½ sel | Poivre | 2 gousses Ail | Huile d'olive | 50g Beurre doux | 3 càs Sauce soja salé | 3 càs Jus de cuisson de la viande,"1. Retirer la queue des champignons et détailler en julienne. Renouveler l'opération avec la cébette. 2. Faire suer les légumes dans une poêle avec du beurre. Ajouter une pincée de sel. 3. Assaisonner la viande de gros sel. Dans une poêle bien chaude, mettre de l'huile de colza et déposer la pièce de viande. Lorsqu'elle est bien saisie, ajouter le beurre et ne cesser d'arroser avec le jus de cuisson. 4. Continuer la cuisson de la viande au four, à 200°C pendant 2 min, laisser ensuite refroidir sur la même plaque pendant 2 min. Répéter l'opération six fois. 5. Dans une casserole, déposer l'ail finement haché avec un filet d'huile d'olive. 6. Dans une autre casserole, faire fondre le beurre jusqu'à obtention d'un beurre noisette. 7. L'ajouter au mélange précédent et ajouter également la sauce soja et le jus de cuisson de la viande, bien mélanger. 8. Placer la viande sur une assiette, poivrer et ajouter la sauce. Déposer les légumes à côté.","« Tomahawk black angus rôti beurre noisette ail soja » est une recette professionnelle METRO (cuisine asiatique) signée Yoshiaki Ito, composée de 12 ingrédients et 8 étapes, pour 6 portions, durée 50 min.","""Tomahawk black angus rôti beurre noisette ail soja"" is a professional METRO recipe (asian cuisine) by Yoshiaki Ito, with 12 ingredients and 8 steps, for 6 servings.",https://www.metro.fr/inspiration/recette-chef/asie/tomahawk-black-angus-soja,METRO France – metro.fr/inspiration/recette-chef
METRO-REC-0237,Bagel de gambas,snacking,Snacking,Snacking & sandwiches,,Surprenez vos clients avec cette recette de bagel de gambas au guacamole et à la mangue.,1.0,20 min,20.0,Facile,Easy,12,4,2 Avocat | 3g Piment doux | 2 Jus de citron vert | ½botte Coriandre | ½ Oignons rouges | 1 Mangue | 1 Oignon rouge | ½botte Coriandre | 1 Piment rouge | 1 Bagel pavot | 4 Gambas 6/8 | 5 Feuilles de basilic,"1. Mixer tous les ingrédients dans un mixeur et rectifier l'assaisonnement. 2. Tailler tous les ingrédients en brunoise et les mélanger. 3. Toaster le pain bagel sur ses deux faces, ajouter le guacamole et les condiments mangue. 4. Poêler les gambas très rapidement et les disposer en rosace avec une feuille de basilic.","« Bagel de gambas » est une recette professionnelle METRO (snacking), composée de 12 ingrédients et 4 étapes, pour 1 portion, durée 20 min.","""Bagel de gambas"" is a professional METRO recipe (snacking & sandwiches), with 12 ingredients and 4 steps, for 1 serving.",https://www.metro.fr/inspiration/recette-chef/snacking/bagel-gambas,METRO France – metro.fr/inspiration/recette-chef
METRO-REC-0238,Banh Mi au poulet mariné et pickles,snacking,Snacking,Snacking & sandwiches,Alex Cook,,1.0,20 min,20.0,Facile,Easy,14,17,"2 filets Poulet jaune | 2 c.à.s Sauce Hoisin | 3 c.à.s Sauce soja sucrée | 1 c.à.s Vinaigre de riz | 1 c.à.s Huile de sésame | 1 c.à.c Gingembre moulu | 2 gousses Ail haché | 1 Carotte | 1 Oignon | 2 c.à.s Vinaigre de riz | 1 c.à.s Sucre semoule | Coriandre fraîche, pour la garniture | 2 c.à.s Mayonnaise | 1 c.à.s Sauce Hoisin","1. Dans un bol, mélanger la sauce Hoisin, la sauce soja sucrée, le vinaigre de riz, l'huile de sésame, le gingembre moulu et l'ail haché 2. Placer les filets de poulet dans un plat peu profond et les recouvrir de la marinade 3. Laisser mariner au réfrigérateur pendant au moins 20/30 minutes, ou idéalement pendant plusieurs heures 4. Éplucher et tailler la carotte en julienne, émincer finement l'oignon 5. Dans un bol, mélanger le vinaigre de riz et le sucre semoule jusqu'à ce que le sucre soit dissous 6. Ajouter les carottes râpées et les oignons émincés dans le mélange vinaigre-sucre 7. Laisser mariner pendant au moins 15 à 20 minutes pour obtenir des légumes légèrement marinés 8. Préchauffer une poêle à feu moyen et ajouter un peu d'huile 9. Retirer les filets de poulet de la marinade et les faire cuire dans la poêle préchauffée pendant environ 6 à 8 minutes de chaque côté 10. Retirer du feu et laisser reposer quelques minutes avant de trancher 11. Dans un petit bol, mélanger la mayonnaise et la sauce Hoisin jusqu'à obtenir une sauce homogène 12. Couper les baguettes de pain en deux sur la longueur, sans les diviser complètement 13. Étaler généreusement la sauce Hoisin-mayonnaise sur chaque demi-baguette 14. Disposer les tranches de poulet cuit sur la sauce 15. Ajouter une bonne quantité de légumes en pickles sur le poulet 16. Garnir de feuilles de coriandre fraîche 17. Refermer les baguettes et servir immédiatement","« Banh Mi au poulet mariné et pickles » est une recette professionnelle METRO (snacking) signée Alex Cook, composée de 14 ingrédients et 17 étapes, pour 1 portion, durée 20 min.","""Banh Mi au poulet mariné et pickles"" is a professional METRO recipe (snacking & sandwiches) by Alex Cook, with 14 ingredients and 17 steps, for 1 serving.",https://www.metro.fr/inspiration/recette-chef/snacking/banh-mi-poulet-pickles,METRO France – metro.fr/inspiration/recette-chef
METRO-REC-0239,Croc-Mazz,snacking,Snacking,Snacking & sandwiches,Alexandre Mazzia,"Découvrez ce croque revisité par Alexandre Mazzia avec des oignons frits, du cèleri, une marinade de butternut et des algues.",2.0,10 min,10.0,Moyen,Medium,12,22,20cl Huile pépins raisins | 20cl Huile coriandre | 20cl Vinaigre ginger | 20cl Sauce soja | 200g Pain céréales non-tranché ou 4 tranches | 150g Oignons rouges | 100g Céleris raves entiers | 50g Pousses d'épinards fraîches (ou herbes fraîches équeutées) | 200g De butternut (selon saison ou autres légumes) | 200g Philadelphia | 150g Algues fraîches dulcées | 4 Belles lamelles de comté millésimé de 2mm d'épaisseur,"1. La veille : 2. Éplucher et trancher le céleri en tranche fines et le reconstituer. 3. Confire le céleri entier épluché avec 2 morceaux de beurre en papillote. 4. Mettre au four à 180° C pendant 1h avec papier cuisson et aluminium. 5. Laisser refroidir dans l'emballage. 6. Dessaler les algues en les laissant tremper dans l'eau, rincer et renouveler l'opération 3 fois. 7. Le jour même : 8. Laver tous les légumes. 9. Eplucher et émincer les oignons rouges et les faire suer à l'huile d'olive, confire à feu doux et ajouter les épices (cumin, gingembre). 10. Préparer la marinade : assembler tous les éléments. 11. Éplucher et tailler la butternut ou courge en lamelles de 1mm d'épaisseur. 12. Prévoir 2 lamelles par CROC. 13. Rincer et bien essorer les algues dessalées, les hacher finement et les mélanger au Philadelphia. 14. Saler, poivrer. Assembler 1/3 algues pour 2/3 de Philadelphia (variante avec truffes également). 15. Mariner les lamelles de butternut 10 mn dans la marinade, égoutter. 16. Sur la 1ère tranche de pain, étaler une couche d'oignons confits. 17. Disposer par-dessus les lamelles de comté et les tranches de butternuts marinées. 18. Sur la 2ème tranche : étaler une belle couche de Philadelphia aux algues, puis 2 belles tranches de céleri confit et finir avec les pousses d'épinard. 19. Rassembler les 2 tranches et former le CROC. 20. Badigeonner du beurre clarifié au pinceau sur chaque face. 21. Mettre sous la presse du grill et quadriller chaque face en appuyant légèrement. 22. Finir 5mn au four à 160 C°.","« Croc-Mazz » est une recette professionnelle METRO (snacking) signée Alexandre Mazzia, composée de 12 ingrédients et 22 étapes, pour 2 portions, durée 10 min.","""Croc-Mazz"" is a professional METRO recipe (snacking & sandwiches) by Alexandre Mazzia, with 12 ingredients and 22 steps, for 2 servings.",https://www.metro.fr/inspiration/recette-chef/snacking/croc-oignon-celeri-butternut,METRO France – metro.fr/inspiration/recette-chef
METRO-REC-0240,Croque ragazzo,snacking,Snacking,Snacking & sandwiches,,,1.0,15 min,15.0,Facile,Easy,11,6,20g Moutarde | 20g Moutarde grains | 1 pièce Oignons | 4 pièces Champignons de paris | 10g Miel | 5cl Huile d'olive | 1/3 botte Persil | 8 tranches Pain de campagne semi complet | 120g Scarmoza | 140g Bresaola | 30g Roquette,"1. Ciseler l'oignon et émincer les champignons, les rôtir à l'huile d'olive puis ajouter le miel. 2. Laisser caraméliser une petite minute, puis ajouter les moutardes et laisser cuire à feu très doux 6 à 8 minutes. 3. Ajouter le persil ciselé. 4. Toaster le pain de campagne, puis dans l'ordre poser le condiment moutarde, la scarmoza, la bresaola, la roquette. 5. Réaliser une seconde fois et monter comme un club sandwich. 6. Arroser d'huile d'olive et quelques tours de moulin à poivre.","« Croque ragazzo » est une recette professionnelle METRO (snacking), composée de 11 ingrédients et 6 étapes, pour 1 portion, durée 15 min.","""Croque ragazzo"" is a professional METRO recipe (snacking & sandwiches), with 11 ingredients and 6 steps, for 1 serving.",https://www.metro.fr/inspiration/recette-chef/snacking/croque-ragazzo,METRO France – metro.fr/inspiration/recette-chef
METRO-REC-0241,Goa Bao Yansai,snacking,Snacking,Snacking & sandwiches,Vincent Boccara,"Laissez-vous transporter par l'incroyable fusion des saveurs du Goa Bao Yansai, réinterprétation audacieuse d'un classique de la cuisine asiatique.",12.0,1h,60.0,Difficile,Hard,32,22,1 càs Levure sèche | 250ml Eau tiède | 2càs Sucre blanc | 500g Farine blanche | 10g Sel | PM Huile | 500g Poitrine de porc | PM Huile | 2gousses Ail | 50g Gingembre | 1sachet Mélange 5 épices | 10g Cannelle en poudre | 15cl Vinaigre de riz | 15cl Sauce soja claire | 1càs Sucre de canne | 15cl Eau | 1cuisse Poulet désossée | PM Sauce soja claire | 1càs Ail en poudre | 1càs Oignons en poudre | 1càs Paprika | 100g Farine | 1 Pavé de saumon avec la peau | PM Huile | 100g Barbecue chinoise | 1/2 Concombre | 100g Salade mâche | 100g Mayonnaise | 50g Sauce sriracha | 100g Pickles de chou rouge | 50g Cacahuètes grillées | 50g Oignons frits,"1. Dans un petit bol, mélanger la levure avec l'eau et le sucre. Laisser quelques minutes pour que le sucre se dissolve et que le mélange mousse 2. Dans un grand saladier ou dans le bol du robot, verser la farine, le sel, le mélange levure-eau-sucre 3. Ajouter l'huile 4. Pétrir 5-6 min, jusqu'à obtenir une pâte souple et élastique qui ne colle pas au bol 5. Couvrir d'un torchon propre et laisser lever 1h30 environ pour que la pâte double de volume 6. Diviser la pâte en 2 boules de 38 g environ et former avec un rouleau des bandes de 16 x 8 cm de forme ovale 7. Découper des tranches de 1 cm d'épaisseur 8. Dans une marmite avec un filet d'huile, faire revenir le porc en mélangeant pour éviter qu'il ne colle 9. Ajouter la marinade ail râpé, gingembre râpé, 1 càs de mélange 5 épices, 1 càc de cannelle en poudre, 15 cl de vinaigre de riz, 15 cl de sauce soja claire, 1 càs de sucre de canne et 15 cl d'eau 10. Laisser mijoter 40 min 11. Découper la cuisse de poulet en 5 morceaux faire mariner avec la sauce soja, l'ail en poudre, les oignons en poudre, et le paprika pendant 30 min minimum 12. Mettre le poulet mariné dans la farine et laisser reposer 5 min avant la 1ère friture 13. Pour la friture, premier bain d'huile à 160°C et 2ème bain à 180°C avant de servir 14. Découper des tranches de saumon de 1 cm et garder la peau 15. Dans une poêle faire revenir avec un peu d'huile pour dorer la peau pendant 2 min et pour garder le saumon fondant 16. Au four vapeur ou, dans un panier vapeur (recommandé), disposer les petits pains avec un papier cuisson pour éviter qu'ils accrochent 17. Laisser de la place entre chaque GOA BAO pendant la cuisson ils risquent de gonfler 18. Faire cuire pensant 10 min 19. Dans une boite à emporter format 3 pièces, remplir chaque GOA BAO YANSAI généreusement 20. Ouvrir le GOA BAO YANSAI, tartiner avec la sauce barbecue chinoise, déposer des lamelles fines de concombre et de la mâche 21. Prendre pour chacun, un morceau de poulet, de porc et de saumon 22. Rajouter le mélange de mayonnaise et de sauce sriracha, mettre de la couleur et de la texture avec les pickles de chou rouge, les cacahuètes grillées et les oignons frits","« Goa Bao Yansai » est une recette professionnelle METRO (snacking) signée Vincent Boccara, composée de 32 ingrédients et 22 étapes, pour 12 portions, durée 1h.","""Goa Bao Yansai"" is a professional METRO recipe (snacking & sandwiches) by Vincent Boccara, with 32 ingredients and 22 steps, for 12 servings.",https://www.metro.fr/inspiration/recette-chef/snacking/goa-bao-yansai,METRO France – metro.fr/inspiration/recette-chef
METRO-REC-0242,Hot-dog mexicain,snacking,Snacking,Snacking & sandwiches,,"Découvrez notre version revisité du hot dog à la mexicaine, une version gourmande et épicée du classique hot-dog. Parfait pour surprendre vos convives, ce hot-dog revisité associe une saucisse de bœuf fondante, un chili con carne relevé et des garnitures généreuses comme la mozzarella fondue et les oignons frits.",1.0,20 min,20.0,Facile,Easy,17,8,2 gousses Ail | 2 Oignons | Huile d'olive | 400g Viande de bœuf hachée | 2 Tomates | 300g Haricots rouges en boîte | 2 c.a.c. Cumin | 3 tranches Jalapeno vert | 20cl Jus de tomates | 1 c.a.s Soupe d'origan séché | Pain hot-dog | 40g Mozzarella cossette | 1 Saucisse de bœuf | Ketchup | 10g Oignons frits | ½ c.a.c Piment de Cayenne | Feuilles de coriandre,"1. Hacher les oignons et l'ail et faire revenir dans une cocotte avec l'huile. 2. Ajouter la viande hachée, ajouter les tomates mondées, épépinées et coupées en dés. 3. Ajouter les épices et le jus de tomates et laisser mijoter 10 min. 4. Égoutter les haricots et les ajouter au mélange, cuire 30 min à feu doux. 5. Rectifier l'assaisonnement. Le tout doit être bien réduit. 6. Réchauffer le pain à hot-dog au four quelques secondes avec un peu de mozzarella, tiédir la saucisse de bœuf dans de l'eau frémissante et assembler le tout. 7. Ajouter un trait de sauce moutarde jaune et de ketchup. 8. Ajouter sur le dessus du chili con carne bien réduit, les oignons frits le piment de Cayenne et la coriandre.","« Hot-dog mexicain » est une recette professionnelle METRO (snacking), composée de 17 ingrédients et 8 étapes, pour 1 portion, durée 20 min.","""Hot-dog mexicain"" is a professional METRO recipe (snacking & sandwiches), with 17 ingredients and 8 steps, for 1 serving.",https://www.metro.fr/inspiration/recette-chef/snacking/hot-dog-mexicain,METRO France – metro.fr/inspiration/recette-chef
METRO-REC-0243,Kebab de cuisses de poulet,snacking,Snacking,Snacking & sandwiches,,,1.0,45 min,45.0,Facile,Easy,14,8,"8g Ail en poudre | 2,5kg Haut de cuisse de poulet désossé | 8g Cumin en poudre | 10g Gingembre en poudre | 50g Huile de soja | 50g Huile de sésame | 10g Piment doux en poudre | Sel/poivre | 20g Vinaigre de riz | ¼ Chou rouge | 1 Citron vert | Tortilla 30cm | 100g Mozzarella cossettes | 2 Feuilles de salade romaine","1. Placer la viande dans un bac avec le reste des ingrédients et laisser mariner 24h. 2. Embrocher sur le pic à kebab. 3. Cuire la broche pendant 1h30 à feu doux tout en laquant la viande avec le reste de la marinade à l'aide d'un pinceau jusqu'à l'obtention d'une belle caramélisation. 4. Tailler très finement le chou rouge à l'aide d'une mandoline ou trancheuse à jambon. 5. Laisser mariner dans le jus de citron vert pendant 15 min. 6. Tailler très finement la viande de poulet (kebab), dans une tortilla de 30cm. 7. Placer au milieu les deux grandes feuilles de salade romaine puis placer 50g de chou rouge mariné, 90g de poulet mariné en tranches et la mozzarella en cossettes. 8. Rouler le burrito et le colorer sur une plancha de chaque face.","« Kebab de cuisses de poulet » est une recette professionnelle METRO (snacking), composée de 14 ingrédients et 8 étapes, pour 1 portion, durée 45 min.","""Kebab de cuisses de poulet"" is a professional METRO recipe (snacking & sandwiches), with 14 ingredients and 8 steps, for 1 serving.",https://www.metro.fr/inspiration/recette-chef/snacking/kebab-cuisses-poulet,METRO France – metro.fr/inspiration/recette-chef
METRO-REC-0244,Le bobun,snacking,Snacking,Snacking & sandwiches,Vincent Boccara,Retrouvez l'authenticité d'un incontournable de la cuisine vietnamienne avec notre Bobun dont les saveurs vous invitent au voyage à chaque bouchée.,1.0,30 min,30.0,Facile,Easy,14,18,1 sachet Vermicelles de riz | 1 Carotte | 1 Concombre | 20g Cacahuètes grillées | 10 feuilles Menthe | 300g Brocolis | 100g Gingembre | 1 botte Coriandre | 240g Pois chiches | Sel | Poivre | 1 Batavia | 2 Nems au poulet | 20g Oignons frits,"1. Dans une grande casserole faire chauffer de l'eau pour les vermicelles de riz 2. Porter à ébullition et ajouter un filet d'huile 3. Mettre le sachet de vermicelles de riz et cuire 3 min pour avoir une texture souple mais solide à la fois 4. Bien rincer à l'eau très froide pour stopper la cuisson 5. Découper les carottes et le concombre en morceaux de 5 cm et à l'aide de la mandoline faire des lamelles fines 6. Dans un mortier, écraser légèrement les cacahuètes grillées 7. Prendre pour 1 portion de bobun 10 feuilles de menthe et les découper finement 8. Faire bouillir de l'eau avec du gros sel et cuire le brocoli 9. Dans un mixeur, mettre le brocoli cuit, le sel, le poivre, le gingembre, la coriandre moulue et la coriandre fraiche 10. Faire un premier tour de mixeur pour avoir une bonne consistance et ajouter la boite de pois chiche, et refaire un voir deux tours de mixeur 11. Verser le tout dans un bol, ajouter s'il le faut du sel et poivre (à votre gout) 12. Faire dans la paume de la main des boules de 2 à 3 cm de diamètre 13. Faire chauffer de l'huile à 170°C et mettre à frire les boules de falafels pendant 3 min pour avoir une texture croquante et une couleur dorée 14. Faire frire 2 nems au poulet et les découper en 2 pour le dressage 15. Dans un bol contenant à emporter, mettre la batavia découpée dans le fond, disposer une portion de vermicelles de riz 16. Disposer des carottes et du concombre à votre convenance 17. 1 càs de cacahuètes grillées concassées, une pincée de menthe ciselée et les oignons frits 18. 2 pièces de nems découpées en 2 et les 5 boules de falafels","« Le bobun » est une recette professionnelle METRO (snacking) signée Vincent Boccara, composée de 14 ingrédients et 18 étapes, pour 1 portion, durée 30 min.","""Le bobun"" is a professional METRO recipe (snacking & sandwiches) by Vincent Boccara, with 14 ingredients and 18 steps, for 1 serving.",https://www.metro.fr/inspiration/recette-chef/snacking/bobun,METRO France – metro.fr/inspiration/recette-chef
METRO-REC-0245,Le double cheese de festival,snacking,Snacking,Snacking & sandwiches,Vincent Boccara,Notre Double Cheese de Festival porte si bien nom en mêlant les saveurs de son fromage délicieusement fondant et la tendresse de sa viande grillée.,1.0,15 min,15.0,Moyen,Medium,12,15,1 Oignon rouge | 200g Bœuf haché | Sel | Poivre noir | 4 tranches Cheddar | 1 càc Gros poivre steak | 1 Bun brioché | 10g Beurre | 1 càc Fleur de sel | 1 càs Mayonnaise | 3 rondelles Cornichons | 1 càs Ketchup,"1. Dans une friteuse, faire frire les oignons rouges coupés en tranches très fines avec la mandoline 2. Cuire jusqu'à obtenir une texture croustillante et une couleur bien dorée des oignons 3. Les déposer sur une feuille d'essuie-tout pour absorber l'huile 4. Sur la planche réglée à 225°C, déposer le bœuf haché divisé en 2 steaks de 100 g 5. Bien assaisonner avec sel et poivre 6. Lorsque le steak est cuit sur la 1er face, le retournez puis déposer 2 tranches de cheddar sur chaque steak et une pincée de gros poivre à steak 7. Mettre sous cloche pour faire fondre le fromage 8. Découper le bun brioché en 2, tartiner avec du beurre et de la fleur de sel 9. Déposer sur la planche à 180°C pour bien dorer l'intérieur du bun 10. Monter le burger en commençant par 1 càs de mayonnaise puis les oignons frits 11. Déposer le 1er steak avec le fromage fondu, des oignons frits et le 2ème steak avec le fromage fondu 12. Placer 3 rondelles de cornichons et tartiner le bun du dessus avec 1 càs de ketchup 13. Mettre 2 piques sur le burger et le découper en 2 14. Sur la plancha à 225°C, ajoutez un peu de beure et déposer le pain vers l'intérieur du burger pendant 1 min pour avoir une texture grillée du pain, du steak et du cheddar 15. Dans une boite à burger à emporter à 2 compartiments, déposer le burger coupé en 2 dans une partie et une bonne portion de frites ou une salade verte dans l'autre partie de la boite","« Le double cheese de festival » est une recette professionnelle METRO (snacking) signée Vincent Boccara, composée de 12 ingrédients et 15 étapes, pour 1 portion, durée 15 min.","""Le double cheese de festival"" is a professional METRO recipe (snacking & sandwiches) by Vincent Boccara, with 12 ingredients and 15 steps, for 1 serving.",https://www.metro.fr/inspiration/recette-chef/snacking/double-cheese-festival,METRO France – metro.fr/inspiration/recette-chef
METRO-REC-0246,Le Veggitaly,snacking,Snacking,Snacking & sandwiches,,Embarquez pour l'Italie avec cette recette de bagel végane généreux en mozzarella et en tapenade poivrons tomates jaunes.,1.0,10 min,10.0,Facile,Easy,5,5,"1 Pain vegan topping nigelle bio Pur Pain | 50g Tranches vegan saveur mozza | 30g Tapenade poivrons tomates jaunes | 0,5 Tomate Intense | 10g Germes de radis","1. Toaster les 2 bases du bagel. 2. Tartiner avec la tapenade. 3. Poser sur la base du pain 2 tranches de fromage végan saveur mozza, puis 3 tranches de tomates Intense. 4. Ajouter sur le dessus une poignée de pousses de radis, puis déposer un filet d'huile d'olive. 5. Parsemer la garniture d'une pincée de sel, et d'une poignée d'oignons crispy, puis refermer avec le pain supérieur.","« Le Veggitaly » est une recette professionnelle METRO (snacking), composée de 5 ingrédients et 5 étapes, pour 1 portion, durée 10 min.","""Le Veggitaly"" is a professional METRO recipe (snacking & sandwiches), with 5 ingredients and 5 steps, for 1 serving.",https://www.metro.fr/inspiration/recette-chef/snacking/veggitaly,METRO France – metro.fr/inspiration/recette-chef
METRO-REC-0247,Mini bucket de poulet frit,snacking,Snacking,Snacking & sandwiches,Vincent Boccara,"Découvrez le plaisir croustillant de notre mini bucket de poulet frit. Rapide à préparer, c'est une valeur sûre à déguster en toute simplicité.",10.0,1h,60.0,Facile,Easy,19,14,5kg Cuisses de poulet désossées | 5kg Ailes de poulet | 200ml Sauce soja claire | 200ml Mirin japonais | 100ml Huile de tournesol | 50ml Huile de sésame | 100g Gingembre | 100g Ail | 2càs Sel | 2càs Poivre noir | 200g Farine | 100g Fécule de pomme de terre | 1càs Sel | 1càs Poivre noir | 100g Miel | 200g Confiture d'abricot | 100g Poudre de piment doux | 50g Cacahuètes grillées | 20g Sésame torréfié,"1. Découper les cuisses de poulet en 5 morceaux 2. Découper les ailes de poulet en 3 parties (ne pas utiliser l'ailette) 3. Mettre dans 2 bacs différents le poulet et mélanger avec le sel, le poivre, le mirin, les huiles, l'ail haché ainsi que le gingembre découpé en petit morceaux et la sauce soja 4. Laisser mariner 30 min minimum 5. Dans un long bac gastro, mélanger la farine, la fécule, 1 càs de sel et 1 càs de poivre noir 6. Mettre le poulet mariné dans le mélange de farine pour avoir une couche légère et uniforme avant la friture 7. Laisser le poulet humidifier légèrement la farine qui le recouvre et commencer la première friture dans un bain d'huile à 160°C pendant 8 min 8. Une fois le poulet bien doré, il faut le laisser refroidir à température ambiante 9. Dans une petite casserole, faire revenir la sauce pour les ailes de poulet en mélangeant le miel, la confiture d'abricot et le piment doux 10. En fin de cuisson, rajouter les cacahuètes concassées 11. Faire le 2ème bain d'huile à 180°C 2 min pour donner le croustillant et le doré finale avant le dressage 12. Préparer le dressage en positionnant les morceaux de poulet (5 pièces) dans le contenant à emporter et recouvrir de mayonnaise et de fleur de sel 13. Pour les ailes, après le 2ème bain d'huile à 180°C, les mélanger dans un bol avec 3 càs de la sauce légèrement chaude 14. Pour le dressage dans le contenant à emporter mettre du sésame torréfié et de la ciboulette coupée finement pour la décoration","« Mini bucket de poulet frit » est une recette professionnelle METRO (snacking) signée Vincent Boccara, composée de 19 ingrédients et 14 étapes, pour 10 portions, durée 1h.","""Mini bucket de poulet frit"" is a professional METRO recipe (snacking & sandwiches) by Vincent Boccara, with 19 ingredients and 14 steps, for 10 servings.",https://www.metro.fr/inspiration/recette-chef/snacking/mini-bucket-poulet-frit,METRO France – metro.fr/inspiration/recette-chef
METRO-REC-0248,Pita poulet épices Schwarma,snacking,Snacking,Snacking & sandwiches,Yoni Saada,,4.0,25 min,25.0,Moyen,Medium,13,8,4 Cuisse poulet | 25g Épices Schwarma | 1 cas Miel | 1 barquette Shiso rouge | 1 Poivron rouge | 1 Poivron jaune | 1 gousse Ail | 1 Avocat | 8 Tomates cerises | 2 Oignons nouveaux | 1 Citron vert | 20g Graines de lin | 5cl Huile d'olive,"1. Tailler les cuisses de poulet en lamelles et mariner aux épices schwarma. 2. Cuire à la poêle, caraméliser avec le miel et piquer en brochettes. 3. Ajouter le shiso rouge dessus. 4. Cuire à l'eau bouillante salée les poivrons pour retirer facilement la peau. 5. Mariner à l'huile d'olive et la gousse d'ail. 6. Écraser à la fourchette l'avocat et ajouter les herbes ciselées, le zeste du citron vert et le jus. 7. Tailler les tomates cerises en 2. 8. Émincer les oignons nouveaux.","« Pita poulet épices Schwarma » est une recette professionnelle METRO (snacking) signée Yoni Saada, composée de 13 ingrédients et 8 étapes, pour 4 portions, durée 25 min.","""Pita poulet épices Schwarma"" is a professional METRO recipe (snacking & sandwiches) by Yoni Saada, with 13 ingredients and 8 steps, for 4 servings.",https://www.metro.fr/inspiration/recette-chef/snacking/poulet-epice-schwarma,METRO France – metro.fr/inspiration/recette-chef
METRO-REC-0249,Ruben sandwich au corned beef,snacking,Snacking,Snacking & sandwiches,,,4.0,6h,360.0,Difficile,Hard,13,8,"1,5kg Brisket de bœuf | 2càs Sel | 1càs Poivre noir moulu | 2càs Paprika fumé | 1 Ail écrasé | 2 Oignons écrasé | 1càs Sucre brun | 3tasses Bouillon de bœuf | 8tranches Pain de seigle ou pain de mie | 200g Choucroute déglacée à la bière et caramélisée | 8tranches Fromage suisse mélangé à 100 g de béchamel (type sauce mornay) | 4càs Moutarde à l'ancienne avec 1/2 cc de miel | Beurre pour griller","1. Assaisonner le brisket avec le sel, le poivre, le paprika fumé, l'ail, l'oignon et le sucre brun 2. Le placer dans une cocotte avec le bouillon de bœuf 3. Couvrir à hauteur et faire cuire à feu doux pendant environ 4 à 5 heures jusqu'à ce qu'il soit tendre 4. Laisser refroidir légèrement et trancher finement 5. Prendre une tranche de pain de seigle et la tartiner de moutarde arrangée 6. Ajouter une couche de tranches de brisket, une portion de choucroute et faire couler la sauce mornay 7. Recouvrir avec une autre tranche de pain tartinée de sauce 8. Beurrer l'extérieur des tranches de pain et faire griller le sandwich dans une poêle chaude jusqu'à ce que le pain soit doré et croustillant et que le fromage soit fondu : environ 3 à 4 minutes de chaque côté","« Ruben sandwich au corned beef » est une recette professionnelle METRO (snacking), composée de 13 ingrédients et 8 étapes, pour 4 portions, durée 6h.","""Ruben sandwich au corned beef"" is a professional METRO recipe (snacking & sandwiches), with 13 ingredients and 8 steps, for 4 servings.",https://www.metro.fr/inspiration/recette-chef/snacking/ruben-corned-beef,METRO France – metro.fr/inspiration/recette-chef
METRO-REC-0250,Sando Chocolat noisettes,snacking,Snacking,Snacking & sandwiches,Walter Ishizuka,Une recette de dessert japonais à base de chocolat et de noisettes.,2.0,25 min,25.0,Facile,Easy,7,6,60g Pistoles de chocolat | 30g Pâte pralinées | 80g Sauce choco-noisettes | 20g Noisettes sans peau | 10g Beurre clarifié | 4 tranches Shokupan | Zestes d'orange,"1. Faire fondre le chocolat au bain-marie, puis incorporer avec un fouet la pâte pralinée 2. Zester une orange, puis mélanger à la sauce, on réserve et on garde tiède 3. Torréfier les noisettes entières au four chauffé à 200°C sur une plaque à cuisson 4. Une fois torréfiée, les concasser ! 5. Étaler la sauce choco-noisette et les noisettes concassées sur une tranche de shokupan 6. Fermer les sando et le couper en deux","« Sando Chocolat noisettes » est une recette professionnelle METRO (snacking) signée Walter Ishizuka, composée de 7 ingrédients et 6 étapes, pour 2 portions, durée 25 min.","""Sando Chocolat noisettes"" is a professional METRO recipe (snacking & sandwiches) by Walter Ishizuka, with 7 ingredients and 6 steps, for 2 servings.",https://www.metro.fr/inspiration/recette-chef/snacking/sando-chocolat-noisettes,METRO France – metro.fr/inspiration/recette-chef
METRO-REC-0251,Sandwich Cabanon,snacking,Snacking,Snacking & sandwiches,,,10.0,20 min,20.0,Facile,Easy,7,6,200g Confiture de figues | 300g Camembert de Normandie A.O.P. | 10tranches Pain pochon | 300g Lardons fumés | 2 Asperges vertes | 80g Cerneaux de noix Arlequin | 1 Cébette,"1. Cuire le pain et le trancher. 2. Étaler sur le pain la confiture de figues, puis déposer les tranches de camembert. 3. Mettre au four pendant 3min à 180°C pour faire fondre le fromage. 4. Poêler les lardons fumés et les déposer sur le fromage, ainsi que les noix finement concassées. 5. Finir la présentation avec les asperges coupées en 2 et les cébettes coupées en biseau sur la surface. 6. Pour que vos asperges conservent une belle couleur : les cuire à l'anglaise (à l'eau bouillante salée) pendant 1min et refroidir dans l'eau glacée pour qu'elles restent bien vertes.","« Sandwich Cabanon » est une recette professionnelle METRO (snacking), composée de 7 ingrédients et 6 étapes, pour 10 portions, durée 20 min.","""Sandwich Cabanon"" is a professional METRO recipe (snacking & sandwiches), with 7 ingredients and 6 steps, for 10 servings.",https://www.metro.fr/inspiration/recette-chef/snacking/tartine-cabanon,METRO France – metro.fr/inspiration/recette-chef
METRO-REC-0252,Sandwich L'Hot Veggie,snacking,Snacking,Snacking & sandwiches,,,10.0,20 min,20.0,Facile,Easy,10,7,10 Pain hot dog nature bio | 10cl Sauce soja | 10 Steaks de légumes mi-séchés et grillés | 2 sachets 500g Germes de soja | 1 Chou chinois | 4 Carottes | 1 Courgette ronde | 300g Bloc de tofu | 1cac/sandwich Perles culinaires saveur wasabi | 150g Arachides blanches crues,"1. Trancher le pain hot dog et le toaster. 2. Tailler finement des lamelles de courgette et les déposer sur le pain inférieur. 3. Déposer les chips de carottes fanes taillées à la mandoline. 4. Couper en 2 la saucisse de tofu et la déposer sur le pain. 5. Ajouter les germes de soja et le chou chinois préalablement émincé et assaisonné avec la sauce de soja. 6. Ajouter sur le dessus les cacahuètes concassées et les billes de wasabi puis refermer le pain. 7. Pour réaliser votre saucisse de tofu : prenez un steak de légumes, mixez-le avec le tofu, faites une ballotine avec un papier film et cuisez-la à la vapeur pendant 10min à 100°.","« Sandwich L'Hot Veggie » est une recette professionnelle METRO (snacking), composée de 10 ingrédients et 7 étapes, pour 10 portions, durée 20 min.","""Sandwich L'Hot Veggie"" is a professional METRO recipe (snacking & sandwiches), with 10 ingredients and 7 steps, for 10 servings.",https://www.metro.fr/inspiration/recette-chef/snacking/sandwich-hot-veggie,METRO France – metro.fr/inspiration/recette-chef
METRO-REC-0253,Sandwich L'Oriental,snacking,Snacking,Snacking & sandwiches,,,10.0,20 min,20.0,Facile,Easy,8,6,250g Cream Cheese nature Philadelphia | 20g Sel | 10 Pain maxi panini au sésame ou Panini graines | 2 Oignons rouges | 20g Cumin moulu | 300g Lamelles de kebab méditerranéen | 20g Poivre 5 baies | 200g Pois chiches boîte,"1. Toaster le pain. 2. Déposer la crème de pois chiches sur la tranche inférieure du pain. 3. Disposer sur toute la surface les lamelles de kebab rôties. 4. Ajouter les oignons rouges coupés en rondelles, ainsi que quelques pois chiches entiers. 5. Refermer avec la partie supérieure du pain. 6. Pour réaliser une crème de pois chiches ""maison"", mélangez le Cream Cheese avec les pois chiches, assaisonnez avec une pincée de sel, de poivre et du cumin, puis mixez le tout.","« Sandwich L'Oriental » est une recette professionnelle METRO (snacking), composée de 8 ingrédients et 6 étapes, pour 10 portions, durée 20 min.","""Sandwich L'Oriental"" is a professional METRO recipe (snacking & sandwiches), with 8 ingredients and 6 steps, for 10 servings.",https://www.metro.fr/inspiration/recette-chef/snacking/sandwich-oriental,METRO France – metro.fr/inspiration/recette-chef
METRO-REC-0254,Sandwich Le Alfi,snacking,Snacking,Snacking & sandwiches,Vincent Boccara,"Création de Vincent Boccara, le sandwich Le Alfi revisite un incontournable de la restauration rapide qui n'a pas encore livré tous ses secrets.",1.0,10 min,10.0,Facile,Easy,8,6,Pain brioché - 2 pcs | Mayonnaise au miel - 1 càs | Oignons confits - 10 tranches extra-fines | Rosette pur bœuf - 10 tranches | Chiffonnade de veau fumée - 10 tranches extra-fines | Pastrami de bœuf - 50g | Chou rouge râpé finement vinaigré façon pickles - 5 rondelles | Cornichons,"1. Prendre les tranches de pain et mettre une bonne cuillère de mayonnaise au miel 2. Monter le sandwich ALFI en commençant par les oignons confits puis les tranches de charcuterie, une par une, étalées sur la longueur du pain 3. Finir avec le chou rouge et les cornichons 4. Fermer avec la 2ème tranche de pain 5. Emballer le ALFI dans son papier cuisson à emporter et le mettre au toaster grill à panini pour lui donner une texture plus compacte et légèrement chaude et grillée 6. Prendre un couteau à pain pour découper le sandwich ALFI en 2 et servir avec un coleslaw et des pickles en accompagnement","« Sandwich Le Alfi » est une recette professionnelle METRO (snacking) signée Vincent Boccara, composée de 8 ingrédients et 6 étapes, pour 1 portion, durée 10 min.","""Sandwich Le Alfi"" is a professional METRO recipe (snacking & sandwiches) by Vincent Boccara, with 8 ingredients and 6 steps, for 1 serving.",https://www.metro.fr/inspiration/recette-chef/snacking/sandwich-alfi,METRO France – metro.fr/inspiration/recette-chef
METRO-REC-0255,Sandwich Le Vegan,snacking,Snacking,Snacking & sandwiches,,La tendance vegan est en forte demande dans le snacking actuel.,10.0,20 min,20.0,Facile,Easy,7,6,100g Pousses d'épinard | 750g Tapenade verte A Paesana | 400g Oignons jaunes | 600g Chips de légumes seau Tyrell's | 500g Oignons frits | 500g Houmous pot | 10x80g Pain kebab,"1. Trancher le pain kebab sur toute sa longueur et l'ouvrir. 2. Étaler sur le pain la tapenade d'olives vertes, puis déposer 1 couche de houmous. 3. Émincer les oignons, puis les faire frire. 4. Ajouter sur le dessus les chips de légumes et les pousses d'épinard. 5. Refermer le pain. 6. Préparation des oignons grillés : couper les oignons en deux tout en gardant la peau, faire cuire à la plancha à 180°C sur la partie plate de l'oignon afin d'obtenir une caramélisation, détailler ensuite en pétales.","« Sandwich Le Vegan » est une recette professionnelle METRO (snacking), composée de 7 ingrédients et 6 étapes, pour 10 portions, durée 20 min.","""Sandwich Le Vegan"" is a professional METRO recipe (snacking & sandwiches), with 7 ingredients and 6 steps, for 10 servings.",https://www.metro.fr/inspiration/recette-chef/snacking/sandwich-vegan,METRO France – metro.fr/inspiration/recette-chef
METRO-REC-0256,Swarp poulet sauce piquante,snacking,Snacking,Snacking & sandwiches,Vincent Boccara,"Rapide à préparer, le Swarp de poulet accompagné de sa sauce piquante est un plaisir exquis qui révèle une farandole de saveurs à chaque bouchée.",10.0,30 min,30.0,Facile,Easy,19,11,2 pièces Blancs de poulet | 1 càs Sel | 1 càs Poivre | 1 càs Ail en poudre | 1 càs Oignons en poudre | 1 càs Paprika | 1 càs Poudre de piment doux | 1 Citron jaune | 100g Yaourt | 1 càs Sauce sriracha | 3 gousses Ail | 1 botte Coriandre | PM Jus de citron | 1 Batavia | 1 Oignon rouge | 1 Poivron rouge | 1 Poivron jaune | 1 sachet Tortilla | 2 tranches Cheddar,"1. Découper le blanc de poulet en lamelles 2. Dans un bol, mélanger avec les morceaux de poulet avec le sel, le poivre, l'ail en poudre, l'oignon en poudre, le paprika et la poudre de piment doux. Bien masser le poulet et ajouter le jus d'un citron jaune 3. Filmer et laisser au frigo pendant 15 min 4. Il faut que le poulet devienne orange avec cette marinade 5. Cuire les morceaux de poulet à feu moyen pendant 8 min 6. Découper la salade, l'oignon rouge finement et le poivron rouge et jaune en petit morceaux 7. Faire la sauce avec le yaourt, la sriracha, l'ail émincé, le sel, le poivre, le jus de citron et la coriandre ciselée 8. Dans une poêle, faire chauffer la tortilla à feu doux pour avoir une couleur dorée sur une face 9. Poser 2 tranches de cheddar et les faire fondre sur le dessus de la tortilla 10. Remplir avec la salade, le poulet grillé, 1 càs d'oignons et de poivrons rouges et jaunes découpés 11. Avant de plier la tortilla, être généreux avec la sauce yaourt piquante","« Swarp poulet sauce piquante » est une recette professionnelle METRO (snacking) signée Vincent Boccara, composée de 19 ingrédients et 11 étapes, pour 10 portions, durée 30 min.","""Swarp poulet sauce piquante"" is a professional METRO recipe (snacking & sandwiches) by Vincent Boccara, with 19 ingredients and 11 steps, for 10 servings.",https://www.metro.fr/inspiration/recette-chef/snacking/swarp-poulet-sauce-piquante,METRO France – metro.fr/inspiration/recette-chef
METRO-REC-0257,Tacos d'échine de porc marinée,snacking,Snacking,Snacking & sandwiches,,Épatez vos clients avec cette recette de tacos d'échine de porc mariné aux épices et à la sauce soja.,1.0,30 min,30.0,Facile,Easy,16,7,2 Échine de porc | 20g Sauce soja | 5g Piment fort en poudre | 5g Poudre d'ail | 5g Origan séché | 5g Poivre noir | 5g Cumin | Tortilla 15 cm | 1kg Tomate n°2 | 400g Oignon rouge | 50g Piment rouge frais | ½botte Coriandre | ½ Avocat | 6petites tranches Jalapeno vert | 90g Mozzarella cossette | ¼ Citron vert,"1. Mariner la viande avec tous les ingrédients pendant 24h, puis la griller rapidement au barbecue. 2. Pour la garniture salade, tailler les tomates en quatre, retirer la pulpe puis les tailler en brunoise. 3. Tailler le reste des ingrédients en brunoise de même taille et mélanger avec les oignons, le piment rouge et la coriandre. 4. Éplucher l'avocat, le tailler en deux et enfin en tranches très fines. 5. Réchauffer les galettes avec la mozzarella, ajouter l'échine de porc marinée coupée en tranches. 6. Le pico de gallo en topping sur le dessus, les feuilles de coriandre et les tranches de jalapeno. 7. Pour finir, ajouter le jus d'un quart de citron vert.","« Tacos d'échine de porc marinée » est une recette professionnelle METRO (snacking), composée de 16 ingrédients et 7 étapes, pour 1 portion, durée 30 min.","""Tacos d'échine de porc marinée"" is a professional METRO recipe (snacking & sandwiches), with 16 ingredients and 7 steps, for 1 serving.",https://www.metro.fr/inspiration/recette-chef/snacking/tacos-echine-porc,METRO France – metro.fr/inspiration/recette-chef
METRO-REC-0258,Tori Katsu Sando,snacking,Snacking,Snacking & sandwiches,Walter Ishizuka,Une recette de sandwich japonais à base de poulet pané.,2.0,45 min,45.0,Facile,Easy,16,18,"250g Filet de poulet fermier | 100g Coleslaw (carottes, chou rouge et sucrine) | 1 Oeuf | 20g Panko | 5tranches Shokupan | 10g Beurre clarifié | 10cl Sauce soja | 5g Mirin | 5g Ail | 5g Gingembre | 10g Pâte de sésame noir | 50g Mayonnaise | 2g Sel | Sauce tonkatsu | Oignons rouges pickles | Graines de sésame noir","1. Mélanger la sauce soja au mirin dans un bol 2. Râper l'ail et le gingembre puis mélanger au fouet 3. Couper les filets de poulet en deux, dans le sens de la longueur, afin d'obtenir deux filets de 120g environ et de 1,5cm d'épaisseur 4. Laisser mariner 6 heures minimum 5. Casser un œuf entier dans un bol 6. Assaisonner avec du sel et du poivre 7. Mettre de la panko dans un autre récipient 8. Passer les filets d'abord dans l'œuf puis dans la panko 9. Éplucher les carottes et les râper finement à l'aide d'une mandoline 10. Râper le chou rouge de la même taille 11. Emincer la sucrine puis mélanger tout et assaisonner 12. Passer les filets à la friteuse à 180° durant cinq minutes 13. Toaster les tranches de shokupan, préalablement nappées d'une couche de beurre clarifié 14. Mélanger la pâte de sésame noir avec la mayonnaise et ajouter du sel 15. Disposer le coleslaw sur un côté du pain toasté, puis ajouter les filets de poulet frits, la mayonnaise au sésame noir 16. Appliquer la sauce tonkatsu sur l'autre tranche de pain, les oignons pickles 17. Refermer le sando, le couper en deux afin d'obtenir deux rectangles égaux 18. Terminer avec une touche de sésame noir !","« Tori Katsu Sando » est une recette professionnelle METRO (snacking) signée Walter Ishizuka, composée de 16 ingrédients et 18 étapes, pour 2 portions, durée 45 min.","""Tori Katsu Sando"" is a professional METRO recipe (snacking & sandwiches) by Walter Ishizuka, with 16 ingredients and 18 steps, for 2 servings.",https://www.metro.fr/inspiration/recette-chef/snacking/tori-katsu-sando,METRO France – metro.fr/inspiration/recette-chef
METRO-REC-0259,Wrap truite fumée,snacking,Snacking,Snacking & sandwiches,,Osez le mélange des genres avec cette recette de wrap aux saveurs marines de truite fumée.,10.0,15 min,15.0,Facile,Easy,8,12,10 Wraps de blé de 25 cm de diamètre | 850g Préparation pour sandwich au saumon fumé | 600g Truite d'élevage fumée au bois de hêtre | 200g Feuille de chêne | 400g Concombre | Sel | Poivre gris | Muscade,"1. Eplucher le concombre. 2. Evider le centre. 3. Le couper en petits morceaux. 4. A la spatule, étaler la préparation au saumon fumé sur le wrap. 5. Disposer les feuilles de chêne. 6. Répartir les morceaux de concombre. 7. Assaisonner. 8. Recouvrir de truite fumée. 9. Rouler le wrap bien serré. 10. Le couper en deux. 11. Disposer dans des boîtes à wrap. 12. Réserver au réfrigérateur.","« Wrap truite fumée » est une recette professionnelle METRO (snacking), composée de 8 ingrédients et 12 étapes, pour 10 portions, durée 15 min.","""Wrap truite fumée"" is a professional METRO recipe (snacking & sandwiches), with 8 ingredients and 12 steps, for 10 servings.",https://www.metro.fr/inspiration/recette-chef/snacking/wrap-truite-fumee,METRO France – metro.fr/inspiration/recette-chef
METRO-REC-0260,Bruschetta poivron et chèvre,italie,Cuisine italienne,Italian cuisine,Julien Serri,Envolez-vous pour l'Italie avec la légèreté et la douceur de cette recette de Bruscetta au poivron et à la ricotta.,4.0,30 min,30.0,Facile,Easy,19,29,625g Farine T45 | 80g Huile d'olive | 30g Levure fraîche de boulanger (8g de levure déshydratée) | 340g Eau tiède | 10g Sel fin | ½ Oignon | 1gousse Ail | 500g Poivron rouge | 10g Pimentòn de la vera | ½ Oignon | 1gousse Ail | 500g Poivron jaune | 2c.a.s Miel | ½ Oignon | 1gousse Ail | 500g Poivron vert | Jus d'1/2 citron vert | 200g Ricotta de chèvre | 1 Oignon,"1. Dans un saladier, verser la farine. À la main ou au robot, mélanger avec l'huile d'olive. 2. Mélanger ensuite la levure en l'émiettant dans la farine et mélanger à nouveau. 3. Ajouter ensuite la moitié de l'eau et pétrir. 4. Mélanger le restant de l'eau avec le sel puis le verser sur la pâte. 5. Pétrir jusqu'à l'obtention d'une pâte homogène qui ne colle plus au saladier. 6. Fariner un plan de travail. Déposer la pâte et former une boule régulière. 7. Huiler généreusement un plat haut rectangulaire. 8. Déposer la boule de pâte dans le plat. La recouvrir d'un torchon humide. Lorsque la pâte a doublé de volume, elle est prête. 9. Répartir doucement la pâte sur tout le plat et former des trous avec les doigts. 10. Laisser la pâte lever à nouveau durant 30 minutes à 1 heure. 11. Cuire la focaccia dans un four chaud, à 180°C pendant 20/25 minutes. 12. Laisser refroidir la focaccia dans un torchon humide pour qu'elle conserve tout son moelleux. 13. Ciseler un oignon et le faire revenir avec de l'ail émincé dans de l'huile d'olive. 14. Épépiner et découper les poivrons en fines lanières. 15. Une fois que les oignons commencent à suer, ajouter les poivrons et 5cL d'eau. 16. Laisser cuire à couvert à feu doux. 17. Lorsque les poivrons sont cuits, les faire sauter à feu vif, saler et poivrer, puis ajouter le pimentòn de la vera / le miel / le jus de citron vert. 18. Mixer jusqu'à l'obtention d'un coulis lisse, et passer au chinois au besoin. 19. Laisser refroidir. Vous pouvez rectifier la consistance avec de la xantane au besoin. 20. Fouetter la ricotta de chèvre jusqu'à l'obtention d'une texture lisse. 21. Découper de très fines lamelles d'oignon à la mandoline. 22. Disposer ses lamelles entre deux plaques et papier sulfurisé en ayant pris le soin de légèrement les imbiber avec de l'huile d'olive. 23. Enfourner à four chaud 220°C (chaleur statique) pendant 10/15 minutes. 24. Découper une bande de focaccia de 4 à 5cm de largeur et la faire légèrement grillée sur la tranche. 25. À l'aide d'une poche à douille ou d'un biberon, disposer successivement des lignes diagonales de piperade rouge, verte, jaune puis de ricotta. 26. Répéter l'opération. 27. Disposer quelques lamelles de chips d'oignon brûlé. 28. Ajouter des cress à concenance. Dans le cas présent, j'ai choisi l'Atina Cress. 29. Remarque : dresser sur une focaccia tiède.","« Bruschetta poivron et chèvre » est une recette professionnelle METRO (cuisine italienne) signée Julien Serri, composée de 19 ingrédients et 29 étapes, pour 4 portions, durée 30 min.","""Bruschetta poivron et chèvre"" is a professional METRO recipe (italian cuisine) by Julien Serri, with 19 ingredients and 29 steps, for 4 servings.",https://www.metro.fr/inspiration/recette-chef/italie/bruschetta-poivron-ricotta,METRO France – metro.fr/inspiration/recette-chef
METRO-REC-0261,Cheesecake au cantucci,italie,Cuisine italienne,Italian cuisine,,"Envie d'une note sucrée ? Agrémentez ce cheesecake à base de cantucci, ces petits biscuits aux amandes croquants originaire de Prato.",4.0,1h30 min,90.0,Facile,Easy,10,4,50g Chocolat blanc | 60g Beurre | 130g Cantucci | 225g Philadelphia | 120g Sucre | 65g Jaune d'œuf | 1gousse Vanille | 280g Crème épaisse | 15g Jus de citron | 100g Cassonade,"1. Faire fondre au bain-marie le chocolat et le beurre, dans un robot effriter les cantucci, ajouter le beurre et le chocolat fondu et mixer bien. 2. Placer la base dans un cercle de 22 cm sur une plaque avec du papier sulfurisé et bien aplatir la base avec une cuillère en faisant attention à bien la presser sur le côté et mettre au congélateur. 3. Mettre le Philadelphia, le sucre, le jaune, les graines de vanille, la crème, le jus de citron et le zeste dans un robot et mixer. 4. Verser sur la base bien froide et mettre à cuire au four à 95°C pendant 1 heure. Après la cuisson, faire refroidir au frigo, avant de servir la couvrir avec la cassonade et faire caraméliser avec un chalumeau.","« Cheesecake au cantucci » est une recette professionnelle METRO (cuisine italienne), composée de 10 ingrédients et 4 étapes, pour 4 portions, durée 1h30 min.","""Cheesecake au cantucci"" is a professional METRO recipe (italian cuisine), with 10 ingredients and 4 steps, for 4 servings.",https://www.metro.fr/inspiration/recette-chef/italie/cheesecake-cantucci,METRO France – metro.fr/inspiration/recette-chef
METRO-REC-0262,Culurgiones Ogliastrini,italie,Cuisine italienne,Italian cuisine,,,4.0,45 min,45.0,,,14,5,500g Pomme de terre Spunta Italie | 70g Pecorino Toscano affiné 8 mois D.O.P | 10 feuilles Menthe | 60g Huile d'olive vierge extra italienne | 1 gousse Ail | 150g Farine pour pâtes fraîches T00 | 100g Semoule de blé dur extra fine | Huile d'olive vierge extra italienne | 145g Eau | 70g Pecorino Romano râpé | 1 gousse Ail | 6g Huile d'olive vierge extra italienne | 300g Passata de tomate en poche | 10/12 feuilles Basilic,"1. Préparer les pommes de terre en purée. Ajouter le pecorino râpé, la menthe coupée très finement, l'huile infusée à l'ail (6h) et assaisonner. Laisser reposer au réfrigérateur pendant une nuit. 2. Verser la farine et la semoule dans un bol, puis rajouter l'huile d'olive et l'eau à une température d'environ 36°C. Mélanger brièvement à l'aide d'une fourchette avant de la pétrir à la main sur une table pendant 3min. Couvrir la boule de film et laisser reposer à température ambiante (pour une utilisation rapide). 3. Passer la pâte au laminoir jusqu'à ce qu'elle atteigne une épaisseur d'environ 2mm. À l'aide d'un emporte-pièce, réaliser des disques d'environ 9/10cm de diamètre. Mettre une cuillère à café de farce sur chaque disque de pâte. Fermer avec la technique appelée ""oreille de blé"". Continuer avec cette technique sur toute la longueur du culurgione. 4. Faire revenir l'ail épluché dans une casserole avec un peu d'huile pendant quelques minutes. Ajouter le coulis de tomates et laisser cuire 30min. Hors du feu, infuser les feuilles de basilic dans cette sauce. Assaisonner. 5. Cuire les culurgiones dans l'eau bouillante salée, pendant environ 4min. Égoutter. Dresser.","« Culurgiones Ogliastrini » est une recette professionnelle METRO (cuisine italienne), composée de 14 ingrédients et 5 étapes, pour 4 portions, durée 45 min.","""Culurgiones Ogliastrini"" is a professional METRO recipe (italian cuisine), with 14 ingredients and 5 steps, for 4 servings.",https://www.metro.fr/inspiration/recette-chef/italie/culurgiones-pecorino-menthe,METRO France – metro.fr/inspiration/recette-chef
METRO-REC-0263,Farrotto,italie,Cuisine italienne,Italian cuisine,,"Besoin d'inspiration pour votre menu ? Lancez vous dans cette recette italienne du Farotto pour attirer les fans de la gastronomie méditerranéenne, sublimer vos assiettes et satisfaire vos clients.",1.0,30 min,30.0,,,11,8,200g Farro | 25cl Vin blanc sec | 50g Beurre | 100ml Bisque | 100 ml Eau | 40g Huile d'olive | 100g Troncons de calamar cuits | 1poignée Persil | poignée Basilic | 12 Mini st jacques | 8 Gambas,"1. Torréfier le farro avec le beurre, sel et poivre. 2. Déglacer avec le vin blanc. 3. Ajouter 100 ml de bisque et 100 ml d'eau, laisser mijoter 25/30 min. 4. Enlever du feu et incorporer l'huile d'olive, le beurre et les tronçons de calamar précédemment sautés. 5. Ajouter le persil finement haché. 6. Vérifier l'assaisonnement. 7. S'assurer d'avoir une belle consistance crémeuse. 8. Dresser dans l'assiette et décorer avec les st jaques et gambas précédemment snackés à l'huile d'olive.","« Farrotto » est une recette professionnelle METRO (cuisine italienne), composée de 11 ingrédients et 8 étapes, pour 1 portion, durée 30 min.","""Farrotto"" is a professional METRO recipe (italian cuisine), with 11 ingredients and 8 steps, for 1 serving.",https://www.metro.fr/inspiration/recette-chef/italie/farro-calamar,METRO France – metro.fr/inspiration/recette-chef
METRO-REC-0264,Flan Bonet,italie,Cuisine italienne,Italian cuisine,,"Laissez-vous tenter par ce délicieux flan typique du Piémont en Italie. Aux amaretti, chocolat et son voile de caramel, ce dessert couronnera votre repas à merveille.",4.0,1h,60.0,Facile,Easy,7,5,600g Sucre | 240g Amaretti | 750ml Lait | 140g Cacao | 10g Œufs | 25cl Vermouth rouge | 150g Sucre pour caramel,"1. Faire un caramel sec avec le sucre et le placer sur le fond du moule. 2. Avec les amaretti, faire une poudre à l'aide d'un robot. 3. Ajouter tous les ingrédients dans le robot et bien mélanger. 4. Verser dans le moule et cuire au bain-marie dans le four à 160°C pendant 50-55 minutes. 5. Laisser refroidir et retourner sur une assiette de service.","« Flan Bonet » est une recette professionnelle METRO (cuisine italienne), composée de 7 ingrédients et 5 étapes, pour 4 portions, durée 1h.","""Flan Bonet"" is a professional METRO recipe (italian cuisine), with 7 ingredients and 5 steps, for 4 servings.",https://www.metro.fr/inspiration/recette-chef/italie/flan-bonet,METRO France – metro.fr/inspiration/recette-chef
METRO-REC-0265,Fregola Sarda,italie,Cuisine italienne,Italian cuisine,,,1.0,20 min,20.0,,,16,9,80g Fregola sarda | 20g Huile d'olive | 30g Salade de petites seiches à l'huile | 15g Julienne de tomates séchées | 20g Pois chiches extra | 10g Citrons confits | 5g Fenouil | 5g Caprons antipasti | 2g Persil frisé | 10g Oignons rouges | 20g Bonite à l'huile de tournesol | 5g Poutargue | 1 zeste Citron vert | 1/2 Capron | 10g Olives noires dénoyautées | 1 pièce Fleur de concombre,"1. Cuire la fregola sarda, la mélanger avec l'huile d'olive et la réserver au frais. 2. Égoutter la salade de petits seiches et les brisures de tomates. 3. Égoutter et rincer les pois chiches. 4. Découper le citron confit et le fenouil en petite brunoise. 5. Couper les caprons en 2 sur la longueur. 6. Ciseler le persil et les oignons rouges. 7. Mélanger l'ensemble à la fregola sarda puis réserver au froid. 8. Mélanger l'ensemble à la fregola sarda puis réserver au froid. 9. Au moment du dressage, ajouter la bonite, de la poutargue rapée, un zeste de citron vert, un demi capron, les olives noires dénoyautées et une fleur de concombre.","« Fregola Sarda » est une recette professionnelle METRO (cuisine italienne), composée de 16 ingrédients et 9 étapes, pour 1 portion, durée 20 min.","""Fregola Sarda"" is a professional METRO recipe (italian cuisine), with 16 ingredients and 9 steps, for 1 serving.",https://www.metro.fr/inspiration/recette-chef/italie/pates-fregola-sarda-seiche,METRO France – metro.fr/inspiration/recette-chef
METRO-REC-0266,Gnocchi alla sorrentina,italie,Cuisine italienne,Italian cuisine,,"Découvrez ce délice : pâtes de pommes de terre, sauce tomate, mozzarella et basilic.",4.0,1h,60.0,,,9,4,400g Purée tomate extra-fine | 4 gousses Ail | 15g Huile d'olive | 600g Gnocchi | 20g Sel | 15g Huile d'olive | 100g Mozzarella bufala | 60g Parmigiano rapé | 1 botte Basilic,"1. Pour la sauce tomate, faire revenir la gousse d'ail dans l'huile. Une fois dorée, enlever l'ail et ajouter la purée de tomate et laisser cuire quelques minutes. Assaisonner avec du sel. 2. Cuire les gnocchis dans l'eau bouillante salée pendant 1 minute 30. Égoutter et faire revenir dans une poêle avec un peu d'huile pour les rendre croustillants. Ajouter ensuite la sauce tomate et napper. 3. Placer sur une plaque, mettre la mozzarella coupée en tranches, le parmesan râpé et faire gratiner au four. 4. Mettre quelques feuilles de basilic et servir.","« Gnocchi alla sorrentina » est une recette professionnelle METRO (cuisine italienne), composée de 9 ingrédients et 4 étapes, pour 4 portions, durée 1h.","""Gnocchi alla sorrentina"" is a professional METRO recipe (italian cuisine), with 9 ingredients and 4 steps, for 4 servings.",https://www.metro.fr/inspiration/recette-chef/italie/gnocchi-sorrentina,METRO France – metro.fr/inspiration/recette-chef
METRO-REC-0267,Linguine ai frutti di mare,italie,Cuisine italienne,Italian cuisine,,Un mélange de saveurs méditerranéennes pour ces pâtes aux fruits de mer savamment préparées pour un plaisir gustatif toujours plus grand.,4.0,25 min,25.0,Moyen,Medium,10,8,500g Moules | 500g Palourdes | 60ml Huile olive extra vierge | 250g Calamar | 4 Gambas (calibre 16/20) | 2 gousses Ail et persil ciselé | 300g Tomates cerise | 40cl Vin blanc | 320g Linguine | Sel et poivre,"1. Mettre dans une poêle les moules, palourdes avec un filet d'huile jusqu'à ouverture. 2. Ajouter les calamars, coupés en tronçons, avec les gambas et les faire revenir avec les gousses d'ail écrasées. 3. Puis ajouter les tomates cerise coupées en 2. 4. Faire mijoter avec le vin blanc. 5. Faire cuire les linguines dans l'eau salée, pendant 6 mn. 6. Égoutter les pates en réservant un peu d'eau de cuisson. 7. Faire mijoter les linguines dans la poêle des fruits de mer et remuer, en ajouter l'eau de cuisson réservée, pendant 1 mn et servir. 8. Ajouter le persil, saler et poivrer à votre convenance.","« Linguine ai frutti di mare » est une recette professionnelle METRO (cuisine italienne), composée de 10 ingrédients et 8 étapes, pour 4 portions, durée 25 min.","""Linguine ai frutti di mare"" is a professional METRO recipe (italian cuisine), with 10 ingredients and 8 steps, for 4 servings.",https://www.metro.fr/inspiration/recette-chef/italie/linguine-al-frutti-di-mare,METRO France – metro.fr/inspiration/recette-chef
METRO-REC-0268,Linguine di pistacchio e gamberi,italie,Cuisine italienne,Italian cuisine,,Un mélange de saveurs entre terre et mer pour ces pâtes cuisinées à l'italienne,4.0,35 min,35.0,Facile,Easy,11,3,400g Gambas | Jus de citron | 15cl Huile d'olive | 4 bottes Basilic | 50g Pignons de pin | 100g Pistache hachée | 5 gousses Ail | 10cl Huile d'olive | 400g Linguine | Tomates cerise | Feuilles de basilic,"1. Décortiquer les gambas et couper la chair en cubes fins. Saler et ajouter un filet de jus de citron et huile d'olive. Réserver au frais. 2. Hacher les feuilles de basilic dans un mixeur avec les pignons, les pistaches et les gousses d'ail et 10cl d'huile d'olive. Saler et poivrer et réserver. Faire cuire les linguines pendant 5 mn dans l'eau bouillante salée. Égoutter en gardant de l'eau de cuisson. Mélanger le pesto basilic et pistache avec l'eau de cuisson. 3. Mélanger la préparation et les linguines dans la poêle. Dresser dans une assiette, ajouter le tartare de gambas sur les linguines. Saupoudrer l'assiette de pistache hachée et décorer avec des feuilles de basilic et tomates cerise coupées en 2.","« Linguine di pistacchio e gamberi » est une recette professionnelle METRO (cuisine italienne), composée de 11 ingrédients et 3 étapes, pour 4 portions, durée 35 min.","""Linguine di pistacchio e gamberi"" is a professional METRO recipe (italian cuisine), with 11 ingredients and 3 steps, for 4 servings.",https://www.metro.fr/inspiration/recette-chef/italie/linguine-pistacchio-gamberi-basilic,METRO France – metro.fr/inspiration/recette-chef
METRO-REC-0269,Melanzana al pesto e ricotta,italie,Cuisine italienne,Italian cuisine,,Une façon originale de préparer l'aubergine qui n'est pas sans rappeler les saveurs méditerranéennes.,4.0,40 min,40.0,Moyen,Medium,6,4,4 Aubergines | 300g Ricotta | 100g Parmesan râpé | 100g Mozzarella râpée en julienne | 4càs Pesto | Sel et poivre,"1. Couper les aubergines en tranches dans la longueur. Mettre sur une plaque, sur une feuille de papier sulfurisé, préalablement enduite d'un filet d'huile d'olive. Saler et poivrer. Mettre au four à 180°C pendant 22 minutes. 2. Mélanger dans un cul de poule : ricotta, parmesan, mozzarella, et pesto. Saler et poivrer. 3. Sortir les aubergines du four, les laisser refroidir quelques minutes. Étaler la farce sur les tranches d'aubergines, et les rouler. Sur un plat de cuisson, étaler de la sauce tomate et saupoudrer de parmesan. Disposer les rouleaux d'aubergines, en nappant de sauce tomate à nouveau. Remettre à gratiner au four pendant 10 minutes, à 200°C. 4. Disposer sur une assiette rectangulaire les rouleaux, avec à nouveau du parmesan, un filet d'huile d'olive et du basilic.","« Melanzana al pesto e ricotta » est une recette professionnelle METRO (cuisine italienne), composée de 6 ingrédients et 4 étapes, pour 4 portions, durée 40 min.","""Melanzana al pesto e ricotta"" is a professional METRO recipe (italian cuisine), with 6 ingredients and 4 steps, for 4 servings.",https://www.metro.fr/inspiration/recette-chef/italie/melanzana-pesto-riccota-mozzarella,METRO France – metro.fr/inspiration/recette-chef
METRO-REC-0270,Orada di pistacchio,italie,Cuisine italienne,Italian cuisine,,Une dorade préparée à la pistache pour surprendre vos clients et leur faire découvrir de nouveaux horizons gustatifs.,4.0,25 min,25.0,Facile,Easy,5,3,4 filets Dorade royale | 25cl Huile d'olive | 4 gousses Ail | 1 bouquet Romarin | 100g Pistache hachée,"1. Placer les filets sur un papier sulfurisé, sur une plaque de cuisson. Verser un filet d'huile d'olive et ajouter des gousses d'ail préalablement tranchées sur les filets. Ajouter des branches de romarin puis saler et poivrer. 2. Faire cuire au four à 200°C pendant 10 mn. Sortir du four, ajouter la pistache hachée sur les filets. Remettre au four pendant 5 à 7 mn jusqu'à ce que la pistache soit dorée. 3. Dresser dans une assiette, et ajouter la garniture de votre choix (légumes poêlés, risotto, pommes de terre au four…)","« Orada di pistacchio » est une recette professionnelle METRO (cuisine italienne), composée de 5 ingrédients et 3 étapes, pour 4 portions, durée 25 min.","""Orada di pistacchio"" is a professional METRO recipe (italian cuisine), with 5 ingredients and 3 steps, for 4 servings.",https://www.metro.fr/inspiration/recette-chef/italie/dorade-pistache-ail-romarin,METRO France – metro.fr/inspiration/recette-chef
METRO-REC-0271,Osso bucco milanese,italie,Cuisine italienne,Italian cuisine,,,4.0,30 min,30.0,,,19,19,"1 Oignon des Cévennes | 1 Carotte | 1 branche Céleri | 3 càs Huile d'olive vierge extra italienne | Beurre | 4 morceaux de 350g Osso bucco de veau | Beurre | 1 verre Vin blanc sec | 1L Bouillon de boeuf en pâte | Sauge, romarin, persil | 1/2 Citron jaune (zeste) | 240g Riz carnaroli | 50g Beurre doux | 1 verre Vin blanc sec | 5g Safran pistils | 1,4L Bouillon de volaille | Beurre demi-sel | 5g Safran poudre | 600g Coeur de Parmigiano Reggiano D.O.P.","1. Faire suer à feu doux dans le beurre et l'huile d'olive l'oignon émincé, la carotte et le céleri coupés en gros morceaux. 2. Couper la membrane extérieure des tranches d'osso bucco en plusieurs endroits, afin qu'elles ne se brisent pas lors de la cuisson. 3. Dorer les tranches de chaque côté dans une poêle avec du beurre. 4. Arroser avec le verre de vin blanc et laisser revenir quelques minutes. 5. Ajouter le bouillon de viande et les légumes. 6. Laisser mijoter au moins 1h30 à feu doux en couvrant partiellement. 7. Remuer de temps en temps. 8. Si nécessaire ajouter quelques louches de bouillon. 9. En fin de cuisson, laisser reposer 30 minutes dans le bouillon, égoutter et jeter les légumes. 10. Faire réduire le jus de cuisson avant d'y ajouter l'osso bucco. 11. Préparer une gremolada, à savoir un mélange de romarin, de sauge et de persil hachés, agrémentés du zeste d'un demi-citron, que vous ajouterez à l'osso bucco 5 min avant la fin de la cuisson. 12. Chauffer le riz sans gras dans une grosse casserole avec une pincée de sel. 13. Rajouter le beurre dès que le riz est chaud. 14. Cuire quelques instants avant de rajouter un verre de vin blanc. 15. Laisser s'évaporer l'alcool pendant 30s avant de commencer à ajouter le safran en pistils, et au fur et à mesure le bouillon de volaille. 16. Pendant la cuisson rajouter un peu de beurre demi-sel. 17. Après 10min de cuisson, rajouter le safran en poudre et terminer la préparation. 18. Dès que le risotto est cuit, laisser reposer hors du feu pendant 3/4min. 19. Monter le risotto avec le beurre demi-sel, du poivre et le Parmigiano Reggiano râpé.","« Osso bucco milanese » est une recette professionnelle METRO (cuisine italienne), composée de 19 ingrédients et 19 étapes, pour 4 portions, durée 30 min.","""Osso bucco milanese"" is a professional METRO recipe (italian cuisine), with 19 ingredients and 19 steps, for 4 servings.",https://www.metro.fr/inspiration/recette-chef/italie/osso-bucco-milanese,METRO France – metro.fr/inspiration/recette-chef
METRO-REC-0272,Parmiggiana,italie,Cuisine italienne,Italian cuisine,,Un mille feuilles aux parfums italiens pour surprendre et faire voyager vos clients.,4.0,35 min,35.0,Facile,Easy,8,8,4 Aubergines | 25cl Huile d'olive | 4 Mozzarella di buffala | Coulis de tomate basilic | 100g Parmesan râpé | 1 bouquet Basilic | Sel et poivre | Tomates cerise et roquette,"1. Couper les aubergines en rondelle épaisse. 2. Faire revenir dans une poêle pendant 3 mn de chaque côté dans un filet d'huile d'olive. 3. Déposer les aubergines sur une feuille de papier absorbant. 4. Couper en rondelle la mozzarella. 5. Sur un papier sulfurisé déposé sur une plaque de cuisson, les rondelles d'aubergine et de mozzarella en mille-feuille, en ajoutant sauce tomate, parmesan et basilic entre chaque couche. 6. Piquer le mille-feuilles avec un pic pour maintenir les ingrédients. 7. Mettre au four à 200°C pendant 10 mn. 8. Dresser dans une assiette, ajouter des tomates cerise et la roquette en décoration et déguster.","« Parmiggiana » est une recette professionnelle METRO (cuisine italienne), composée de 8 ingrédients et 8 étapes, pour 4 portions, durée 35 min.","""Parmiggiana"" is a professional METRO recipe (italian cuisine), with 8 ingredients and 8 steps, for 4 servings.",https://www.metro.fr/inspiration/recette-chef/italie/mille-feuilles-aubergine-mozzarella-parmesan-coulis-tomate,METRO France – metro.fr/inspiration/recette-chef
METRO-REC-0273,Pastasotto poulet et champignons,italie,Cuisine italienne,Italian cuisine,,,10.0,20 min,20.0,,,9,4,"600g Champignons bruns | Beurre | 1,2kg Filet de poulet label rouge (origine France) | 2 Oignons | 800g Pâtes radiatori | 25cl Vin blanc sec | 2cubes Bouillons volaille | 100g Crème fraîche épaisse 30% | Sel, poivre","1. Émincer les champignons et les faire revenir dans un peu de beurre. Réserver. 2. Couper les filets de poulet en dés réguliers. Peler et émincer finement les oignons. Faire suer les oignons. Ajouter les dés de poulets et faire colorer. 3. Ajouter ensuite les pâtes et le vin blanc. Mélanger et laisser évaporer. Faire cuire façon risotto avec le bouillon chaud. En fin de cuisson ajouter les champignons et la crème, un peu de sel et de poivre. Bien mélanger. 4. Ajouter un peu de parmesan râpé en fin de cuisson !","« Pastasotto poulet et champignons » est une recette professionnelle METRO (cuisine italienne), composée de 9 ingrédients et 4 étapes, pour 10 portions, durée 20 min.","""Pastasotto poulet et champignons"" is a professional METRO recipe (italian cuisine), with 9 ingredients and 4 steps, for 10 servings.",https://www.metro.fr/inspiration/recette-chef/italie/pastasotto,METRO France – metro.fr/inspiration/recette-chef
METRO-REC-0274,Piadina Integrale,italie,Cuisine italienne,Italian cuisine,,"Facile, rapide et efficace, la Piadina integrale est un plat savoureux et onctueux, pour les clients qui désirent de délicieuses recettes inspirées de la cuisine italienne.",1.0,12 min,12.0,,,6,3,30g - Jambon cuit italien tranché fin | 15g - Salade radicchio panaché Origine Italie | 1pièce - Piadina complete 440g Riccione | 40g - Tapena' Artichauts | 30g - Pecorino mignon à la truffe | Salad pea,"1. Humidifier votre piadina avant de la réchauffer. Éviter le micro-onde ! 2. Étaler la tapena d'artichaut à l'intérieur de la piadina. Ajouter le jambon, le pecorino et la salade. Faire griller votre piadina sur une face puis sur l'autre. 3. La piadina est un pain non-levé. Elle est typique du sud de la région d'Émilie-Romagne en Italie. Comparable à une tortilla/wrap on la sert seule ou fourrée avec de la charcuterie ou du fromage.","« Piadina Integrale » est une recette professionnelle METRO (cuisine italienne), composée de 6 ingrédients et 3 étapes, pour 1 portion, durée 12 min.","""Piadina Integrale"" is a professional METRO recipe (italian cuisine), with 6 ingredients and 3 steps, for 1 serving.",https://www.metro.fr/inspiration/recette-chef/italie/sandwich-piadine-pecorino,METRO France – metro.fr/inspiration/recette-chef
METRO-REC-0275,Plancha Charcuterie mixte,italie,Cuisine italienne,Italian cuisine,,"La planche de charcuterie est un incontournable des apéritifs gourmands. Composée de spécialités italiennes comme le Speck, la Bresaola, et la Coppa di Parme, elle est sublimée par une pâte à pizza maison garnie de lard chaud.",2.0,15 min,15.0,,,7,2,30g - Jambon Speck | 30g - Bresaola | 30g - Coppa Parme | Aromate romarin | Pâte à pizza maison | 30g - Lard dop | 30g - Jambon San Daniele,"1. Façonner une pâte à pizza classique, l'étaler, puis parsemer de fleur de sel et romarin. Ajouter un filet d'huile d'olive et passer au four. 2. Bien disposer dans l'assiette toute la charcuterie finement coupée. Positionner le lard sur la pâte à pizza encore chaude. Décorer avec une branche de romarin et servir.","« Plancha Charcuterie mixte » est une recette professionnelle METRO (cuisine italienne), composée de 7 ingrédients et 2 étapes, pour 2 portions, durée 15 min.","""Plancha Charcuterie mixte"" is a professional METRO recipe (italian cuisine), with 7 ingredients and 2 steps, for 2 servings.",https://www.metro.fr/inspiration/recette-chef/italie/plancha-charcuterie-mixte,METRO France – metro.fr/inspiration/recette-chef
METRO-REC-0276,Polpettone della mamma,italie,Cuisine italienne,Italian cuisine,,"Le polpettone, aussi appelé pain de viande italien, est un grand classique de la cuisine familiale transalpine. Moelleux, généreux et convivial, il se déguste aussi bien chaud que froid.",4.0,45 min,45.0,Difficile,Hard,15,15,600g Haché de bœuf | 100g Chapelure | 200g Mozzarella cossette | 200g Emmental râpé | 100g Parmesan en poudre | 1 bouquet Menthe | 1 verre Lait | 6 Œufs | Sel et poivre | 4 tranches Jambon blanc DD | 100g Petits pois | 2 Œufs durs | Parmesan | Huile d'olive | 500g Sauce tomate basilic,"1. Dans un saladier, mélanger la viande hachée, la chapelure, la mozzarella, l'emmental, le parmesan et la menthe finement hachée 2. Ensuite, il faut casser les œufs frais, puis saler et poivrer l'ensemble de la préparation. 3. Mélanger le tout en ajoutant un verre de lait. Réserver au frais pendant 1h 4. Étaler la préparation de viande sur une planche rectangulaire, recouverte de film alimentaire 5. Recouvrir avec des tranches de jambon, puis une couche de petits pois, puis de mozzarella 6. Couper les œufs cuits dur en quartier et repartir sur l'ensemble 7. Soupoudrer de parmesan 8. Rouler le tout en ballotine et le laisser reposer pendant 1h 9. Dans une grande poêle, mettre de l'huile de tournesol à chauffer 10. Retirer le film alimentaire et mettre la ballotine dans l'huile bien chaude 11. Faire cuire en tournant la ballotine délicatement pendant 10 à 15 mn 12. Faire chauffer la sauce tomate, ajouter la ballotine entière et faire mijoter pendant 15mn 13. Déposer le polpettone sur une planche et trancher 14. Disposer dans une assiette avec un filet de sauce tomate 15. Faire déguster avec l'accompagnement de votre choix","« Polpettone della mamma » est une recette professionnelle METRO (cuisine italienne), composée de 15 ingrédients et 15 étapes, pour 4 portions, durée 45 min.","""Polpettone della mamma"" is a professional METRO recipe (italian cuisine), with 15 ingredients and 15 steps, for 4 servings.",https://www.metro.fr/inspiration/recette-chef/italie/pain-viande-polpettone-della-mama,METRO France – metro.fr/inspiration/recette-chef
METRO-REC-0277,"Radiatoris ricotta, citron et asperges",italie,Cuisine italienne,Italian cuisine,,"Une recette végétale, tout en fraicheur, et surtout de saison",4.0,30 min,30.0,Facile,Easy,6,4,"400g Radiatoris METRO CHEF | 500g Asperges vertes | 250g Ricotta | 1 Citron - Jus et zeste | Huile olive vierge extra | Sel, poivre","1. Couper les talons et les éplucher, puis les détailler en 2 ou 3 parties selon la longueur. Cuire les asperges à l'anglaise dans de l'eau bouillante salée pendant 7 minutes. Les débarrasser dans de l'eau fraiche pour fixer la belle couleur verte. 2. Amener une casserole d'eau salée à ébullition. Ajouter les pâtes et cuire 8 minutes. Avant d'égoutter, réserver 4 louches d'eau de cuisson des pâtes. 3. Dans un bol, mélanger la ricotta, les zeste de citron, le jus de citron et l'huile d'olive. Saler et poivrer la préparation. Ajouter 2 louches d'eau de cuisson des pâtes. Remettre les pâtes à feu doux dans le fait-tout et ajouter la préparation de ricotta. Bien mélanger et ajouter si nécessaire encore un peu d'eau de cuisson afin d'obtenir une consistance de sauce crémeuse et bien liée. 4. Dresser soigneusement les assiettes avec les pâtes saucées et déposer des asperges. Zester encore un peu de citron par-dessus. Pour apporter un peu de croquant, ajouter quelques noisettes concassées et torréfiées à la poêle.","« Radiatoris ricotta, citron et asperges » est une recette professionnelle METRO (cuisine italienne), composée de 6 ingrédients et 4 étapes, pour 4 portions, durée 30 min.","""Radiatoris ricotta, citron et asperges"" is a professional METRO recipe (italian cuisine), with 6 ingredients and 4 steps, for 4 servings.",https://www.metro.fr/inspiration/recette-chef/italie/radiatoris-ricotta-citron-asperges,METRO France – metro.fr/inspiration/recette-chef
METRO-REC-0278,Ravioli del Mare,italie,Cuisine italienne,Italian cuisine,,,1.0,50 min,50.0,,,7,3,150g Langoustines (Queues d'écrevisses décortiquées) | 100g Crème | 30g Bisque de homard 1/2 Basso | 100g Panzerotti | Shiso green cress | Shiso purple cress | Red mustard cress,"1. Cuire les langoustines à l'eau ou à la vapeur en ayant pris soin de retirer le boyau. Détacher la tête, les pinces et la queue. Réserver la moitié des queues de langoustines pour le dressage. Décortiquer le reste puis découper en petite brunoise. 2. Faire chauffer la crème et ajouter la bisque avec les têtes et les pinces des langoustines. Laisser infuser quelques minutes puis passer l'ensemble au chinois en foulant. 3. Une fois les panzerotti cuits, les faire revenir dans une sauteuse avec la sauce bisque ainsi que la brunoise de queue de langoustine. Pendant ce temps, remettez à température les queues de langoustines au four.","« Ravioli del Mare » est une recette professionnelle METRO (cuisine italienne), composée de 7 ingrédients et 3 étapes, pour 1 portion, durée 50 min.","""Ravioli del Mare"" is a professional METRO recipe (italian cuisine), with 7 ingredients and 3 steps, for 1 serving.",https://www.metro.fr/inspiration/recette-chef/italie/ravioli-del-mare,METRO France – metro.fr/inspiration/recette-chef
METRO-REC-0279,Salade di polipo,italie,Cuisine italienne,Italian cuisine,,"Une salade de poulpe accompagnée de légumes frais, légère, qui permettra à vos clients de profiter des saveurs typiquement italiennes.",4.0,1h15 min,75.0,Moyen,Medium,9,4,1kg Poulpe | Bouquet garni | 500g Pomme de terre (Amandine) | 4 Carottes | 2branches Céleri | 160g Huile d'olive | 1 Citron | Sel et poivre | Persil,"1. Mettre le poulpe à bouillir dans une casserole pendant 50 mn à 1h avec un bouquet garni, dans l'eau salée. Laisser refroidir pendant 2h. 2. Faire bouillir les pommes de terre (20 mn). Laisser refroidir. Éplucher et couper les pommes de terre en gros cube, ainsi que les carottes et céleri en brunoise. 3. Couper les tentacules de poulpe en tronçons de différentes tailles. Dans un bol, mettre l'huile d'olive, un jus de citron pressé, sel et poivre et persil. Mélanger l'ensemble des ingrédients dans un saladier (poulpe, carotte, céleri, pomme de terre, sauce citronnée). 4. Disposer sur une assiette ovale et ajouter un filet d'huile d'olive et du persil. À déguster frais.","« Salade di polipo » est une recette professionnelle METRO (cuisine italienne), composée de 9 ingrédients et 4 étapes, pour 4 portions, durée 1h15 min.","""Salade di polipo"" is a professional METRO recipe (italian cuisine), with 9 ingredients and 4 steps, for 4 servings.",https://www.metro.fr/inspiration/recette-chef/italie/salade-di-polipo,METRO France – metro.fr/inspiration/recette-chef
METRO-REC-0280,Strudel des légumes,italie,Cuisine italienne,Italian cuisine,,,4.0,1h,60.0,,,13,4,80g Artichauts grillés | 40g Tomates séchées | 80g Aubergines grillées | 80g Courgettes grillées | 60g Oignons grillés | 80g Poivrons grillés | 150g Ricotta sèche | 250g Pâte feuilletée | 2 pièces Crêpes au pesto | 1 Jaune d'œuf | 4 gousses Ail | 2 branches Romarin | Sel et poivre,"1. Bien égoutter les légumes à l'aide d'un torchon. Etaler la pâte à l'épaisseur de 3/4 mm, faire des lingots de 2,5 cm avec la ricotta. 2. Sur du papier film, disposer les crêpes au pesto et mettre dedans la ricotta et les légumes. Assaisonner avec du sel et poivre. Rouler à l'aide du film, mettre le rouleau sur la pâte feuilletée et rouler la pâte sur le rouleau de crêpes. 3. Avec un pinceau, passer le jaune d'oeuf sur la pâte. 4. Poser sur la pâte les gousses d'ail coupées en 2, le romarin et du sel et cuire au four à 180°C pendant 40-45 minutes.","« Strudel des légumes » est une recette professionnelle METRO (cuisine italienne), composée de 13 ingrédients et 4 étapes, pour 4 portions, durée 1h.","""Strudel des légumes"" is a professional METRO recipe (italian cuisine), with 13 ingredients and 4 steps, for 4 servings.",https://www.metro.fr/inspiration/recette-chef/italie/strudel-legumes,METRO France – metro.fr/inspiration/recette-chef
METRO-REC-0281,"Club Sandwich - Œuf, poulet, mozza",plat-du-jour,Plats du jour,Daily specials,,"Ce club sandwich apporte un plaisir à chaque bouchée grâce à un mélange exquis d'œuf poché, poulet grillé, mozzarella fondante et pain croustillant.",4.0,30 min,30.0,Facile,Easy,13,24,2 Blancs de poulet | 16 tranches Pain de mie | 12g Mélange d'épice à poulet rôti | 6cl Huile d'olive | 125g Mozzarella | 1 Tomate cœur de bœuf | 4 Œufs | Salade iceberg | 15cl Huile neutre | 15g Basilic frais | 1 Jaune d'œuf | 20g Moutarde | PM Sel et poivre,"1. Mélanger les blancs de poulet avec le mélange d'épices à poulet rôti et l'huile d'olive 2. Laisser mariner minimum 4 heures au frais 3. Cuire à la poêle à feu moyen jusqu'à cuisson complète 4. Reposer quelques minutes avant de trancher 5. Déposer les feuilles de basilic lavées et séchées dans un mixeur 6. Verser l'huile neutre 7. Mixer jusqu'à obtenir une huile verte parfumée 8. Ajouter jaune d'œuf, moutarde, sel et poivre au mixeur 9. Ajouter lentement l'huile de basilic en mixant jusqu'à épaississement 10. Réserver 11. Chauffer poêle à feu moyen avec huile/beurre 12. Casser œuf délicatement sans casser le jaune 13. Cuire 1 minute jusqu'à cuisson des bords 14. Retourner délicatement avec spatule 15. Poursuivre 30/40 secondes selon préférence 16. Retirer et conserver 17. Étaler mayonnaise au basilic sur première tranche 18. Ajouter salade iceberg, tomate, mozzarella 19. Disposer blanc de poulet, œuf, mozzarella sur deuxième partie 20. Recouvrir d'une tranche de pain 21. Griller 1 minute à 160°C 22. Maintenir avec cure-dents 23. Couper en diagonale 24. Servir chaud","« Club Sandwich - Œuf, poulet, mozza » est une recette professionnelle METRO (plats du jour), composée de 13 ingrédients et 24 étapes, pour 4 portions, durée 30 min.","""Club Sandwich - Œuf, poulet, mozza"" is a professional METRO recipe (daily specials), with 13 ingredients and 24 steps, for 4 servings.",https://www.metro.fr/inspiration/recette-chef/plat-du-jour/club-sandwich,METRO France – metro.fr/inspiration/recette-chef
METRO-REC-0282,Crème de butternut et croûtons,plat-du-jour,Plats du jour,Daily specials,,Une recette économique à base de produit de saison. Les croutons viennent apporter un peu de mâche à l'onctuosité de la butternut.,4.0,45 min,45.0,Facile,Easy,7,10,1 Butternut (environ 800 g) | 1 Oignon | 20g Beurre demi-sel METRO Chef | 20cl Crème liquide METRO Chef UHT 30 % MG | 4tranches Pain | 8g Sel | 8g Poivre,"1. Peler et épépiner puis couper en morceaux la butternut. 2. Peler et émincer l'oignon. 3. Faire revenir avec le beurre l'oignon et la butternut. 4. Mouiller à hauteur avec de l'eau, et laisser cuire jusqu'à ce que la butternut soit fondante. 5. Faire cuire au four en grill le pain coupé en dés avec de l'huile d'olive pendant 8 min. 6. Saler. 7. Mixer la courge avec la crème. 8. Détendre avec l'eau de cuisson si besoin pour obtenir la consistance voulue. 9. Maintenir la soupe en liaison chaude. 10. Servir avec les croûtons.","« Crème de butternut et croûtons » est une recette professionnelle METRO (plats du jour), composée de 7 ingrédients et 10 étapes, pour 4 portions, durée 45 min.","""Crème de butternut et croûtons"" is a professional METRO recipe (daily specials), with 7 ingredients and 10 steps, for 4 servings.",https://www.metro.fr/inspiration/recette-chef/plat-du-jour/creme-butternut-crouton,METRO France – metro.fr/inspiration/recette-chef
METRO-REC-0283,Disque de soupe à l'oignon,plat-du-jour,Plats du jour,Daily specials,Jean-François Bury,"Notre disque de soupe à l'oignon au vin blanc et bouillon de poulet est un délice original, croustillant et réconfortant",8.0,1h20 min,80.0,Facile,Easy,11,19,12 Oignons jaunes | 100g Beurre | 250g Vin Blanc | 3l Bouillon de poulet | 30g Farine torréfiée | 4 tranches Pain tramezzini | 100g Beurre | 100g Comté 24mois | 1 botte Cerfeuil | PM Oignons rouges pickles | 200g Crème montée 35%,"1. Éplucher et émincer tous les oignons 2. Les mettre à colorer dans une casserole avec du beurre jusqu'à ce qu'ils soient caramélisés 3. Déglacer avec le vin et laisser réduire à sec 4. Ajouter le bouillon, la farine et bien mélanger 5. Porter à ébullition et laisser mijoter 15 minutes 6. Passer au chinois 7. Récupérer les oignons qui vont nous servir de compotée 8. Étaler sur une planche la tranche de pain tramezzini 9. L'aplatir à l'aide d'un rouleau à pâtisserie 10. Détailler un disque de 10 cm de diamètre 11. Ajourer ce disque à l'aide de petits emporte-pièce de différentes tailles 12. Bien beurrer les deux côtés du disque et mettre à cuire au four entre deux plaques et deux feuilles de papier de cuisson : 160 degrés pendant 20 minutes 13. Disposer quelques points de crème montée sur le disque ajouré 14. Râper du comté généreusement sur le disque de pain à l'aide d'une micro plane 15. Mettre quelques pluches de cerfeuil et des morceaux d'oignons rouges pickles 16. Dans une casserole, réchauffer la compotée d'oignons 17. Disposer au milieu de l'assiette à l'aide d'un emporte-pièce cette compotée 18. Positionner sur le dessus le disque de pain ajouré et décoré 19. Verser le bouillon en salle","« Disque de soupe à l'oignon » est une recette professionnelle METRO (plats du jour) signée Jean-François Bury, composée de 11 ingrédients et 19 étapes, pour 8 portions, durée 1h20 min.","""Disque de soupe à l'oignon"" is a professional METRO recipe (daily specials) by Jean-François Bury, with 11 ingredients and 19 steps, for 8 servings.",https://www.metro.fr/inspiration/recette-chef/plat-du-jour/soupe-oignon-disque,METRO France – metro.fr/inspiration/recette-chef
METRO-REC-0284,Escalope de veau marinée croustillante,plat-du-jour,Plats du jour,Daily specials,,,4.0,30 min,30.0,Moyen,Medium,16,13,640g Escalopes de veau | 150g Beurre (pour la cuisson) | 30g Paprika doux | 60cl Huile d'olive | 100g Citron vert | 12g Sel | 12g Poivre | 120g Chapelure | 2 Oeufs | 30g Farine | 100g Oignons rouges | 150g Tomates | 60cl Huile d'olive | 40cl Vinaigre balsamique | 300g Roquette | 40g Parmesan,"1. Tailler des escalopes de veau d'environ 160 gr. 2. A l'aide d'un attendrisseur à viande, aplatir l'escalope à une épaisseur d'environ 0,5cm. 3. Mélanger l'huile d'olive avec le paprika, ainsi que les zestes de citron vert. 4. Assaisonner vos escalopes de sel et de poivre. 5. Badigeonner la marinade sur vos escalopes. 6. Réserver au frais minimum 3 heures. 7. Paner vos escalopes à l'anglaise. 8. Dans un beurre noisette, faire colorer vos escalopes de chaque côtés. 9. Durant la cuisson, arroser vos escalopes. 10. Emincer vos oignons rouges, vider les tomates et les tailler en brunoise. 11. Compléter à l'huile d'olive et ajouter le vinaigre balsamique. 12. Assaisonner votre salade de roquette avec votre vinaigrette. 13. Au moment du dressage, râper du parmesan frais par-dessus la roquette.","« Escalope de veau marinée croustillante » est une recette professionnelle METRO (plats du jour), composée de 16 ingrédients et 13 étapes, pour 4 portions, durée 30 min.","""Escalope de veau marinée croustillante"" is a professional METRO recipe (daily specials), with 16 ingredients and 13 steps, for 4 servings.",https://www.metro.fr/inspiration/recette-chef/plat-du-jour/escalope-veau-marinee,METRO France – metro.fr/inspiration/recette-chef
METRO-REC-0285,Fettuccine à la crème de tartufata et burratina,plat-du-jour,Plats du jour,Daily specials,,,4.0,30 min,30.0,Facile,Easy,8,9,1l Crème liquide | 13g Sel | 180g Tartufata | 600g Fettuccine | 100g Champignon de paris brun | 200g Burratina | 12g Poivre de kampott | 12g Fleur de sel,"1. Dans une casserole, faire réduire à feu moyen la crème liquide de moitié 2. Ajouter la crème de tartufata, assaisonner avec du sel et du poivre 3. Faire cuire vos fettuccine jusqu'à environ 80% de cuisson 4. Égoutter en conservant l'eau de cuisson des pâtes 5. Terminer la cuisson des pâtes dans la crème de tartufata 6. Si besoin, ajouter quelques louches d'eau de cuisson pour ajuster la consistance de la sauce 7. Tailler de fines tranches de champignons brun cru 8. Dresser les fettuccine au centre de l'assiette, déposer une burratina et disposer quelques tranches de champignons 9. Finir avec une pincée de fleur de sel et un tour de moulin à poivre","« Fettuccine à la crème de tartufata et burratina » est une recette professionnelle METRO (plats du jour), composée de 8 ingrédients et 9 étapes, pour 4 portions, durée 30 min.","""Fettuccine à la crème de tartufata et burratina"" is a professional METRO recipe (daily specials), with 8 ingredients and 9 steps, for 4 servings.",https://www.metro.fr/inspiration/recette-chef/plat-du-jour/Fettuccine,METRO France – metro.fr/inspiration/recette-chef
METRO-REC-0286,Finger de bavette et pommes de terre au jus,plat-du-jour,Plats du jour,Daily specials,,,4.0,45 min,45.0,Facile,Easy,12,15,600g Bavette | 200g Oignons rouges | 1 Persil plat frais | 80g Ail | 200cl Huile d'olive | 30g Piments concassées | 40cl Vinaigre de vin rouge | 700g Pomme de terre grenaille | 20g Gros sel | 12g Fleur de sel | 100g Fond de veau lié | 300cl Eau,"1. Tailler la bavette en fingers dans le sens inverse des fibres. 2. Réservez au frais. 3. Ciseler l'oignon rouge ainsi que le persil plat. 4. Hacher l'ail, puis mélanger le tout. 5. Ajouter l'huile d'olive, les piments concassés et le vinaigre de vin rouge. 6. Assaisonner de sel. 7. Faire cuire les pommes grenaille dans de l'eau salée froide. 8. Une fois cuites, laisser refroidir et couper en deux dans le sens de la longueur. 9. Faire colorer dans une friteuse avec de l'huile à 180°C. 10. Dans une casserole, faire réduire votre fond de veau préalablement réhydraté au ¾. 11. Plonger les pommes de terre dans votre fond de veau réduit, laissez cuire quelques minutes. 12. Les pommes de terre doivent être glacées avec le jus de veau. 13. Assaisonner puis snacker vos fingers de bavette quelques secondes à feu vif. 14. Disposer les fingers sur les pommes de terre glacées. 15. Finir avec la sauce et une bonne pincée de fleur de sel.","« Finger de bavette et pommes de terre au jus » est une recette professionnelle METRO (plats du jour), composée de 12 ingrédients et 15 étapes, pour 4 portions, durée 45 min.","""Finger de bavette et pommes de terre au jus"" is a professional METRO recipe (daily specials), with 12 ingredients and 15 steps, for 4 servings.",https://www.metro.fr/inspiration/recette-chef/plat-du-jour/finger-bavette,METRO France – metro.fr/inspiration/recette-chef
METRO-REC-0287,"Foie gras, gelée de langoustine et chutney de mangue",plat-du-jour,Plats du jour,Daily specials,Alex Cook,Ce foie gras accompagné par sa gelée de langoustine et son chutney de mangue révèle une alliance savoureuse de textures pour ravir les palais.,10.0,5h,300.0,Moyen,Medium,13,25,"500g Carcasses de langoustines | 12cl Porto | 2 Échalotes | 4cl Vinaigre et purée de mangue | 50cl Eau | 3cl Huile neutre | 700g Foie gras | Sel, Poivre | 4 Mangues fraîches | 150g Sucre blanc | 12cl Sauternes | 2 Échalotes | Coriandre","1. Dans une casserole à feu vif, verser un fond d'huile neutre 2. Faire revenir les carcasses de langoustines et ajouter les échalotes 3. Laisser dorer légèrement 4. Déglacer au porto et faire flamber 5. Mouiller à hauteur avec de l'eau et laisser réduire à feu doux pendant environ 1 heure afin d'obtenir un bouillon concentré en saveurs 6. Passer le bouillon dans un premier temps au chinois pour enlever les grosses particules 7. Dans un second temps, filtrer le bouillon à l'aide d'un torchon propre afin d'obtenir une gelée parfaitement lisse 8. Hydrater les feuilles de gélatine dans de l'eau froide selon les instructions du fabricant 9. Ajoutez les feuilles de gélatine hydratées au bouillon filtré 10. Bien remuer pour assurer une répartition homogène de la gélatine 11. Assaisonner le bouillon avec du sel et du poivre selon votre goût 12. Verser la gelée dans des assiettes et placer au réfrigérateur pendant au moins 4 heures, jusqu'à ce que la gelée soit bien prise 13. Dans une casserole à feu moyen, faire fondre le sucre jusqu'à obtenir un caramel à sec, c'est-à-dire un caramel bien doré sans ajout d'eau 14. Déglacer le caramel en ajoutant le Sauternes, en faisant attention aux éventuelles projections 15. Bien remuer pour dissoudre le caramel dans le vin 16. Ajouter les mangues coupées en brunoise dans la casserole 17. Laisser cuire à feu doux pendant environ 45 minutes, en remuant de temps en temps, jusqu'à ce que les mangues soient bien cuites et que le jus ce soit totalement évaporé 18. Une fois les mangues cuites, ajouter les échalotes hachées et la coriandre ciselée 19. Goûter le chutney et ajuster l'assaisonnement avec du sel et du poivre selon vos préférences 20. Laisser le chutney refroidir à température ambiante avant de le transférer dans un récipient hermétique 21. Il peut être conservé au réfrigérateur pendant quelques semaines 22. Déposer une portion de gelée au centre de chaque assiette 23. Disposer une quenelle de chutney à la mangue par-dessus la gelée de manière équilibrée 24. Placer une tranche de foie gras d'environ 0.5 cm d'épaisseur (70 gr) délicatement sur la gelée, en la superposant légèrement au chutney pour créer de la hauteur 25. Ajouter une fleur comestible ou des micro-pousses pour garnir et apporter de la couleur (Facultatif)","« Foie gras, gelée de langoustine et chutney de mangue » est une recette professionnelle METRO (plats du jour) signée Alex Cook, composée de 13 ingrédients et 25 étapes, pour 10 portions, durée 5h.","""Foie gras, gelée de langoustine et chutney de mangue"" is a professional METRO recipe (daily specials) by Alex Cook, with 13 ingredients and 25 steps, for 10 servings.",https://www.metro.fr/inspiration/recette-chef/plat-du-jour/foie-gras-langoustine-chutney-mangue,METRO France – metro.fr/inspiration/recette-chef
METRO-REC-0288,Lasagnes au poulet et aux champignons,plat-du-jour,Plats du jour,Daily specials,,"Les lasagnes au poulet et champignons offrent une version gourmande et savoureuse de ce classique italien. Avec une sauce crémeuse, du poulet tendre et des champignons, elles sont parfaites pour un repas réconfortant et convivial.",4.0,1h15 min,75.0,Facile,Easy,9,8,400g Champignons de Paris | 8cl Huile d'olive | 8g Sel | 8g Poivre | 4 Blancs de poulet | 40g Beurre demi-sel | 40g Farine de blé | 40cl Lait entier | 10 feuilles Lasagne,"1. Couper les champignons de Paris en quatre 2. Faire revenir dans une poêle chaude 3. Couper les filets de poulet en morceaux 4. Faire cuire dans une poêle chaude 5. Réaliser une béchamel avec le beurre, la farine et le lait 6. Monter les lasagnes en alternant poulet, champignons, béchamel et feuilles de lasagne 7. Finir par une couche de béchamel 8. Faire cuire au four 30 min à 180 degrés","« Lasagnes au poulet et aux champignons » est une recette professionnelle METRO (plats du jour), composée de 9 ingrédients et 8 étapes, pour 4 portions, durée 1h15 min.","""Lasagnes au poulet et aux champignons"" is a professional METRO recipe (daily specials), with 9 ingredients and 8 steps, for 4 servings.",https://www.metro.fr/inspiration/recette-chef/plat-du-jour/lasagne-poulet-champignon,METRO France – metro.fr/inspiration/recette-chef
METRO-REC-0289,Les œufs en meurette,plat-du-jour,Plats du jour,Daily specials,Vincent Ferniot,Vous trouverez souvent des recettes d'œufs Meurette traditionnellement pochés dans le vin rouge (de Bourgogne bien sûr). Je n'y suis pas favorable pour deux raisons : je trouve d'abord que cela donne aux œufs une couleur peu agréable et un goût « de vinasse ».,2.0,30 min,30.0,Moyen,Medium,15,19,30cl Vin rouge fruité (Bourgogne rouge) | 1 Échalote ciselée finement | 1/2 Oignon rouge (ou oignon doux) | 1cuillerée Maïzena | 3cl Crème de cassis | 25g Beurre ½ sel | Poivre noir du moulin | 4 Œufs très frais | 1/2botte Oignons nouveaux (3 à 4 oignons par personne) | 50g Petits lardons de poitrine fumée | 100g Petits champignons de Paris | 10cl Vinaigre d'alcool blanc | 1grande tranche Pain de mie | 2branches Persil plat | 5g Beurre fondu,"1. Faire étuver 5 minutes l'échalote ciselée et le demi-oignon rouge avec le beurre dans une casserole sans colorer. 2. Verser le vin rouge. 3. Au premier bouillon, flamber le vin avec une allumette. 4. Quand la flamme s'est éteinte verser la crème de cassis et laisser réduire le liquide de moitié à frémissement. 5. Après réduction, lier avec un peu de Maïzena (en la diluant dans un bol avec un peu de sauce et en reversant dans la sauce en mélangeant). 6. Faire pocher les œufs un à un dans 1 litre d'eau, avec 10cl de vinaigre (selon recette) en créant un tourbillon dans l'eau et en versant l'œuf au centre du tourbillon. 7. Laisser cuire trois minutes, égoutter et réserver dans de l'eau chaude du robinet (50°). On peut aller plus vite avec 2 casseroles. 8. Faire blondir les lardons à la poêle à sec. 9. Ajouter les petits oignons nouveaux coupés en 2 dans la longueur (ou 4 si plus gros). 10. Ajouter les champignons équeutés et nettoyés, coupés en 4. 11. Faire revenir la face coupée des oignons et champignons contre la poêle et éteindre le feu sous la poêle une fois que tout a blondi. 12. Tartiner au pinceau le pain de mie avec le beurre fondu et mettre à griller au grille-pain (ou à la poêle). 13. Les tailler en petits dés quand ils sont blonds et croustillants et les ajouter dans la poêlée d'oignons et lardons. 14. Incorporer le beurre froid (pas trop) en morceaux à la sauce au vin chaude avec un fouet (on ne fouette pas sinon la sauce s'opacifie). 15. Goûter et rectifier en sel. 16. Poser les œufs pochés égouttés dans des assiettes creuses, bols ou ramequins. 17. Napper généreusement avec la sauce. 18. Ajouter oignons, lardons, champignons, croûtons. 19. Donner un tour de moulin à poivre et parsemer de persil plat ciselé avant de servir.","« Les œufs en meurette » est une recette professionnelle METRO (plats du jour) signée Vincent Ferniot, composée de 15 ingrédients et 19 étapes, pour 2 portions, durée 30 min.","""Les œufs en meurette"" is a professional METRO recipe (daily specials) by Vincent Ferniot, with 15 ingredients and 19 steps, for 2 servings.",https://www.metro.fr/inspiration/recette-chef/plat-du-jour/oeuf-meurette,METRO France – metro.fr/inspiration/recette-chef
METRO-REC-0290,Linguine pesto ail des ours,plat-du-jour,Plats du jour,Daily specials,,,4.0,30 min,30.0,Facile,Easy,8,9,"230g Ail des ours | 12g Gros sel | 80g Pignons de pin | 100g Parmesan en poudre | 0,15l Huile d'olive | 700g Linguines | 8g Sel fin | 60g Parmesan copeaux","1. Équeuter les feuilles d'ail des ours. 2. Faire blanchir les feuilles dans une eau bouillante salée, 10 à 15 secondes, puis les plonger dans une glaçante. 3. Essorer vos feuilles d'ail des ours. 4. A l'aide d'un mixeur, mixer l'ail des ours, pignons de pin, parmesan, tout en versant l'huile d'olive en filet. 5. Faire cuire vos linguines dans une eau bouillante salée, égouttez. 6. Conserver le jus de cuisson des pâtes. 7. À feu doux, lier vos pâtes à votre pesto d'ail des ours. 8. Ajouter quelques louches d'eau de cuisson si nécessaire. 9. Au moment du dressage, finir avec quelques copeaux de parmesan.","« Linguine pesto ail des ours » est une recette professionnelle METRO (plats du jour), composée de 8 ingrédients et 9 étapes, pour 4 portions, durée 30 min.","""Linguine pesto ail des ours"" is a professional METRO recipe (daily specials), with 8 ingredients and 9 steps, for 4 servings.",https://www.metro.fr/inspiration/recette-chef/plat-du-jour/linguine-pesto-ail-ours,METRO France – metro.fr/inspiration/recette-chef
METRO-REC-0291,Linguine St Jacques et chorizo,plat-du-jour,Plats du jour,Daily specials,,,4.0,40 min,40.0,Moyen,Medium,11,9,500g Linguine | 20g Gros sel | 120g Oignons jaune | 25cl Crème liquide 30% MT | 180g Chorizo doux | 100cl Vin blanc sec | 150g Beurre demi sel | 10g Sel fin | 12cl Huile neutre | 3g Poivre de Kampott | 450g St Jacques,"1. Dans une eau bouillante salée, faites cuire les linguines al-dente. 2. Réserver l'eau de cuisson chargée en amidon. 3. Éplucher vos oignons et les ciseler. 4. Tailler en brunoise le chorizo. 5. Dans une russe, faire caraméliser les oignons avec le chorizo, déglacer ensuite au vin blanc puis crémer. 6. Laisser réduire à feu doux 5 minutes votre crème de chorizo, ajouter les linguines cuites puis détendre votre crème de chorizo avec quelques louches d'eau de cuisson. 7. Rectifier l'assaisonnement. 8. Dans une poêle chaude verser un filet d'huile neutre, snacker de chaque côté vos st jacques assaisonnées au préalable et ajoutez une noisette de beurre. 9. Dresser vos linguines au centre de l'assiette, disposer vos st jacques par-dessus, finir avec la décoration de votre choix (cerfeuil, pousses de petits pois etc ...).","« Linguine St Jacques et chorizo » est une recette professionnelle METRO (plats du jour), composée de 11 ingrédients et 9 étapes, pour 4 portions, durée 40 min.","""Linguine St Jacques et chorizo"" is a professional METRO recipe (daily specials), with 11 ingredients and 9 steps, for 4 servings.",https://www.metro.fr/inspiration/recette-chef/plat-du-jour/linguine-st-jacques,METRO France – metro.fr/inspiration/recette-chef
METRO-REC-0292,Moules au chorizo,plat-du-jour,Plats du jour,Daily specials,,"Revisitez un grand classique de la cuisine de la mer avec cette recette de moules au chorizo. Alliant la douceur des moules et le piquant subtil du chorizo, ce plat est rehaussé d'une sauce crémeuse au vin blanc, relevée d'ail, de piment vert et de noisettes croquantes.",4.0,40 min,40.0,Facile,Easy,10,11,180g Chorizo doux | 200g Oignons blancs | 400cl Crème fraîche | 1 Piment vert | 3kg Moules | 20cl Vin blanc sec | 12g Ail | 2 Persil plat frais | 40g Noisettes | 40g Cébettes,"1. Tailler en brunoise le chorizo 2. Ciseler vos oignons 3. Emincer le piment vert ainsi que les oignons cébettes 4. Dans un rondeau faire revenir le chorizo, les oignons, l'ail, le piment vert 5. À coloration, déglacer au vin blanc 6. Laisser réduire puis crémer 7. Laisser réduire de nouveau 8. À feu vif, verser les moules préalablement lavées et égouttées, mélanger les moules à votre crème de chorizo 9. Couvrir 1 à 2 minutes 10. Ajouter le persil plat ciselé, mélanger 11. Dresser vos moules en assiette creuse, finir avec quelques noisettes et cébettes","« Moules au chorizo » est une recette professionnelle METRO (plats du jour), composée de 10 ingrédients et 11 étapes, pour 4 portions, durée 40 min.","""Moules au chorizo"" is a professional METRO recipe (daily specials), with 10 ingredients and 11 steps, for 4 servings.",https://www.metro.fr/inspiration/recette-chef/plat-du-jour/moules-chorizo,METRO France – metro.fr/inspiration/recette-chef
METRO-REC-0293,Mousse au chocolat avec copeaux,plat-du-jour,Plats du jour,Daily specials,,Proposez cette économique mais délicieuse mousse au chocolat assortie de ses copeaux de chocolat pour lui donner du croquant.,6.0,25 min,25.0,Facile,Easy,7,9,250g Chocolat noir | 40g Crème liquide | 100g Beurre demi-sel | 4 Œufs clarifiés | 60g Sucre | 8g Fleur de sel | 10g Copeaux de chocolat noir,"1. Faire fondre le chocolat au bain-marie. 2. Ajouter la crème et le beurre et laisser reposer quelques minutes pour que le beurre fonde. 3. Mélanger. 4. Ajouter les jaunes d'œufs et le sucre et mélanger de nouveau. 5. Ajouter la fleur de sel. 6. Battre les blancs en neige, puis ajouter à la préparation. 7. Verser en ramequin et laisser prendre au frais minimum 4h. 8. Réaliser des copeaux de chocolat et parsemer à l'envoi sur la mousse. 9. Les mousses sont prêtes pour le service.","« Mousse au chocolat avec copeaux » est une recette professionnelle METRO (plats du jour), composée de 7 ingrédients et 9 étapes, pour 6 portions, durée 25 min.","""Mousse au chocolat avec copeaux"" is a professional METRO recipe (daily specials), with 7 ingredients and 9 steps, for 6 servings.",https://www.metro.fr/inspiration/recette-chef/plat-du-jour/mousse-chocolat-copeaux,METRO France – metro.fr/inspiration/recette-chef
METRO-REC-0294,Pappardelle aux deux saumons,plat-du-jour,Plats du jour,Daily specials,,,4.0,30 min,30.0,Facile,Easy,10,16,300g Filet de saumon frais | 60g Câpres | 100g Oignons blancs | 150cl Vin blanc sec | 600cl Crème liquide | 500g Pappardelle | 12 Sel | 120g Citron vert | 1 Aneth | 150g Saumon fumé,"1. Tailler le saumon frais en petits cubes d'environ 1 cm. 2. Hacher les câpres et ciseler les oignons. 3. Dans une poêle, faire revenir pendant 1 à 2 minutes les dés de saumon et les oignons dans du beurre. 4. Ajouter les câpres et déglacer au vin blanc. 5. Laisser réduire de moitié le vin blanc, puis ajouter la crème. 6. Laisser réduire à feu doux jusqu'à ce que la crème soit nappante. 7. Dans une casserole d'eau bouillante salée, mettre les pappardelles à cuire. 8. Faire cuire à 80%. 9. Égoutter les pappardelles, conserver l'eau de cuisson. 10. Finir la cuisson des pâtes dans la crème au saumon. 11. Si besoin, ajouter quelques louches d'eau de cuisson afin de rectifier la liaison. 12. Au moment de servir, presser le jus d'un citron vert. 13. Ciseler l'aneth et zester votre citron vert. 14. Rectifier l'assaisonnement. 15. Dresser vos papardelles dans une assiette, disposer quelques morceaux de saumon fumé par-dessus. 16. Finir avec quelques pluches d'aneth.","« Pappardelle aux deux saumons » est une recette professionnelle METRO (plats du jour), composée de 10 ingrédients et 16 étapes, pour 4 portions, durée 30 min.","""Pappardelle aux deux saumons"" is a professional METRO recipe (daily specials), with 10 ingredients and 16 steps, for 4 servings.",https://www.metro.fr/inspiration/recette-chef/plat-du-jour/pappardelles-saumon,METRO France – metro.fr/inspiration/recette-chef
METRO-REC-0295,Parmentier de patates douces,plat-du-jour,Plats du jour,Daily specials,,Proposez cette recette économique et originale de parmentier. Le mix pommes de terre/patate douce apporte une saveur exotique.,4.0,1h30 min,90.0,Facile,Easy,8,14,600g Patates douce | 200g Pommes de terre | 50g Beurre demi-sel | 8g Sel | 8g Poivre | 400g Viande hachée | 1 Oignon | 2 Carottes moyennes,1. Éplucher les pommes de terre et les patates douces. 2. Faire cuire dans de l'eau bouillante salée. 3. Écraser les pommes de terre et les patates douces. 4. Mélanger avec le beurre. 5. Saler et poivrer. 6. Peler et ciseler l'oignon et les carottes. 7. Faire revenir l'oignon et la carotte. 8. Ajouter la viande hachée. 9. Laisser cuire. 10. Dresser la viande dans un plat. 11. Ajouter par-dessus la purée. 12. Ajouter quelques noisettes de beurre sur le dessus. 13. Faire dorer au four à 180 degrés pendant 30 min. 14. Servir.,"« Parmentier de patates douces » est une recette professionnelle METRO (plats du jour), composée de 8 ingrédients et 14 étapes, pour 4 portions, durée 1h30 min.","""Parmentier de patates douces"" is a professional METRO recipe (daily specials), with 8 ingredients and 14 steps, for 4 servings.",https://www.metro.fr/inspiration/recette-chef/plat-du-jour/parmentier-patate-douce,METRO France – metro.fr/inspiration/recette-chef
METRO-REC-0296,Poké saumon mango,plat-du-jour,Plats du jour,Daily specials,,,4.0,45 min,45.0,Facile,Easy,12,12,620cl Eau | 600g Riz à sushis | 80cl Assaisonnement sushi | 100g Oignons rouges | 1 Coriandre | 80cl Sauce soja sucrée | 20g Pate de miso | 5cl Jus de yuzu | 400g Filet de saumon | 1 Mangue fraiche | 1 Cébettes | 20g Oignons frit,"1. Laver le riz à l'eau, répéter l'opération plusieurs fois jusqu'à ce que l'eau reste claire 2. Dans un auto-cuiseur ou dans une casserole, mettre l'eau et le riz 3. En fin de cuisson, débarrasser le riz encore chaud et verser l'assaisonnement à sushis 4. Mélanger délicatement avec une spatule humidifiée 5. Couvrir au contact et réserver à température ambiante 6. Ciseler les oignons rouges ainsi que la coriandre 7. Tailler en cubes d'environ 1 cm le saumon frais 8. Mélanger les éléments 9. Dans un cul-de-poule, mélanger la sauce soja sucrée, la pâte de miso ainsi que le jus de yuzu 10. Verser la préparation sur votre saumon 11. Dresser dans une assiette creuse le riz à température ambiante et le saumon 12. Disposer quelques cubes de mangue fraîche finissez par de la cébette ciselée et oignons frits","« Poké saumon mango » est une recette professionnelle METRO (plats du jour), composée de 12 ingrédients et 12 étapes, pour 4 portions, durée 45 min.","""Poké saumon mango"" is a professional METRO recipe (daily specials), with 12 ingredients and 12 steps, for 4 servings.",https://www.metro.fr/inspiration/recette-chef/plat-du-jour/poke-saumon-mango,METRO France – metro.fr/inspiration/recette-chef
METRO-REC-0297,Risotto au butternut et Saint-Jacques,plat-du-jour,Plats du jour,Daily specials,Alex Cook,Cette recette de risotto aussi simple que savoureuse allie la douceur du butternut et la délicatesse des Saint-Jacques.,4.0,1h,60.0,Facile,Easy,14,17,"1 Butternut | 1 Tête d'ail | 80cl Fond blanc de volaille | 2 Oignons blancs | 280g Riz arborio | 7cl Vin blanc | 80cl Fond blanc de volaille | 150g Parmesan | 100g Beurre | 16 Noix de Saint-Jacques | 120g Coppa | 2 Burrata | 6g Estragon | Huile d'olive, Sel, Poivre","1. Éplucher et couper le butternut grossièrement 2. Réserver 1/3 du butternut et le tailler en brunoise, puis conserver 3. Dans un four préchauffé à 180°C, faire rôtir le butternut coupé grossièrement avec la tête d'ail dans un filet d'huile d'olive, jusqu'à ce qu'ils soient tendres (vérifier à l'aide d'un couteau) 4. Récupérer l'intérieur de la tête d'ail confite, l'ajouter au butternut, puis mixer 5. Ajouter quelques louches de fond blanc de volaille si nécessaire 6. Dans une casserole, faire revenir sans coloration les oignons ciselés ainsi que la brunoise de butternut dans de l'huile d'olive 7. Ajouter le riz arborio et remuer jusqu'à ce qu'il devienne nacré 8. Verser le vin blanc et laisser cuire jusqu'à évaporation 9. Ajouter le fond blanc de volaille chaud progressivement en remuant constamment jusqu'à ce que le riz absorbe le liquide 10. Finir avec le beurre ainsi que le parmesan râpé 11. Rectifier l'assaisonnement 12. Tailler les noix de Saint-Jacques crues en tartare, ajoutez la coppa coupée très fin et l'estragon haché, assaisonnez avec du sel, du poivre et un filet d'huile d'olive 13. Tailler votre burrata en deux 14. Servir le risotto en assiette creuse 15. Déposer une demi-burrata crémeuse au centre de chaque portion 16. Déposez une quenelle de tartare de Saint-Jacques sur votre demi-burrata 17. Finir avec une pointe de fleur de sel, des flocons de piment selon votre goût","« Risotto au butternut et Saint-Jacques » est une recette professionnelle METRO (plats du jour) signée Alex Cook, composée de 14 ingrédients et 17 étapes, pour 4 portions, durée 1h.","""Risotto au butternut et Saint-Jacques"" is a professional METRO recipe (daily specials) by Alex Cook, with 14 ingredients and 17 steps, for 4 servings.",https://www.metro.fr/inspiration/recette-chef/plat-du-jour/risotto-butternut-saint-jacques,METRO France – metro.fr/inspiration/recette-chef
METRO-REC-0298,"Risotto croustillant, bar rôtie et sauce safran",plat-du-jour,Plats du jour,Daily specials,Alex Cook,,4.0,45 min (2h de repos),,Moyen,Medium,21,30,"200g Riz arborio | 60ml Vin blanc | 1 Oignon | 100g Beurre | 70g Parmesan râpé | Zeste d'un citron vert | Jus d'un demi-citron vert | Sel, poivre | 500ml Fond blanc de volaille | 50g Farine | 1 Oeuf battu | 100g Panko | 150g Extrémités d'asperges | 30cl Crème liquide | 1 pincée Safran en poudre | Sel, poivre | 8 Asperges | 4 Filets de bar | 50g Beurre | 2 Càs Huile d'olive | Sel, poivre","1. Faire chauffer le fond blanc de volaille dans une casserole à feu moyen 2. Dans une autre casserole, à feu moyen, verser un filet d'huile d'olive 3. Ajouter l'oignon ciselé et le faire revenir jusqu'à ce qu'il soit translucide 4. Ajouter le riz arborio dans la casserole avec l'oignon et remuer pendant environ une minute jusqu'à ce que les grains de riz soient nacrés 5. Déglacer le vin blanc dans la casserole avec le riz et laisser réduire jusqu'à ce que le vin soit complètement absorbé 6. Ajouter le fond blanc de volaille chaud, une louche à la fois, en remuant constamment et en attendant que le liquide soit absorbé avant d'ajouter la louche suivante 7. Continuer jusqu'à ce que le risotto soit cuit al dente 8. Ajouter le beurre, le zeste de citron vert, le jus de citron vert, le parmesan râpé, le sel et le poivre au risotto cuit 9. Bien mélanger 10. Étaler le risotto cuit sur une plaque et laisser refroidir complètement 11. Une fois refroidi, tailler le risotto en 4 disques à l'aide d'un emporte-pièce 12. Pour la panure, passer chaque disque de risotto dans la farine, puis dans l'œuf battu, et enfin dans la panko, en vous assurant de bien enrober chaque disque 13. Faire chauffer de l'huile dans une friteuse à 180C° 14. Faire frire les disques de risotto panés jusqu'à ce qu'ils soient dorés et croustillants des deux côtés 15. Retirer les disques de risotto et les déposer sur du papier absorbant pour éliminer l'excès d'huile 16. Faire revenir les extrémités d'asperge dans du beurre jusqu'à ce qu'elles soient bien dorées 17. Ajouter la crème liquide, le safran, et assaisonner de sel et de poivre 18. Laisser réduire jusqu'à obtenir une sauce bien nappante 19. A l'aide d'un économe éplucher vos asperges 20. Conserver les têtes que vous cuirez à l'anglaise 21. Après la cuisson, refroidir dans de l'eau glacée 22. Tailler la partie du milieu en petite brunoise et réserver les têtes de coté 23. Faire cuire les filets de bar côté peau dans une poêle à feu moyen 24. Ajouter une bonne noisette de beurre et arroser 25. Retirer une fois cuit 26. Faire rôtir quelques secondes au beurre votre brunoise d'asperge ainsi que les têtes 27. Dans une assiette creuse, commencer par déposer le risotto croustillant 28. Disposer au fond la brunoise d'asperge 29. Verser délicatement la sauce tout autour 30. Terminer en plaçant le filet de bar sur le dessus, accompagné de 2 têtes d'asperge","« Risotto croustillant, bar rôtie et sauce safran » est une recette professionnelle METRO (plats du jour) signée Alex Cook, composée de 21 ingrédients et 30 étapes, pour 4 portions, durée 45 min (2h de repos).","""Risotto croustillant, bar rôtie et sauce safran"" is a professional METRO recipe (daily specials) by Alex Cook, with 21 ingredients and 30 steps, for 4 servings.",https://www.metro.fr/inspiration/recette-chef/plat-du-jour/risotto-bar-sauce-safran,METRO France – metro.fr/inspiration/recette-chef
METRO-REC-0299,Saumon rosé en croûte de saté,plat-du-jour,Plats du jour,Daily specials,,,4.0,35 min,35.0,Facile,Easy,11,10,600g Filet de saumon | Sel | 60g Beurre | 80g Chapelure | 60g Saté en poudre | 400g Betteraves | 50cl Huile d'olive | 25g Citron vert | Aneth | Cerfeuil | Fleur de sel,"1. Assaisonner les pavés de saumon avec du sel et les enfourner 16 minutes à 58°C, côté peau vers le haut. 2. Réserver ensuite dans une cellule de refroidissement. 3. A l'aide de la feuille d'un robot, mélanger doucement le beurre pommade avec la chapelure ainsi que le saté en poudre. 4. Étaler la préparation entre deux feuilles de papier cuisson à environ 0,3 mm d'épaisseur. 5. Placer la préparation au congélateur pendant quelques minutes afin que le beurre fige. 6. Tailler les croûtes de saté en bandes et les disposer sur le dessus du saumon. 7. Enfourner le tout pendant 3 minutes à 180°C. 8. À l'aide d'une mandoline, tailler les betteraves crues. 9. Mélanger l'huile d'olive avec le jus de citron, puis assaisonner vos betteraves avec cette préparation. 10. Au moment du dressage, disposer quelques pluches d'herbes fraîches ainsi qu'une pincée de fleur de sel.","« Saumon rosé en croûte de saté » est une recette professionnelle METRO (plats du jour), composée de 11 ingrédients et 10 étapes, pour 4 portions, durée 35 min.","""Saumon rosé en croûte de saté"" is a professional METRO recipe (daily specials), with 11 ingredients and 10 steps, for 4 servings.",https://www.metro.fr/inspiration/recette-chef/plat-du-jour/saumon-croute-sate,METRO France – metro.fr/inspiration/recette-chef
METRO-REC-0300,Sweet rice coco poivrons avec faux-filet rôti,plat-du-jour,Plats du jour,Daily specials,Alex Cook,Une recette originale pour cuisiner le faux-filet qui ravira et surprendra l'ensemble de vos clients.,4.0,30 min,30.0,Facile,Easy,13,20,800g Faux filet | 10cl Sauce soja sucrée | 3 Poivrons Sweet Palermo | 4 gousses Ail | 400ml Lait de coco | 60g Beurre | PM Coriandre ciselée | 800g Riz basmati | 200g Fêta | PM Oignons crispy | PM Velours de balsamique à la framboise | 1 pincée Fleur de sel | PM Poivre du moulin,"1. Tailler 800 g de faux-filet en portions de 200 g chacune 2. Chauffer une poêle à feu vif 3. Snacker les portions de faux filet pendant environ une minute de chaque côté 4. Déglacer avec la sauce soja sucrée 5. Laisser les morceaux de viande s'imbiber de la sauce jusqu'à ce qu'ils soient bien laqués 6. Retirer les morceaux de faux filet de la poêle et réserver 7. Tailler les poivrons Sweet Palermo en fine brunoise 8. Hacher finement les 4 gousses d'ail 9. Ajouter les poivrons et l'ail dans la même poêle 10. Faire revenir jusqu'à ce que les légumes soient tendres 11. Verser 400 ml de lait de coco et laisser réduire à feu moyen 12. Incorporer 60 g de beurre, en fouettant doucement pour monter la sauce 13. Ajouter la coriandre ciselée 14. Ajouter 800 g de riz basmati cuit à la sauce coco et poivrons 15. Bien mélanger pour que le riz s'imprègne des saveurs 16. Dans des assiettes creuses, dresser le riz coco 17. Émietter la fêta sur le riz 18. Ajouter les oignons crispy 19. Disposer les tranches de faux filet en fines tranches autour du riz, en rosace 20. Terminer par un filet de velours de balsamique à la framboise, une pincée de fleur de sel, et un tour de moulin à poivre","« Sweet rice coco poivrons avec faux-filet rôti » est une recette professionnelle METRO (plats du jour) signée Alex Cook, composée de 13 ingrédients et 20 étapes, pour 4 portions, durée 30 min.","""Sweet rice coco poivrons avec faux-filet rôti"" is a professional METRO recipe (daily specials) by Alex Cook, with 13 ingredients and 20 steps, for 4 servings.",https://www.metro.fr/inspiration/recette-chef/plat-du-jour/faux-filet-riz-coco-poivron,METRO France – metro.fr/inspiration/recette-chef
METRO-REC-0301,Tartare de veau mayonnaise wasabi,plat-du-jour,Plats du jour,Daily specials,,Offrez une expérience culinaire unique à vos clients avec ce tartare de veau à la mayonnaise wasabi et ses allumettes de pomme de terre.,4.0,45 min,45.0,Facile,Easy,14,12,620g Quasi de veau | 2 Œuf | 50g Moutarde de Dijon | 12g Sel | 12g Poivre | 250cl Huile de pépin de raisin | 25g Wasabi | 100g Citron confit | 80g Gingembre rose | 1 Ciboulette | 100g Oignons rouges | 600g Pomme de terre | 4g Poivre de kampott | 8g Fleur de sel,"1. Tailler en petits cubes d'environ 0,5 cm votre quasi de veau. 2. Dans un cul-de-poule, préparer une mayonnaise classique. 3. Mélanger les deux jaunes d'œufs avec la moutarde, assaisonner, puis monter à l'huile de pépin de raisin. 4. Une fois cette étape terminée, ajouter le wasabi. 5. Tailler en fine brunoise la peau du citron confit. 6. Hacher le gingembre et ciseler la ciboulette ainsi que l'oignon rouge, puis ajouter le tout à votre tartare de veau. 7. Assaisonner votre tartare avec la mayonnaise au wasabi (ajouter petit à petit afin d'obtenir la liaison parfaite). 8. Rectifier l'assaisonnement. 9. À l'aide d'une mandoline, tailler vos pommes en allumettes. 10. Faites dorer dans une huile à 160°C pendant 3-4 minutes. 11. Dresser le tartare de veau au centre de l'assiette, disposer les pommes allumettes autour. 12. Finir avec de la fleur de sel et un tour de moulin à poivre.","« Tartare de veau mayonnaise wasabi » est une recette professionnelle METRO (plats du jour), composée de 14 ingrédients et 12 étapes, pour 4 portions, durée 45 min.","""Tartare de veau mayonnaise wasabi"" is a professional METRO recipe (daily specials), with 14 ingredients and 12 steps, for 4 servings.",https://www.metro.fr/inspiration/recette-chef/plat-du-jour/tartare-veau-mayonnaise-wasabi,METRO France – metro.fr/inspiration/recette-chef
METRO-REC-0302,A la grecque,pizza,Pizzas,Pizzas,Franck Castelli,,1.0,30 min,30.0,Facile,Easy,11,8,1kg Egréné de boeuf 20% mg | 2 Echalotes | 1 Oeufs calibre moyen | Sel poivre | 50g Tapena de poivron | 1l Crème liquide UHT 35% METRO Chef | 50g Feta Grecque | 9 Olives noires Kalamata | 10 Mini tomate cerise jaune | 20g Oignons rouges | 7feuilles Menthe,"1. Dans un grand bol, mélanger la viande de bœuf hachée, l'oeuf, les échalotes, sel et poivre. 2. Former ensuite des boulettes d'environ 5 à 10 g puis réserver au frigo quelques minutes. 3. Mélanger la tapena de poivrons avec la crème liquide pour avoir une texture homogène. 4. Dans une poêle, saisir les boulettes jusqu'à légère coloration. 5. Étaler la crème de poivrons sur la pâte à pizza et enfourner. 6. Une minute avant la fin de la cuisson, sortir la pizza, rajouter un peu de crème de poivrons pour avoir une belle couleur et ajouter les boulettes de viande. 7. Renfourner. 8. Une fois la pizza cuite, ajouter les olives, les mini tomates, l'oignon rouge finement émincé, quelques feuilles de menthe, et la feta émiettée. Finir d'un filet d'huile d'olive.","« A la grecque » est une recette professionnelle METRO (pizzas) signée Franck Castelli, composée de 11 ingrédients et 8 étapes, pour 1 portion, durée 30 min.","""A la grecque"" is a professional METRO recipe (pizzas) by Franck Castelli, with 11 ingredients and 8 steps, for 1 serving.",https://www.metro.fr/inspiration/recette-chef/pizza/pizza-grecque,METRO France – metro.fr/inspiration/recette-chef
METRO-REC-0303,Apéro sous la pluie,pizza,Pizzas,Pizzas,,"Besoin d'inspiration pour votre menu ? Lancez vous dans cette recette surprenante de pizza aux escargots pour attirer les fans de nouveautés, sublimer vos assiettes et satisfaire vos clients amoureux de la cuisine italienne !",1.0,30 min,30.0,Facile,Easy,7,11,100g Pleurotes | 80g Chair d'escargot locorum | 6 Oeuf frais de caille | 100g Mozzarella | 50g Beurre ail et persil | 1pincée Fleur de sel | Poivre 5 baies,"1. Préparer les pleurotes avant de les cuire au beurre à l'ail et persil. 2. Reproduire la même opération avec les escargots. 3. Pour pocher les œufs de caille rapidement, mettre de l'eau et du gros sel dans un ramequin. 4. Casser l'œuf dedans et passer au micro-onde pendant 1 min. 5. Étaler votre pâton de 260 g façon focaccia sans trop étaler. 6. Enfourner. 7. Après cuisson, découper votre pizza en parts égales. 8. Déposer d'abord les pleurotes, puis la mozzarella, puis les escargots. 9. Napper le tout d'un peu de beurre persillé. 10. Finir en délicatesse avec l'œuf poché. 11. Agrémenter d'une pincée de sel de Maldone fumé et de quelques baies de poivre.","« Apéro sous la pluie » est une recette professionnelle METRO (pizzas), composée de 7 ingrédients et 11 étapes, pour 1 portion, durée 30 min.","""Apéro sous la pluie"" is a professional METRO recipe (pizzas), with 7 ingredients and 11 steps, for 1 serving.",https://www.metro.fr/inspiration/recette-chef/pizza/pizza-escargots,METRO France – metro.fr/inspiration/recette-chef
METRO-REC-0304,Boudin pomme d'amour,pizza,Pizzas,Pizzas,Yann Dayer,Associez douceur et caractère avec cette recette de boudin noir aux pommes Reinette d'Armorique et tomates cerises caramélisées. Ce transforme un classique en une expérience culinaire surprenante. Parfait pour impressionner vos convives avec des saveurs équilibrées et originales.,1.0,30 min,30.0,Facile,Easy,10,11,130g Pommes Reinette d'Armorique | 80g Tomates cerises | 8g Sucre en poudre | 15g Huile d'olive vierge extra italienne | 100g Boudin noir à l'ancienne | 45g 1/2 Poitrine de porc fumée au bois de hêtre | 100g Mozzarella fior di latte en julienne | 30g Tomate cerise | 2g Basilic | 1g Cannelle moulue,"1. Découper le 1/3 d'une pomme en tranches fines et les faire poêler à sec. 2. Avec le reste de la pomme, réaliser une marmelade avec du sucre et de la cannelle. 3. Laisser refroidir une heure. 4. Faire un caramel. 5. Piquer les tomates cerise sur des piques en bois avant de les tremper dans le caramel. 6. Laisser reposer sur un papier gras. 7. Trancher la poitrine et le boudin à votre convenance. 8. Étaler la pâte et la garnir de sauce à base de tomates cerise, basilic et huile d'olive. 9. Ajouter ensuite la fior di latte, la marmelade, les tronçons de boudin, les pommes poêlées, et la poitrine fumée. 10. Enfourner. 11. Après cuisson, saupoudrer d'un peu de cannelle et ajouter les tomates cerises caramélisées.","« Boudin pomme d'amour » est une recette professionnelle METRO (pizzas) signée Yann Dayer, composée de 10 ingrédients et 11 étapes, pour 1 portion, durée 30 min.","""Boudin pomme d'amour"" is a professional METRO recipe (pizzas) by Yann Dayer, with 10 ingredients and 11 steps, for 1 serving.",https://www.metro.fr/inspiration/recette-chef/pizza/pizza-boudin-pomme,METRO France – metro.fr/inspiration/recette-chef
METRO-REC-0305,C'era una volta,pizza,Pizzas,Pizzas,,,1.0,30 min,30.0,Facile,Easy,14,9,"4 Pommes de terre grenaille | 5 gros Topinambours | 25g Beurre doux en rouleau | Ciboulette | 20g Noisettes blanches | 50g Pecorino truffé | 50g Cèpes | 1/2 Porchetta Montagna | 50g Ricotta di buffula | 30g Crème de champignons | 2 Echalotes | Sel, Poivre | 15g Groseilles Blanches | 15g Groseilles rouges","1. Recouvrir d'eau et laisser cuire 30 minutes. 2. Mixer le tout avant d'ajouter la tartufata, saler, poivrer. 3. Faire torréfier les noisettes. 4. En parallèle, détailler le pecorino à l'emporte-pièce en forme de fleur. 5. Battre dans un cul de poule la ricotta, assaisonner de sel et poivre et d'une pointe de piment d'Espelette. 6. Réserver dans une poche à douille. 7. Garnir la pâte de sauce topinambour, de mozzarella et des cèpes émincés. 8. Après cuisson, disposer les tranches de porchetta, les noisettes, les groseilles, la ciboulette ciselée. 9. Ajouter enfin les fleurs de pecorino et les fleurs de ricotta à la poche.","« C'era una volta » est une recette professionnelle METRO (pizzas), composée de 14 ingrédients et 9 étapes, pour 1 portion, durée 30 min.","""C'era una volta"" is a professional METRO recipe (pizzas), with 14 ingredients and 9 steps, for 1 serving.",https://www.metro.fr/inspiration/recette-chef/pizza/pizza-topinambour-ricotta,METRO France – metro.fr/inspiration/recette-chef
METRO-REC-0306,En pleine mer,pizza,Pizzas,Pizzas,,"Passez en mode ""terre et mer"" avec cette recette appelée ""En pleine mer"".",1.0,30 min,30.0,Facile,Easy,14,4,"600g Poireaux | 30g Beurre doux en rouleau | Sel, Poivre | 30g Jus de citron | Pousse alfa poireau | 80g Mozzarella Fior Du Latte cossettes Brimi | 30g Tomate cerise | 40g Thon Blanc fumé | 60g Ricotta di buffala Garofalo | Haricot de mer et eau de mer Atlantique | 15g Moutarde à l'ancienne | 50g Saumon fumé Atlantique | 30g Flétan noir fumé | 30g Crème liquide UHT","1. Préparer une fondue de poireau additionnée de jus de citron, de moutarde et de crème. Saler et poivrer. 2. Battre dans un cul de poule la ricotta, assaisonner de sel et poivre et d'une pointe de piment d'Espelette. Réserver dans une poche à douille au frais. 3. Étaler la fondue de poireaux sur la pâte à pizza, puis la mozzarella et enfourner. 4. Après cuisson, disposer harmonieusement les tranches de thon, de saumon ainsi que les filets de flétan. Ajouter des touches de ricotta à la poche ainsi que les tomates cerise. Décorer de fleurs de cornichon et de haricots de mer.","« En pleine mer » est une recette professionnelle METRO (pizzas), composée de 14 ingrédients et 4 étapes, pour 1 portion, durée 30 min.","""En pleine mer"" is a professional METRO recipe (pizzas), with 14 ingredients and 4 steps, for 1 serving.",https://www.metro.fr/inspiration/recette-chef/pizza/pizza-mer,METRO France – metro.fr/inspiration/recette-chef
METRO-REC-0307,La balade automnale,pizza,Pizzas,Pizzas,,,1.0,30 min,30.0,Facile,Easy,12,18,"1 Potimarron | Borage cress Koppert Cress | 35g Magret de canard fumé tranché | 70g Cèpe | Lupine cress Koppert Cress | 70g Mozzarella | 20g Noisettes naturelles en poudre | 80g Butternut | 2pincées Piment d'Espelette | 125g Foie gras de canard | Sel, Poivre | Persil ciselé","1. Éplucher le potimarron avant de le cuire à la vapeur et de le mixer. 2. Assaisonner de sel, poivre et piment d'Espelette. 3. Débiter le butternut à la trancheuse en rondelles d'1cm d'épaisseur. 4. Frire dans l'huile de tournesol, laisser refroidir avant de les couper à l'aide d'un emporte-pièce rond. 5. Saupoudrer chaque rondelle de poudre de noisettes. 6. Réserver. 7. Couper 7 belles tranches de foie gras cru eveiné, saler et poivrer. 8. Poêler 2 ou 3 minutes jusqu'à coloration. 9. Brosser les têtes et éplucher les pieds des cèpes, avant de nettoyer le tout avec un linge humide. 10. Couper en fines lamelles puis faire revenir dans une poêle chaude avec un peu de beurre. 11. En fin de cuisson ajouter un peu d'ail émincé et de persil ciselé. 12. Saler et poivrer. 13. Garnir la pâte avec la crème de potimarron, la mozzarella et les cèpes. 14. Enfourner. 15. Après cuisson, répartir les tranches de butternut, puis poser les escalopes de foie gras. 16. Parsemer d'une peu de poudre de noisette. 17. Ajouter enfin les tranches de magret fumé. 18. Décorer d'un peu de bourrache et de lupine cress.","« La balade automnale » est une recette professionnelle METRO (pizzas), composée de 12 ingrédients et 18 étapes, pour 1 portion, durée 30 min.","""La balade automnale"" is a professional METRO recipe (pizzas), with 12 ingredients and 18 steps, for 1 serving.",https://www.metro.fr/inspiration/recette-chef/pizza/pizza-potimarron,METRO France – metro.fr/inspiration/recette-chef
METRO-REC-0308,La Calabraise,pizza,Pizzas,Pizzas,,,1.0,30 min,30.0,Facile,Easy,8,4,80g Tomates concassées en pulpe fine | 80g Mozzarella | 70g Saucisson Spianata piquant | 60g Burrata | 15g Gouttes de poivrons jaunes | 15g Gouttes de poivrons rouges | 20g Jeunes pousses de roquette | 30g Tomates confites séchées marinées,"1. Garnir la pizza de sauce tomate et de mozzarella. 2. Après cuisson, disposer la roquette, puis les tranches de spianata en chiffonnade. 3. Déposer au centre la burrata préalablement égouttée et parsemée de poudre de tomates. 4. Parsemer ensuite les gouttes de poivrons.","« La Calabraise » est une recette professionnelle METRO (pizzas), composée de 8 ingrédients et 4 étapes, pour 1 portion, durée 30 min.","""La Calabraise"" is a professional METRO recipe (pizzas), with 8 ingredients and 4 steps, for 1 serving.",https://www.metro.fr/inspiration/recette-chef/pizza/pizza-calabraise-saucisson,METRO France – metro.fr/inspiration/recette-chef
METRO-REC-0309,La Milanaise,pizza,Pizzas,Pizzas,,,1.0,30 min,30.0,Facile,Easy,12,2,"80g Tomate pulpe fine | 45g Coppa Italienne | 80g Mozarella Fior Di Latte Cosettes | Basilic | Crème de vinaigre balsamique noir | Sel, Poivre | 45g Billes de Mozzarella di latte di bufala | Origan | 45g Tomate cerise | 15g Jeunes pousses de roquette | 50g Feta Grecque | 2càs Huile d'olive extra vierge","1. Étaler la base tomate sur la pâte, ajouter la mozzarella. Enfourner. 2. Après cuisson, disposer les tranches de coppa, parsemer de roquette et ajouter les tomates cerises, les billes de mozzarella, ainsi que la feta. Finir d'un filet d'huile d'olive et de crème balsamique.","« La Milanaise » est une recette professionnelle METRO (pizzas), composée de 12 ingrédients et 2 étapes, pour 1 portion, durée 30 min.","""La Milanaise"" is a professional METRO recipe (pizzas), with 12 ingredients and 2 steps, for 1 serving.",https://www.metro.fr/inspiration/recette-chef/pizza/pizza-milanaise,METRO France – metro.fr/inspiration/recette-chef
METRO-REC-0310,La Québécoise,pizza,Pizzas,Pizzas,,,1.0,30 min,30.0,Facile,Easy,8,3,80g Crème liquide UHT 35% | 80g Mozzarella Fior Di Latte cosettes | 125g Bûche de chèvre frais blanche | 20g Noix de Pécan décortiquées | 20g Cranberries séchées | Atsina cress Kopper Cress | 80g Bacon fumé | 1 filet Pur sirop d'érable,"1. Trancher le bacon et le chèvre. Étaler la crème fraîche sur la pâte à pizza, ajouter la mozzarella. Enfourner. 2. Après cuisson, disposer les tranches de bacon et de chèvre et enfourner à nouveau 2mn. 3. Ajouter enfin les noix de pécan, les cranberries et assaisonner d'un filet de sirop d'érable. Décorer de quelques pousses d'atsina cress.","« La Québécoise » est une recette professionnelle METRO (pizzas), composée de 8 ingrédients et 3 étapes, pour 1 portion, durée 30 min.","""La Québécoise"" is a professional METRO recipe (pizzas), with 8 ingredients and 3 steps, for 1 serving.",https://www.metro.fr/inspiration/recette-chef/pizza/pizza-quebecoise,METRO France – metro.fr/inspiration/recette-chef
METRO-REC-0311,Pizza 5 vallées,pizza,Pizzas,Pizzas,,,4.0,6 min,6.0,Facile,Easy,6,4,500g Longe de raclette fumée | 500g Jambon de Savoie | 30g Emmental râpé | 30g Comté | 5kg Crème spéciale cuisson et pizza | 450g Reblochon AOP,"1. Préparer votre pâte à pizza 2. Etaler la crème, ajouter l'emmental râpé, puis le comté, la raclette fumée et le reblochon 3. Enfourner à 320°C pendant environ 3 minutes dans un four électrique ou à 480°C pendant environ 1min30 au four à bois 4. En fin de cuisson, ajouter le jambon de Savoie","« Pizza 5 vallées » est une recette professionnelle METRO (pizzas), composée de 6 ingrédients et 4 étapes, pour 4 portions, durée 6 min.","""Pizza 5 vallées"" is a professional METRO recipe (pizzas), with 6 ingredients and 4 steps, for 4 servings.",https://www.metro.fr/inspiration/recette-chef/pizza/5-vallees-pizza,METRO France – metro.fr/inspiration/recette-chef
METRO-REC-0312,Pizza Bomba,pizza,Pizzas,Pizzas,,,1.0,6 min,6.0,Facile,Easy,2,5,100g Nutella | 30g Marshmallow,"1. Réaliser une pate à pizza sans huile 2. Portionner en pâton de 100g 3. Après maturation de celle-ci, étaler soigneusement la pate à tartiner et un marshmallow 4. Cuire dans une huile entre 160 et 170°C en arrosant continuellement 5. Disposer sur un papier absorbant avant de servir","« Pizza Bomba » est une recette professionnelle METRO (pizzas), composée de 2 ingrédients et 5 étapes, pour 1 portion, durée 6 min.","""Pizza Bomba"" is a professional METRO recipe (pizzas), with 2 ingredients and 5 steps, for 1 serving.",https://www.metro.fr/inspiration/recette-chef/pizza/bomba,METRO France – metro.fr/inspiration/recette-chef
METRO-REC-0313,Pizza burrata pêche framboise,pizza,Pizzas,Pizzas,,,1.0,30 min,30.0,Facile,Easy,11,7,1 filet Huile d'olive vierge | 80g Crème liquide UHT 35% | 100g Mozzarella râpée | 1 Burrata | 50g Pêche jaune | 15g Framboise | 1 pincée Graine de chia | 5 feuilles Basilic | 2 Tomate cerise jaune | 2 Tomate cerise rouge | 7 feuilles Basilic pourpre,"1. Eplucher une pêche mure à point 2. La couper en 8 lamelles puis faire revenir à feu doux dans un peu de beurre 3. Saupoudrer d'un peu de sucre 4. Réserver 5. Etaler la crème fraiche sur la pate à pizza, ajouter la mozzarella, enfourner 6. A la sortie du four, placer la burrata préalablement égouttée puis, les pêches, les framboises, le duo de tomates cerises 7. Ajouter quelques feuilles de basilic, les graines de chia, un filet d'huile d'olive et un tour de moulin à poivre","« Pizza burrata pêche framboise » est une recette professionnelle METRO (pizzas), composée de 11 ingrédients et 7 étapes, pour 1 portion, durée 30 min.","""Pizza burrata pêche framboise"" is a professional METRO recipe (pizzas), with 11 ingredients and 7 steps, for 1 serving.",https://www.metro.fr/inspiration/recette-chef/pizza/burrata-peche-framboise,METRO France – metro.fr/inspiration/recette-chef
METRO-REC-0314,Pizza Calzone,pizza,Pizzas,Pizzas,,Faites redécouvrir ce classique italien à vos clients qui voyageront le temps de déguster leur pizza.,4.0,30 min,30.0,Moyen,Medium,13,14,1kg Farine | 10g Levure boulangère | 10cl Huile olive | 10cl Huile tournesol | 1càs Sel | Champignons de Paris | Jambon blanc DD | Basilic | Huile d'olive | Sel | Mozzarella en cossette | 1 Œuf par pizza | 1boite 4/4 Tomates pelées,1. Mélanger les ingrédients pour le pâton de pizza avec de l'eau froide jusqu'à obtenir un pâton homogène (ajouter de la farine si besoin) 2. Couper le pâton en 4 et les bouler 3. Laisser reposer min 12h 4. Couper les champignons et le jambon 5. Préparer la sauce tomate avec les tomates pelées 6. Ajouter du basilic et un filet d'huile d'olive et sel 7. Préchauffer le four à pizza à 330°C 8. Sortir le pâton et l'étaler 9. Garnir le pâton de la sauce tomate et déposer les ingrédients coupés sur la moitié de la pâte étalée 10. Ajouter l'œuf et la mozzarella cossette 11. Refermer la pâte sur elle-même en chausson 12. Pincer les bords et étaler une cuillère à soupe de sauce tomate et soupoudrer à nouveau de mozzarella 13. Mettre la pizza au four quelques min et surveiller la cuisson 14. Sortir la pizza du four et déguster,"« Pizza Calzone » est une recette professionnelle METRO (pizzas), composée de 13 ingrédients et 14 étapes, pour 4 portions, durée 30 min.","""Pizza Calzone"" is a professional METRO recipe (pizzas), with 13 ingredients and 14 steps, for 4 servings.",https://www.metro.fr/inspiration/recette-chef/pizza/calzone,METRO France – metro.fr/inspiration/recette-chef
METRO-REC-0315,Pizza Casa Vito,pizza,Pizzas,Pizzas,,,4.0,30 min,30.0,Moyen,Medium,14,10,1kg Farine | 10g Levure boulangère | 10cl Huile olive | 10cl Huile tournesol | 1càs Sel | 120g Champignons de Paris | 70g Tomates séchées | 70g Cœurs d'artichauts à l'huile | 120g Jambon blanc DD | 100g Tomates pelées | 4feuilles Basilic | 1càc Huile d'olive | 20g Sel | 200g Cossette de mozzarella,"1. Mélanger les ingrédients pour le pâton de pizza avec de l'eau froide jusqu'à obtenir un pâton homogène (ajouter de la farine si besoin). 2. Couper le pâton en 4 et les bouler. 3. Laisser reposer min 12h. 4. Couper en tranches les champignons, les tomates séchées, les artichauts et le jambon. 5. Préparer la sauce tomate avec les tomates pelées, ajouter du basilic et un filet d'huile d'olive et sel. 6. Préchauffer le four à pizza à 330°C. 7. Sortir le pâton et l'étaler. 8. Garnir le pâton de la sauce tomate et déposer les ingrédients (champignons, jambon, artichauts) et ajouter la mozzarella. 9. Mettre la pizza au four quelques min et surveiller la cuisson. 10. Sortir la pizza du four et déguster.","« Pizza Casa Vito » est une recette professionnelle METRO (pizzas), composée de 14 ingrédients et 10 étapes, pour 4 portions, durée 30 min.","""Pizza Casa Vito"" is a professional METRO recipe (pizzas), with 14 ingredients and 10 steps, for 4 servings.",https://www.metro.fr/inspiration/recette-chef/pizza/vito-tomate-artichaut-champignon-jambon,METRO France – metro.fr/inspiration/recette-chef
METRO-REC-0316,Pizza pancetta fumée tomme jeunes pousses,pizza,Pizzas,Pizzas,Yann Dayer,,1.0,30 min,30.0,Facile,Easy,7,6,"70g Sauce tomate aromatisée pour pizza | 90g Mozzarella fior di latte | 20g Mélange d'ortie, mizuna, moutarde | 10g Caprons antipasti | 60g Tomme de Bretagne | 50g Demi-pancetta fumée | 1 cas Huile d'olive vierge","1. Etaler la pate 2. Garnir de sauce tomate 3. Ajouter la mozzarella râpée 4. Enfourner 5. A la sortie du four, disposer le mélange d'orties et de mizuna, déposer ensuite la pancetta, les caprons et la tomme de Bretagne 6. Finir avec un filet d'huile d'olive","« Pizza pancetta fumée tomme jeunes pousses » est une recette professionnelle METRO (pizzas) signée Yann Dayer, composée de 7 ingrédients et 6 étapes, pour 1 portion, durée 30 min.","""Pizza pancetta fumée tomme jeunes pousses"" is a professional METRO recipe (pizzas) by Yann Dayer, with 7 ingredients and 6 steps, for 1 serving.",https://www.metro.fr/inspiration/recette-chef/pizza/pancetta-fumee-tomme-jeunes-pousses,METRO France – metro.fr/inspiration/recette-chef
METRO-REC-0317,Pizza Pesto,pizza,Pizzas,Pizzas,,,1.0,6 min,6.0,Facile,Easy,8,10,60g Crème liquide UHT 35% MG | 20g Pesto à la Genovese | 20g Gnocchi de pommes de terre | 20g Parmigiano Reggiano | 50g Mozzarella Di Bufala | 75g Jambon aux herbes | 75g Roti de jambon cuit italien | Basil Cress,"1. Disposer le parmesan râpé entre deux feuilles de papier sulfurisé 2. Enfourner à 200°C pendant 3 minutes environ 3. A la sortie du four, découper les tuiles en bandelettes d'environ 1cm de large, avant que cela ne refroidisse 4. Mélanger la crème liquide et le pesto 5. Réserver 6. Précuire les gnocchis, les égoutter et les arroser d'un filet d'huile d'olive 7. Préparer la pizza avec la base crème pesto, le jambon rostello et quelques gnocchis 8. Enfourner 9. A la sortie du four, émietter la mozzarella di bufala 10. Déposer les tuiles de parmesan et le basil cress","« Pizza Pesto » est une recette professionnelle METRO (pizzas), composée de 8 ingrédients et 10 étapes, pour 1 portion, durée 6 min.","""Pizza Pesto"" is a professional METRO recipe (pizzas), with 8 ingredients and 10 steps, for 1 serving.",https://www.metro.fr/inspiration/recette-chef/pizza/pesto,METRO France – metro.fr/inspiration/recette-chef
METRO-REC-0318,Pizza pesto brocoli coppa,pizza,Pizzas,Pizzas,Franck Castelli,,1.0,30 min,30.0,Facile,Easy,12,6,1 Brocoli | 1 gousse Ail | 50g Parmigiano Reggiano AOP | 15g Pignon de pin | 60ml Huile d'olive vierge extra italienne | 10g Basilic | 50ml Crème liquide UHT 35% | 6 tranches Coppa de parme IGP | 10g Noisettes hachées | 40g Mozzarella billes | 50g Tomates cerises confites | 10g Pousse de moutarde rouge,"1. Faire cuire les brocolis à l'eau bouillante pendant environ 10 minutes. 2. Egoutter puis mixer finement avec l'ail, le parmesan râpé, l'huile d'olive, les pignons de pin et le sel. 3. Torréfier les noisettes au four à 180° pendant environ 15 minutes en mélangeant régulièrement. 4. Mélanger le pesto de brocolis avec un peu de crème puis étaler sur la pâte. Enfourner. 5. A la sortie du four, déposer les tranches de coppa, les billes de mozzarella ainsi que les tomates confites. Puis ajouter les noisettes hachées, les pousses de moutarde et un peu de basilic. 6. Ajouter quelques copeaux de parmesan.","« Pizza pesto brocoli coppa » est une recette professionnelle METRO (pizzas) signée Franck Castelli, composée de 12 ingrédients et 6 étapes, pour 1 portion, durée 30 min.","""Pizza pesto brocoli coppa"" is a professional METRO recipe (pizzas) by Franck Castelli, with 12 ingredients and 6 steps, for 1 serving.",https://www.metro.fr/inspiration/recette-chef/pizza/pesto-brocoli-coppa,METRO France – metro.fr/inspiration/recette-chef
METRO-REC-0319,Porchetta,pizza,Pizzas,Pizzas,,,1.0,6 min,6.0,Facile,Easy,6,7,100g Jeunes pousses d'épinards | 40g Crescenza | 30g Noisettes décortiquées | 60g Crème liquide U.H.T. | 90g Mozzarella | 80g Porchetta,"1. Torréfier les noisettes sur une plaque à pâtisserie dans un four à 180°C pendant 15min en les remuant de temps à autre. 2. Trancher la porchetta en chiffonnade. 3. Faire revenir les jeunes pousses d'épinards frais avec un filet d'huile d'olive, du sel et du poivre. 4. Concasser les noisettes torréfiées grossièrement au couteau. 5. Préparer votre pizza avec une base crème et mozzarella. 6. À mi-cuisson, ajouter la tombée de jeunes pousses d'épinards. 7. À la sortie du four, répartir uniformément la chiffonnade de porchetta, les noisettes concassées et torréfiées ainsi que la crescenza.","« Porchetta » est une recette professionnelle METRO (pizzas), composée de 6 ingrédients et 7 étapes, pour 1 portion, durée 6 min.","""Porchetta"" is a professional METRO recipe (pizzas), with 6 ingredients and 7 steps, for 1 serving.",https://www.metro.fr/inspiration/recette-chef/pizza/pizza-porchetta-crescenza,METRO France – metro.fr/inspiration/recette-chef
METRO-REC-0320,Pulpo,pizza,Pizzas,Pizzas,,,1.0,6 min,6.0,Facile,Easy,8,9,60g Pomme de terre en lamelles | 100g Carpaccio de poulpe | 2 pincées Paprika flocons rouges | 10g Perle de Saveurs citron et poivre | 10 billes Edamame en sachet | 60g Crème liquide U.H.T. 30% M.G. | 2g Encre de seiche | 5g Persil plat,"1. Préparer votre empattement avec la farine Spadoni. 2. Mélanger l'encre de seiche à la crème liquide pour obtenir une base pizza crème noire. 3. Découper en brunoise les pommes de terre. 4. Garnir votre pâte avec la base crème noire. 5. Enfourner. 6. A la sortie du four, disposer le carpaccio de poulpe, les pommes de terre, les edamame préalablement décongelés, les perles fraîches ainsi que les billes apéritives. 7. Saupoudrer de paprika flocons. 8. Disposer quelques feuilles de persil plat de manière uniforme. 9. Apportez un peu de peps et de croquant à cette recette en ajoutant quelques billes apéritives au wasabi.","« Pulpo » est une recette professionnelle METRO (pizzas), composée de 8 ingrédients et 9 étapes, pour 1 portion, durée 6 min.","""Pulpo"" is a professional METRO recipe (pizzas), with 8 ingredients and 9 steps, for 1 serving.",https://www.metro.fr/inspiration/recette-chef/pizza/pizza-pulpe-encre-seiche,METRO France – metro.fr/inspiration/recette-chef
METRO-REC-0321,Spéculoos,pizza,Pizzas,Pizzas,,,1.0,6 min,6.0,Facile,Easy,6,6,40g Pâte à tartiner speculoos crunchy | 20g Confiture de lait goût spéculoos | 1g Sucre cristal | 80g Pomme cubes | 30g Spéculoos concassé | 10g Sucre glace extra fluide,"1. Dans une plaque à pâtisserie, disposer les dés de pomme, saupoudrer de sucre et les placer 2min dans le four à pizza. 2. Mettre à cuire la pâte à pizza préalablement percée en son centre avec du sucre en guise de base. 3. A la sortie du four, étaler la pâte à tartiner au spéculoos. 4. Disposer les dés de pomme, le spéculoos concassé et le caramel au spéculoos. 5. Saupoudrer la corniche de sucre glace. 6. Pour les plus gourmands, vous pourrez ajouter une quenelle de glace vanille au centre de la pizza.","« Spéculoos » est une recette professionnelle METRO (pizzas), composée de 6 ingrédients et 6 étapes, pour 1 portion, durée 6 min.","""Spéculoos"" is a professional METRO recipe (pizzas), with 6 ingredients and 6 steps, for 1 serving.",https://www.metro.fr/inspiration/recette-chef/pizza/pizza-speculoos,METRO France – metro.fr/inspiration/recette-chef
METRO-REC-0322,"Cailles rôties, raisins, figues et foie gras",plat-hiver,Plats d'hiver,Winter dishes,,"Facile, rapide et efficace, les Cailles rôties, raisins, figues et foie gras sont une recette savoureuse et onctueuse",8.0,50 min,50.0,Moyen,Medium,12,12,"8 Cailles | 10g Beurre | 20g Huile | ½l Fond Blanc | 24pcs Pommes de terre rates | Sel, Poivre | 8 Figues | 48 Raisins | 100g Verjus réduit | 40g Escalope de foie gras | 2gousses D'ail | 2branches Thym","1. Faire revenir à l'huile et au beurre les os de caille concassés avec ail et thym en branche, dégraisser et mouiller avec le fond blanc, cuire pendant 1h30 à 2h. 2. Passer au chinois étamine et faire réduire jusqu'à texture souhaitée (lier à la fécule si besoin). 3. Mettre au point avec un peu de verjus, saler, poivrer. 4. Rôtir les cailles ficelées à la poêle, les colorer de chaque côté et les tenir bien rosées. 5. Faire refroidir. 6. Blanchir les pommes de terre avec peau à l'anglaise salée, avoir une texture ferme et fondante. 7. Refroidir, tailler en deux et réserver. 8. Dans une poêle avec un peu de beurre, une température douce mais chaude, ajouter la figue taillée en deux, saler poivrer. 9. Réaliser une cuisson non prononcée pour garder une texture fondante et relativement ferme en bouche. 10. Ajouter les raisins, déglacer au verjus. 11. Faire poêler l'escalope de foie gras à part et garder le jus. 12. Finir la cuisson des cailles, poêler les pommes de terre dans le gras de foie gras, réchauffer le reste de la garniture dresser et ajouter le jus.","« Cailles rôties, raisins, figues et foie gras » est une recette professionnelle METRO (plats d'hiver), composée de 12 ingrédients et 12 étapes, pour 8 portions, durée 50 min.","""Cailles rôties, raisins, figues et foie gras"" is a professional METRO recipe (winter dishes), with 12 ingredients and 12 steps, for 8 servings.",https://www.metro.fr/inspiration/recette-chef/plat-hiver/cailles-roties,METRO France – metro.fr/inspiration/recette-chef
METRO-REC-0323,Chou farci et purée maison,plat-hiver,Plats d'hiver,Winter dishes,,,,60 min,60.0,Facile,Easy,11,6,150g Lardons | 150g Carottes | 5 Oignons | 25cl Huile d'olive | 2 Choux verts - origine France | 1 500g Farce | 150g Poitrine fumée | 3têtes Ail | 700g Coulis de tomate | 2000g Pommes de terre | 75cl Crème liquide,"1. Préparer une sauce tomate sur une base de lardons, carottes en dés et d'oignons émincés revenus dans l'huile d'olive. 2. Blanchir les feuilles de chou. 3. Préparer votre farce et garnir une vingtaine de feuilles de chou. Barder les feuilles avec une tranche de poitrine fumée. 4. Faire revenir rapidement vos roulés de chou farci et garnir un plat à gratin avec. Recouvrir de votre coulis de tomate et laisser cuire à feux doux. 5. Préparer une purée maison, dresser et servir. 6. Ajouter des légumes de saison à votre sauce tomate!","« Chou farci et purée maison » est une recette professionnelle METRO (plats d'hiver), composée de 11 ingrédients et 6 étapes, durée 60 min.","""Chou farci et purée maison"" is a professional METRO recipe (winter dishes), with 11 ingredients and 6 steps.",https://www.metro.fr/inspiration/recette-chef/plat-hiver/chou-farci-puree-maison,METRO France – metro.fr/inspiration/recette-chef
METRO-REC-0324,Cocotte de poisson safranée,plat-hiver,Plats d'hiver,Winter dishes,,,4.0,30 min,30.0,Moyen,Medium,19,6,1 Lotte | 1 Rascasse | 1 St Pierre | 50cl Huile d'Olive | 1 Carotte en Mirepoix | 2 Cébette ciselée | 150g Concentré de tomates | 30cl Crème | 1 Échalote en Mirepoix | Jus de Citron | 1 Oignon en Mirepoix | 10 cl Pastis | 2 Pommes de terre coupées en quartier | 2g Piment d'Espelette | 1 Poireau blanc émincé | 5g Safran | 1 Tête d'ail coupée en 2 | 2 Tomate en brunoise | 2 Tomates,"1. Habiller et lever les poissons. 2. Concasser les arêtes et les têtes sans les ouïes. 3. Faire revenir la garniture aromatique dans l'huile d'olive, ajouter les arêtes et les têtes, faire suer, ajouter le concentré de tomate et mouiller à l'eau, cuire à frémissement pendant 25 minutes. 4. Passer au chinois en foulant bien. 5. Cuire les pommes de terre dans un peu de soupe de poisson ainsi que les filets du poisson. 6. Assaisonner le restant de soupe, faire suer la cébette, ajouter la brunoise de tomate.","« Cocotte de poisson safranée » est une recette professionnelle METRO (plats d'hiver), composée de 19 ingrédients et 6 étapes, pour 4 portions, durée 30 min.","""Cocotte de poisson safranée"" is a professional METRO recipe (winter dishes), with 19 ingredients and 6 steps, for 4 servings.",https://www.metro.fr/inspiration/recette-chef/plat-hiver/poissons-safran,METRO France – metro.fr/inspiration/recette-chef
METRO-REC-0325,Crozets gratinés au sarrasin & raclette,plat-hiver,Plats d'hiver,Winter dishes,,,4.0,45 min,45.0,Moyen,Medium,10,13,"200g Oignons doux des Cévennes | 100g Beurre doux | 25cl Vin de Savoie Apremont Vigneron Savoyard | 1 c.à.s Miel de montagne | Sel, poivre du moulin | 400g Crozets nature Alpina Savoie | 200g Raclette bio | 40g Farine de blé | ¼ noix rapée Noix de Muscade | 25cl Lait ½ écrémé bio Lactel","1. Préparer la compotée d'oignons doux : éplucher et émincer finement les oignons. 2. Faire revenir dans un sautoir avec un peu de beurre. 3. Assaisonner de sel et de poivre du moulin et d'une cuillerée à soupe de miel de montagne. 4. Mouiller avec le vin blanc et laisser compoter à feu doux avec un chapeau en papier. 5. Au terme de la cuisson, réserver au chaud. 6. Cuire les crozets à l'eau bouillante salée, cuisson al dente, égoutter, rincer et réserver de côté 7. Préparer une béchamel. 8. Dans un cul de poule, mélanger les crozets, la compotée d'oignons et la moitié de la béchamel. 9. Mouler dans des moules à gratin. 10. Déposer à la surface de chacune une bonne cuillérée de béchamel. 11. Disposer les tranches de raclette régulièrement à la surface des gratins. 12. Parsemer les gratins de graines de sarrasin. 13. Pour finir, mettre à gratiner 10min au four à 180°C, servir aussitôt.","« Crozets gratinés au sarrasin & raclette » est une recette professionnelle METRO (plats d'hiver), composée de 10 ingrédients et 13 étapes, pour 4 portions, durée 45 min.","""Crozets gratinés au sarrasin & raclette"" is a professional METRO recipe (winter dishes), with 10 ingredients and 13 steps, for 4 servings.",https://www.metro.fr/inspiration/recette-chef/plat-hiver/crozets-gratines-sarrasin-raclette,METRO France – metro.fr/inspiration/recette-chef
METRO-REC-0326,Croziflette,plat-hiver,Plats d'hiver,Winter dishes,,,,30 min,30.0,Facile,Easy,8,7,"800g Crozets (nature ou au sarrasin) | 500g Lardons fumés | 3 Oignons | 40cl Crème liquide 30% | 25cl Vin blanc sec | 2 + 1 Demi-reblochons de Savoie AOP 450 g | 2 Salades | Sel, poivre","1. Faire cuire les crozets en suivant les indications sur l'emballage. 2. Faires revenir les lardons dans une poêle chaude. 3. Ajouter les oignons, faire suer et déglacer au vin blanc. 4. Mélanger les crozets, les lardons et oignons, ajouter la crème, un peu de sel et poivre. 5. Répartir la préparation dans un plat à gratin puis ajouter les tranches de reblochon. 6. Enfourner environ 20 minutes à 200°C. 7. Servir avec un peu de salade.","« Croziflette » est une recette professionnelle METRO (plats d'hiver), composée de 8 ingrédients et 7 étapes, durée 30 min.","""Croziflette"" is a professional METRO recipe (winter dishes), with 8 ingredients and 7 steps.",https://www.metro.fr/inspiration/recette-chef/plat-hiver/croziflette,METRO France – metro.fr/inspiration/recette-chef
METRO-REC-0327,Filet mignon de sanglier,plat-hiver,Plats d'hiver,Winter dishes,,"Profitez des baisses de température pour mettre en avant la richesse de nos plats d'hiver, avec le filet mignon de sanglier.",2.0,45 min,45.0,Moyen,Medium,14,14,500g Carotte séchée | 500g Céleri boule séché et mixé | 3 Carotte pourpre | ½ Betterave Chioggia | ½ Céleri | 3 Cerfeuil tubéreux | ½l Sauce civet sanglier | 150g Crème | 1 Navet Boule d'Or | ½ Patate douce | 600g Feuilles de persil plat séchées | 3 Topinambour | 3 Vitelottes | 1 Filet mignon de sanglier,"1. Mixer 500g de céleri séché. 2. Mixer 500g de carottes séchées. 3. Mixer 500g de feuilles de persil séchées. 4. Mixer 100g de feuilles de persil et 150g de crème. 5. Éplucher, tailler et blanchir la patate douce, le céleri restant, la betterave Chioggia, la vitelotte, le topinambour et le navet Boule d'or. 6. Éplucher et tourner en forme de diamant le cerfeuil tubéreux puis le blanchir. 7. Blanchir et gratter la carotte pourpre pour enlever la peau. 8. Marquer le filet mignon dans le beurre, réserver. 9. Chauffer les légumes blanchis dans la sauce civet réduite. 10. Tenir au chaud. 11. Chauffer la sauce verte. 12. Repasser le filet mignon dans un beurre bien chaud, le rouler dans les poudres de légumes. 13. Tailler et poser sur assiette. 14. Disposer les légumes et ajouter la sauce verte.","« Filet mignon de sanglier » est une recette professionnelle METRO (plats d'hiver), composée de 14 ingrédients et 14 étapes, pour 2 portions, durée 45 min.","""Filet mignon de sanglier"" is a professional METRO recipe (winter dishes), with 14 ingredients and 14 steps, for 2 servings.",https://www.metro.fr/inspiration/recette-chef/plat-hiver/filet-mignon-sanglier,METRO France – metro.fr/inspiration/recette-chef
METRO-REC-0328,Matelote de poissons au vin des Corbières,plat-hiver,Plats d'hiver,Winter dishes,,,2.0,45 min,45.0,Moyen,Medium,17,7,1 Vive | 1 St-Pierre | 100g Beurre | ½l Vin Rouge des corbières | 1 branche Thym | ½ feuille Laurier | 12 pièces Lardons fumés | ½ tranche Poitrine fumée pour la garniture | 2 Carottes fanes | 1 Carotte de Mirepoix pour la garniture | 2 Champignons de Paris émincés pour la garniture | 4 Petits champignons de Paris | 1 Oignon de Mirepoix pour la garniture | 4 Oignons Grelots | 6 Coques | 6 Moules | 1 Échalote,"1. Valider et retirer les ouïes, écailler si besoin les poissons. 2. Faire suer la garniture aromatique dans le beurre, mouiller au vin rouge, faire bouillir, ajouter thym et laurier, retirer du feu et pocher les différents poissons quelques minutes. 3. Retirer les poissons, lever les filets, réserver et mettre les arêtes dans la cuisson, laisser cuire à frémissement pendant 1h. 4. Passer au chinois, réduire jusqu'à consistance nappante et lier légèrement. 5. Faire blanchir les lardons, cuire les carottes, les oignons grelots, les champignons à blanc. 6. Tailler les filets et les réchauffer dans la sauce finie ainsi que les carottes, lardons, oignons grelots et les champignons. 7. Ouvrir les moules et les coques, dresser.","« Matelote de poissons au vin des Corbières » est une recette professionnelle METRO (plats d'hiver), composée de 17 ingrédients et 7 étapes, pour 2 portions, durée 45 min.","""Matelote de poissons au vin des Corbières"" is a professional METRO recipe (winter dishes), with 17 ingredients and 7 steps, for 2 servings.",https://www.metro.fr/inspiration/recette-chef/plat-hiver/poissons-vin,METRO France – metro.fr/inspiration/recette-chef
METRO-REC-0329,Paleron de veau façon blanquette,plat-hiver,Plats d'hiver,Winter dishes,,,6.0,30 min,30.0,Moyen,Medium,11,3,"1 Paleron | 4 p/p Carottes en bâtonnets ou mini carottes glacées à blanc | 4 p/p Oignons grelots glacés à blanc | 4 p/p Champignons petits glacés à blanc | 250 g Crème | 5 l Fond Blanc | 2 p/p Mini navets glacés à blanc | 1 pc Oignon Clouté | 150 g Roux | Thym, Laurier | 70 g/p Fregola cuite","1. Dans un rondeau, placer le paleron et la garniture. Mouiller au fond blanc et faire bouillir. Écumer et laisser cuire à frémissement jusqu'à ce que le paleron soit cuit. Décanter, passer le bouillon au chinois. Récupérer une partie du bouillon pour la sauce, crémer et lier au roux. 2. Glacer la garniture ainsi que la viande dans un peu de sauce. Réchauffer la sauce, bien émulsionner pour qu'elle ait une belle couleur et un aspect aéré. 3. Une fois la garniture et les viandes bien chaudes, les déposer dans l'assiette ainsi que le fregola. Bien napper de sauce.","« Paleron de veau façon blanquette » est une recette professionnelle METRO (plats d'hiver), composée de 11 ingrédients et 3 étapes, pour 6 portions, durée 30 min.","""Paleron de veau façon blanquette"" is a professional METRO recipe (winter dishes), with 11 ingredients and 3 steps, for 6 servings.",https://www.metro.fr/inspiration/recette-chef/plat-hiver/paleron-veau-blanquette,METRO France – metro.fr/inspiration/recette-chef
METRO-REC-0330,Pithiviers de cerf & chevreuil,plat-hiver,Plats d'hiver,Winter dishes,,,4.0,45 min,45.0,Moyen,Medium,27,4,"200g Sauté de Cerf supérieur | 200g Sauté de Chevreuil supérieur | Coulis betterave | Sauce Gibier | ½gousse Ail | 6g Fleur de sel | 2 Betterave rouge cuite | 20g Sucre en poudre | 25cl Faugères Rouge | 1g Mélange 4 épices | 1zeste Orange | 10g Fécule de pomme de terre | 30g Vinaigre de vin affiné | 30g Moutarde de Dijon | 2 Clous de girofle | 8g Sucre en poudre | 4 Baies de genièvre | 9cl Huile d'olive vierge extra | 10g Chocolat force noire | 20g Gelée de groseille | 3g Poivre blanc moulu | 2 Baies de genièvre | 30g Graisse d'oie Castel Loubeyrac | Fonds de gibier deshydratré | Sel, poivre du moulin | 2 Pâte feuilletée pur beurre | 1 Œuf bio calibre moyen fermier","1. Passer le Cerf et le Chevreuil dans le hachoir à Viande avec la gousse d'ail. Assaisonner avec le reste des ingrédients. Bien mélanger et réserver au frais. 2. Mixer tous les ingrédients jusqu'à obtention d'un mélange lisse et homogène. Rectifier l'assaisonnement en sel et poivre du moulin, réserver au frais. 3. Dans une casserole, mettre le sucre à caraméliser, ajouter le zeste d'orange et les épices. Déglacer au vin rouge et laisser réduire au ¾. Mouiller avec le fond de gibier. Faire bouillir, ajouter la gelée de groseille. Rectifier l'assaisonnement en sel et poivre du moulin. Lier à la fécule de pommes de terre puis passer au chinois étamine. Réserver de côté au chaud. 4. Rabaisser la pâte feuilletée, la piquer et détailler 2 disques de 20 cm de diamètre. Cercler la farce dans un cercle de 15cm de diamètre. Poser la farce au centre de la pâte feuilletée. Déposer le deuxième disque par-dessus en s'assurant de bien fermer hermétiquement les côtés. Dorer le dessus du Pithiviers, faire une rosace avec le dos d'un couteau d'office. Placer la cheminée au centre. Enfourner à four chaud 230°C pendant 15 minutes. A la sortie du four, couper le pithiviers en 4. Dans des assiettes plates, faire un trait de coulis de betterave, poser une part de Pithiviers au centre et mettre une bonne louche de sauce gibier au pied.","« Pithiviers de cerf & chevreuil » est une recette professionnelle METRO (plats d'hiver), composée de 27 ingrédients et 4 étapes, pour 4 portions, durée 45 min.","""Pithiviers de cerf & chevreuil"" is a professional METRO recipe (winter dishes), with 27 ingredients and 4 steps, for 4 servings.",https://www.metro.fr/inspiration/recette-chef/plat-hiver/pithivier-cerf-chevreuil,METRO France – metro.fr/inspiration/recette-chef
METRO-REC-0331,Potée de diots,plat-hiver,Plats d'hiver,Winter dishes,,,4.0,45 min,45.0,Moyen,Medium,16,6,"2 Oignons | 2 Pomme de terre Agatha | 2 Poireau | ½ Chou vert | 50cl Vin de Savoie | 1l Eau | 8 Diots de Savoie fumés | 8 ou Diots de Savoie PP aux choux | 200g Crème U.H.T. 35% MG | 2feuilles Laurier feuille | 4cl Huile d'olive vierge extra | 2 Clous de girofle | 6 Baies de genièvre | 1 Citron | Sel, poivre | 1botte Ciboulette","1. Épluchez les oignons et les pommes de terre avant de les découper en huit. Taillez les poireaux en tronçons de deux centimètres. Ôtez les deux premières feuilles du chou avant de le tailler en quartiers de deux centimètres d'épaisseur. 2. Dans une casserole, faites revenir à l'huile d'olive les oignons. Incorporez le chou et les poireaux. Déglaçez au vin blanc et complétez avec l'eau. Assaisonnez de sel et poivre du moulin. 3. Ajoutez ensuite les clous de girofle, les baies de genièvre, les feuilles de laurier et les diots. Portez à ébullition, réduisez le feu à frémissement. Laissez mijoter vingt-cinq minutes à feu doux. 4. Incorporez les pommes de terre et prolongez la cuisson de dix minutes supplémentaires. Réservez au chaud. 5. Montez la crème au batteur. Incorporez le jus de citron, sel fin et poivre du moulin. Dès que la consistance devient crémeuse, versez dans un cul de poule. Ajoutez la ciboulette ciselée finement et réservez au frais. 6. Servez la potée avec une belle quenelle de crème acidulée.","« Potée de diots » est une recette professionnelle METRO (plats d'hiver), composée de 16 ingrédients et 6 étapes, pour 4 portions, durée 45 min.","""Potée de diots"" is a professional METRO recipe (winter dishes), with 16 ingredients and 6 steps, for 4 servings.",https://www.metro.fr/inspiration/recette-chef/plat-hiver/potee-de-diots,METRO France – metro.fr/inspiration/recette-chef
METRO-REC-0332,Ragoût de bœuf,plat-hiver,Plats d'hiver,Winter dishes,,,8.0,1h40 min,100.0,Facile,Easy,14,4,"2kg Macreuse laitiere (origine France) | Beurre | 2 Oignons | 5 gousses Ail | 5 Carottes | 2 Panais | 1,2kg Pommes de terre grenaille | 60cl Bière ambrée | 1l Bouillon de bœuf | 3 cuil. à soupe Concentré de tomate | Paprika | 1 Bouquet garni | 1 Potimarron | Sel, poivre","1. Coupez la viande en cubes réguliers. Faire fondre un peu de beurre dans une grande cocotte et faire dorer la viande 3-4 min sur chaque face. 2. Pendant ce temps peler et émincer les légumes (sauf le potimarron). Réserver la viande et faire revenir les oignons. Déglacer avec un peu de bière, gratter le fond de la casserole afin de récupérer les sucs de cuisson et faire réduire. 3. Singer la viande et l'ajouter dans la cocotte ainsi que les légumes émincés, le paprika et le concentré de tomates. Recouvrir du reste de bière et du bouillon de bœuf, mélanger. Porter à ébullition, ajouter le bouquet garni et laisser cuire à couvert 1h sur feu doux. 4. Peler et couper le potimarron en dés réguliers. L'ajouter à la cocotte au bout d'1h de cuisson puis poursuivez la cuisson 30 minutes. Rectifier l'assaisonnement si nécessaire.","« Ragoût de bœuf » est une recette professionnelle METRO (plats d'hiver), composée de 14 ingrédients et 4 étapes, pour 8 portions, durée 1h40 min.","""Ragoût de bœuf"" is a professional METRO recipe (winter dishes), with 14 ingredients and 4 steps, for 8 servings.",https://www.metro.fr/inspiration/recette-chef/plat-hiver/ragout-boeuf,METRO France – metro.fr/inspiration/recette-chef
METRO-REC-0333,"Ravioles de petits gris, moules de pleine mer, fondue de poireaux, aïgo boulido à la fleur de thym",plat-hiver,Plats d'hiver,Winter dishes,,,4.0,30 min,30.0,Moyen,Medium,20,3,250g Fond blanc réduit | 180g Ail | 250g Crème | 400g Lait | 3 bouquets Thym | Sel Poivre | 20cl Jus coquillage | 2g Jus de citron | 2 blancs Fondue de poireaux | 2 Jaunes d'oeuf | Jaunes d'oeuf Sabayon (en syphon) | 20 Escargots | 50g Beurre persillé | 4 Moules moyennes | 15g Tomate brunoise | 5g Tomate confite | 5g Citron confit | 3g Persil Haché | 15g Pastis | 4 Grosses Moules par personne pour la décoration,"1. Faire réduire le fond blanc avec l'ail, puis ajouter le jus de coquillage et réduire légèrement. Incorporer la crème et le lait avec le thym et laisser infuser. Passer au chinois et chauffer à 70°C pour émulsionner. Finir en ajoutant 2g de jus de citron. 2. Faire suer les escargots dans le beurre de persil, ajouter les moules, tomates fraîches et confites, le citron confit et persil haché. Déglacer au pastis et flamber. Lier avec la béchamel bien collée et monter les ravioles. Cuire les ravioles au four vapeur ou eau bouillante. 3. Disposer un peu de fondue de poireau, puis trois ravioles et trois belles moules décortiquées. Ajouter l'aïgo boulido émulsionné et quelques gouttes de sabayon. Disposer une belle moule bien nettoyée en décoration.","« Ravioles de petits gris, moules de pleine mer, fondue de poireaux, aïgo boulido à la fleur de thym » est une recette professionnelle METRO (plats d'hiver), composée de 20 ingrédients et 3 étapes, pour 4 portions, durée 30 min.","""Ravioles de petits gris, moules de pleine mer, fondue de poireaux, aïgo boulido à la fleur de thym"" is a professional METRO recipe (winter dishes), with 20 ingredients and 3 steps, for 4 servings.",https://www.metro.fr/inspiration/recette-chef/plat-hiver/ravioles-petits-gris,METRO France – metro.fr/inspiration/recette-chef
METRO-REC-0334,Sauté de chevreuil - Cocotte de cocos,plat-hiver,Plats d'hiver,Winter dishes,,,6.0,50 min,50.0,Moyen,Medium,21,17,"2 kg Épaule de chevreuil sans os coupés en morceaux pour le sauté | 1 Carotte coupée en 4 | 4 Gousses d'ail | 90 g Oignons | Poivre en mignonette | 4 Baie de genièvre | 2 l Vin de Corbières Grande Réserve Château de Lastours pour le sauté | 80 g Lard | 90 g Carotte | 1 p/p Cèpes bouchons coupés en 2 | 4 p/p Champignons de Paris bouton glacé à blanc | 30 g Échalote | 50 g Farine | 1,5 l Fond Blanc | 1 Grosse tomate | 2 feuilles Laurier | 2 p/p Oignons Grelots | 4 branches Thym | 240 g Coco | 120 g Beurre | Sel Poivre","1. Mettre à mariner 48h le chevreuil, l'ail, l'oignon, la carotte, la mignonette de poivre et les baies de genièvre dans le vin. 2. Égoutter les morceaux de viande et mettre à rissoler avec le lard, saler, poivrer, bien colorer. 3. Retirer et égoutter. 4. Ajouter la garniture, faire suer. 5. Ajouter la farine et faire revenir quelques minutes. 6. Ajouter la viande rissolée, le vin de la marinade et la tomate coupée en 4. 7. Couvrir et laisser cuire à feu doux pendant 2h. 8. Quand les morceaux de viandes sont cuits, les égoutter. 9. Passer la sauce et la réduire si nécessaire. 10. Lier la sauce. 11. Remettre les morceaux de viande et garder au chaud à couvert (attention de ne pas faire bouillir). 12. Suer la garniture aromatique, ajouter ensuite les cocos et rouler dans le beurre sans coloration. 13. Mouiller avec le fond blanc, cuire sans ébullition pour ne pas casser les cocos. 14. Une fois cuits, séparer les cocos de la garniture, garder le jus de cuisson. 15. Réchauffer la garniture de finition et la viande dans de la sauce civet finie. 16. Faire réduire légèrement le jus de cuisson de coco, monter au beurre et ajouter les cocos. 17. Dans 2 cocottes dresser le civet dans l'une et les cocos dans l'autre.","« Sauté de chevreuil - Cocotte de cocos » est une recette professionnelle METRO (plats d'hiver), composée de 21 ingrédients et 17 étapes, pour 6 portions, durée 50 min.","""Sauté de chevreuil - Cocotte de cocos"" is a professional METRO recipe (winter dishes), with 21 ingredients and 17 steps, for 6 servings.",https://www.metro.fr/inspiration/recette-chef/plat-hiver/saute-chevreuil,METRO France – metro.fr/inspiration/recette-chef
METRO-REC-0335,Selle d'agneau en croûte,plat-hiver,Plats d'hiver,Winter dishes,,,4.0,1h,60.0,Moyen,Medium,6,9,"50g Farce fine (volaille, crème, blanc d'œuf) | 40g Feuille de Persil | 10g Tomates confites | 1 Selle d'agneau français | 4 Feuilles de brick | 20g Beurre clarifié","1. Mixer la farce fine avec 40g de feuilles de persil, tamiser 2. Ajouter la brunoise de tomates confites dans la farce fine de persil 3. Désosser la selle, rouler le filet et le contre filet ensemble 4. Étaler la farce autour de la selle, faire prendre au congélateur 5. Une fois congelé, rouler la selle dans les feuilles de brick, beurrée de beurre clarifié et ficeler 6. Préparer 2 rouleaux 7. Plonger les rouleaux dans une friteuse à 170°C pendant 2min, renouveler l'opération jusqu'à ce que la température à cœur atteigne les 52°C 8. Trancher 9. Servir avec le gratin de coquillettes","« Selle d'agneau en croûte » est une recette professionnelle METRO (plats d'hiver), composée de 6 ingrédients et 9 étapes, pour 4 portions, durée 1h.","""Selle d'agneau en croûte"" is a professional METRO recipe (winter dishes), with 6 ingredients and 9 steps, for 4 servings.",https://www.metro.fr/inspiration/recette-chef/plat-hiver/agneau-en-croute,METRO France – metro.fr/inspiration/recette-chef
METRO-REC-0336,Soupe de reblochon ravioles et grattons,plat-hiver,Plats d'hiver,Winter dishes,,,2.0,45 min,45.0,Facile,Easy,15,3,"1 Oignon jaune | 1 Poireau | 7,5cl Huile d'olive vierge extra Méditerranée | 450g Reblochon fermier | 50cl Vin de Savoie A.O.P. | 50cl Eau Cristaline | 50g Grattons de canard | 300g Ravioles du Dauphiné label rouge Royans | 1000g Pomme de terre grenaille Agata | 100g Etivaz A.O.P. | 10g Beurre doux | 25cl Lait écrémé bio | 50cl Crème U.H.T | Sel et poivre du moulin | 6cl Crème fraîche épaisse d'Isigny A.O.P.","1. Éplucher et émincer l'oignon. Fendre le poireau en deux, le laver puis l'émincer finement. Faire suer le tout à l'huile d'olive. Déglacer au vin blanc et mouiller à l'eau. Ajouter le reblochon coupé en morceau. Laisser 20 min à frémissement. Au terme de la cuisson, mixer la soupe et réserver au chaud. 2. Faire frire les ravioles et les grattons, bien croustillants. Couper de fines tranches d'Etivaz. Faire rissoler les pommes de terre grenaille, coupées en deux ou en quatre, dans le beurre et une cuillère à soupe d'huile d'olive, à feu moyen pendant 30 min. 3. Remplir les assiettes creuses ou les bols de soupe au reblochon. Parsemer de ravioles frites, de quelques grattons et de morceaux de pommes de terre grenaille rissolées. Terminer avec une belle quenelle de crème double et quelques lamelles d'Etivaz.","« Soupe de reblochon ravioles et grattons » est une recette professionnelle METRO (plats d'hiver), composée de 15 ingrédients et 3 étapes, pour 2 portions, durée 45 min.","""Soupe de reblochon ravioles et grattons"" is a professional METRO recipe (winter dishes), with 15 ingredients and 3 steps, for 2 servings.",https://www.metro.fr/inspiration/recette-chef/plat-hiver/soupe-reblochon-ravioles-grattons,METRO France – metro.fr/inspiration/recette-chef
METRO-REC-0337,Steak au poivre,plat-hiver,Plats d'hiver,Winter dishes,,,6.0,45 min,45.0,Moyen,Medium,11,8,6 tranches de Bœuf Paleron | 12 Vitelottes | Épinard | 200g Crème | 12 Pomme de terre grenaille | 1 Oignon | 2 gousses D'ail | 100g Échalotes ciselées | 200g Jus de Boeuf | 50g Cognac | 20g Poivre mignonette,"1. Blanchir, éplucher, tailler en 2 ou 4 selon la taille, sauter au beurre les pommes de terre grenaille et les vitelottes. 2. Éplucher, émincer et sauter au beurre l'oignon et les gousses d'ail. 3. Laver, équeuter et tomber au beurre les épinards. 4. Suer les échalotes dans un peu de beurre, ajouter la mignonette. 5. Déglacer et flamber au cognac, ajouter le jus de bœuf puis réduire de moitié. 6. Crémer. 7. Assaisonner le steak avec sel et mignonette et cuire à la poêle. 8. Assembler les différents éléments de la garniture dans une poêle avec un peu de beurre.","« Steak au poivre » est une recette professionnelle METRO (plats d'hiver), composée de 11 ingrédients et 8 étapes, pour 6 portions, durée 45 min.","""Steak au poivre"" is a professional METRO recipe (winter dishes), with 11 ingredients and 8 steps, for 6 servings.",https://www.metro.fr/inspiration/recette-chef/plat-hiver/steak-poivre,METRO France – metro.fr/inspiration/recette-chef
METRO-REC-0338,"Velouté de potimarron, foie gras poêlé et chataignes",plat-hiver,Plats d'hiver,Winter dishes,,,6.0,30 min,30.0,Moyen,Medium,9,3,1 Petit potimarron | 150g Oignons | 1kg Chair de potimarron | 50cl Fond blanc volaille | Fleur de sel - Poivre moulin | 150g Crème épaisse | 200g Beurre | 40g Escalopes de foie gras | 12 châtaignes cuites,"1. Couper le couvercle des potimarrons, les épépiner et récupérer la chair. 2. Faire suer les oignons, ajouter la chair et faire suer à nouveau. Compoter et mouiller avec le fond blanc, assaisonner. Laisser cuire 25 minutes puis mixer au blender. Ajouter le beurre et la crème, vérifier l'assaisonnement. Poêler les escalopes de foie gras. Chauffer les châtaignes dans un peu de fond blanc et de beurre. 3. Tiédir les courges. Disposer une escalope de foie gras coupée en deux en biseau après cuisson et ajouter les châtaignes. Dresser la courge dans un pot à part. Devant les convives, verser le velouté dans la courge.","« Velouté de potimarron, foie gras poêlé et chataignes » est une recette professionnelle METRO (plats d'hiver), composée de 9 ingrédients et 3 étapes, pour 6 portions, durée 30 min.","""Velouté de potimarron, foie gras poêlé et chataignes"" is a professional METRO recipe (winter dishes), with 9 ingredients and 3 steps, for 6 servings.",https://www.metro.fr/inspiration/recette-chef/plat-hiver/veloute-potimarron-foie-gras,METRO France – metro.fr/inspiration/recette-chef
METRO-REC-0339,"Vol au vent bourgeois, sots l'y laisse, riz d'agneau et champignons",plat-hiver,Plats d'hiver,Winter dishes,,,5.0,1h,60.0,Moyen,Medium,14,4,"Feuilletage Le François | 500g Champignons de Paris émincés | 125g Champignon de Paris bouton | 125g Champignons sauvages | 250g Oignons ciselés | 1l Vin Blanc | ½l Fond Blanc | 175g Ris d'agneau | Sel, poivre | Beurre | 1l Crème | 3pcs Crêtes de coq | 1l Fond Blanc | 15pcs Sots l'y laisse","1. Détailler des rectangles de pâte feuilletée et les rouler autour d'un emporte-pièce en tube de 8cm de haut et 5cm de diamètre. Mettre par-dessus un tube de 8cm de hauteur et 6cm de diamètre pour que le feuilletage ne gonfle pas trop. Cuire au four à 180°C pendant 15min. 2. Bien faire revenir au beurre les oignons et les champignons pour donner une légère coloration. Déglacer avec le vin blanc Rancio et faire réduire de ¾. Mouiller avec le fond blanc et cuire au moins 30min. Ajouter la crème, passer au chinois en bien foulant. Assaisonner, lier à la fécule si besoin et rectifier l'assaisonnement. 3. Bien sauter les champignons, égoutter et conserver le jus de cuisson pour l'émulsion. Assaisonner les sots l'y laisse côté peau et les cuire doucement à l'huile sur la peau uniquement pour qu'ils soient bien croustillants, les sortir de la poêle avant la fin de la cuisson. Bien assaisonner les ris d'agneau avec sel et poivre avant de les mettre en cuisson dans un beurre bien mousseux, petit à petit pour qu'ils colorent mais qu'ils ne soient pas trop cuits. Débarrasser, refroidir et réserver. Blanchir les crêtes de coq, les gratter pour enlever la peau et tailler en morceaux. 4. Mettre la sauce à chauffer dans une poêle. Faire sauter les champignons. Ajouter les ris et les crêtes et déglacer avec la sauce pour bien glacer le mélange. Rouler les sots l'y laisse dans le mélange pour juste les réchauffer et finir la cuisson afin de garder la peau bien croustillante. Émulsionner en chauffant le jus de cuisson des champignons avec du lait. Émulsionner quand le mélange arrive à 65°C. Chauffer le feuilletage et dresser.","« Vol au vent bourgeois, sots l'y laisse, riz d'agneau et champignons » est une recette professionnelle METRO (plats d'hiver), composée de 14 ingrédients et 4 étapes, pour 5 portions, durée 1h.","""Vol au vent bourgeois, sots l'y laisse, riz d'agneau et champignons"" is a professional METRO recipe (winter dishes), with 14 ingredients and 4 steps, for 5 servings.",https://www.metro.fr/inspiration/recette-chef/plat-hiver/vol-au-vent,METRO France – metro.fr/inspiration/recette-chef
METRO-REC-0340,Œuf parfait aux champignons,plat-hiver,Plats d'hiver,Winter dishes,,"Laissez-vous tenter par notre œuf parfait aux champignons, un plat où la délicatesse de la cuisson basse température sublime la richesse des champignons en plusieurs textures : purée, fricassée et émulsion.",6.0,1h,60.0,Moyen,Medium,12,7,"100g Beurre | 1.5kg Champignons de Paris lavés et égouttés | ½l Crème | 50g Beurre | 250g Champignons de Paris | 75g Échalotes ciselés | 250g Mélange de champignons | Sel, Poivre | 0.25l Crème | Glace de Champignons | ½l Lait | 6 Œufs frais","1. Mixer les champignons de Paris au robot coupe pour faire une duxelles fine. Faire sauter la duxelles à sec dans une poêle et débarrasser sur torchon en le pressant fortement pour récupérer l'eau des champignons. Réduire l'eau de champignons à glace et débarrasser. 2. Dessécher la duxelles, mixer finement avec la crème à chaud. La monter au beurre pour obtenir une purée bien lisse à assaisonner. 3. Faire réduire la crème de moitié, ajouter le lait et une partie de la glace de champignons (au goût), assaisonner et émulsionner. 4. Trier les champignons et les émincer. Cuire séparément les différents champignons, égoutter et garder le jus. À la poêle, dans le beurre, faire suer l'échalote, ajouter le jus de champignons puis les champignons. Assaisonner sel poivre, ajouter un peu de crème de champignons juste pour envelopper. 5. Cuire les œufs à 64°C pendant 45min. 6. Au centre d'une assiette creuse, à la poche, faire un nid avec la purée de champignons. Autour, ajouter 3 points de purée. Casser l'œuf et le déposer délicatement sur le nid. Déposer 1 cuillère de fricassée de champignons sur chaque point de purée. Émulsionner la crème de champignons. Ajouter autour du nid un pochon de crème et un pochon d'émulsion. Envoyer. 7. Accompagner avec une brioche tiède.","« Œuf parfait aux champignons » est une recette professionnelle METRO (plats d'hiver), composée de 12 ingrédients et 7 étapes, pour 6 portions, durée 1h.","""Œuf parfait aux champignons"" is a professional METRO recipe (winter dishes), with 12 ingredients and 7 steps, for 6 servings.",https://www.metro.fr/inspiration/recette-chef/plat-hiver/oeuf-champignons,METRO France – metro.fr/inspiration/recette-chef
METRO-REC-0341,Crème de fêta à la sauge et citron confit,sauce,Sauces,Sauces,Wilfried Romain,,15.0,30 min,30.0,Facile,Easy,7,4,250g Fêta | 250g Lait | 150g Crème | 1/2 botte Sauge | 20g Citron saumuré | 20g Huile d'olive | 5g Poivre noir,"1. Dans une casserole faire chauffer à feu doux le lait, la crème et la feta 2. Verser l'ensemble dans un blender et ajouter le reste des éléments 3. Mixer à fond 5min puis filtrer au chinois étamine 4. Servir frais","« Crème de fêta à la sauge et citron confit » est une recette professionnelle METRO (sauces) signée Wilfried Romain, composée de 7 ingrédients et 4 étapes, pour 15 portions, durée 30 min.","""Crème de fêta à la sauge et citron confit"" is a professional METRO recipe (sauces) by Wilfried Romain, with 7 ingredients and 4 steps, for 15 servings.",https://www.metro.fr/inspiration/recette-chef/sauce/creme-feta-sauge-citron-confit,METRO France – metro.fr/inspiration/recette-chef
METRO-REC-0342,Espuma Brie et Café,sauce,Sauces,Sauces,Wilfried Romain,,20.0,20 min,20.0,Facile,Easy,8,7,250g Brie de Meaux | 250g Lait | 250g Crème 35% | 50g Expresso | 2g Sel | 3 feuilles Gélatine | Poudre de café | Huile verte,"1. Dans une casserole, verser le lait et la crème. 2. Une fois bien chaud, mixer au blender et passer au chinois étamine. 3. Ajouter les feuilles de gélatine réhydratée dans le liquide encore chaud. 4. Ajouter le gorgonzola et la feuille de gélatine réhydratée. 5. Ajouter le café 6. Mettre en siphon et ajouter 2 cartouches 7. Laisser le siphon à température ambiante pour une texture parfaite","« Espuma Brie et Café » est une recette professionnelle METRO (sauces) signée Wilfried Romain, composée de 8 ingrédients et 7 étapes, pour 20 portions, durée 20 min.","""Espuma Brie et Café"" is a professional METRO recipe (sauces) by Wilfried Romain, with 8 ingredients and 7 steps, for 20 servings.",https://www.metro.fr/inspiration/recette-chef/sauce/espuma-brie-cafe,METRO France – metro.fr/inspiration/recette-chef
METRO-REC-0343,Espuma gorgonzola,sauce,Sauces,Sauces,Wilfried Romain,,25.0,45 min,45.0,Facile,Easy,8,8,250g Gorgonzola | 250g Lait | 200g Crème liquide 35% | 15g Vinaigre balsamique blanc | 2g Poivre blanc moulu | 1branche Thym | 2feuilles Laurier | 1feuille Gélatine,"1. Dans une casserole, verser le lait et la crème 2. Ajouter le poivre blanc moulu, la branche de thym et le laurier 3. Porter à ébullition 4. Couper le feu est laisser infuser 10 min 5. Ajouter le gorgonzola et la feuille de gélatine réhydratée 6. Mixer au blender 7. Filtrer au chinois étamine 8. Verser la préparation dans un siphon et ajouter 2 cartouches pour une utilisation froide et 1 cartouche pour une utilisation chaude","« Espuma gorgonzola » est une recette professionnelle METRO (sauces) signée Wilfried Romain, composée de 8 ingrédients et 8 étapes, pour 25 portions, durée 45 min.","""Espuma gorgonzola"" is a professional METRO recipe (sauces) by Wilfried Romain, with 8 ingredients and 8 steps, for 25 servings.",https://www.metro.fr/inspiration/recette-chef/sauce/espuma-gorgonzola,METRO France – metro.fr/inspiration/recette-chef
METRO-REC-0344,Houmous de petits pois,sauce,Sauces,Sauces,Alex Cook,,10.0,25 min,25.0,Moyen,Medium,10,6,"1,250kg Petits pois frais ou surgelés | 7g Piment d'Espelette | 180g Citron vert | ½ Botte de menthe fraîche | 20cl Crème liquide | 30g Tahini | Huile d'olive | Sel | Poivre | Fleur de sel","1. Mettre à cuire les petits pois à l'anglaise, stoppez la cuisson en glaçante. 2. Mixer les petits pois. 3. Ajouter la menthe, le piment d'Espelette, le citron vert, le tahini et la crème liquide. 4. Rectifier l'assaisonnement. 5. Au moment d'envoyer, verser un filet d'huile d'olive. 6. Finir avec de la fleur de sel, une pincée de piment d'Espelette ainsi que quelques feuilles de menthe ciselée.","« Houmous de petits pois » est une recette professionnelle METRO (sauces) signée Alex Cook, composée de 10 ingrédients et 6 étapes, pour 10 portions, durée 25 min.","""Houmous de petits pois"" is a professional METRO recipe (sauces) by Alex Cook, with 10 ingredients and 6 steps, for 10 servings.",https://www.metro.fr/inspiration/recette-chef/sauce/houmous-petits-pois,METRO France – metro.fr/inspiration/recette-chef
METRO-REC-0345,Jus de Poisson aux épices douces,sauce,Sauces,Sauces,Wilfried Romain,,25.0,1h,60.0,Facile,Easy,12,6,2l Fumet de poisson | 150g Beurre | 50g Crème crue | 15g Curry | 2g Piment d'Espelette | 1bâton Citronnelle | 2gousses Ail | 5feuilles Lime | 20g Gingembre | 20g Cacahuètes grillées | 10g Coriandre en grain | 1 Citron vert,"1. Faire réduire le fumet de poisson jusqu'à obtenir un fumet réduit pesant 300 g 2. Faire un beurre noisette 3. Rassembler le fumet réduit, le beurre noisette et la crème crue dans une casserole et ajouter toute la garniture 4. Laisser cuire et infuser à feu doux pendant environ 30min 5. Mixer rapidement au blender et passer au chinois étamine 6. Rectifier la texture si besoin","« Jus de Poisson aux épices douces » est une recette professionnelle METRO (sauces) signée Wilfried Romain, composée de 12 ingrédients et 6 étapes, pour 25 portions, durée 1h.","""Jus de Poisson aux épices douces"" is a professional METRO recipe (sauces) by Wilfried Romain, with 12 ingredients and 6 steps, for 25 servings.",https://www.metro.fr/inspiration/recette-chef/sauce/jus-poisson-epices-douces,METRO France – metro.fr/inspiration/recette-chef
METRO-REC-0346,Marinade pour volaille,sauce,Sauces,Sauces,Alex Cook,,10.0,15 min,15.0,Moyen,Medium,8,4,25cl Huile d'olive | 15g Paprika | 20g Ail | 15g Piment concassé | 1 Citron vert | 30g Concentré de tomates | 50g Moutarde | 20g Miel,"1. Dans un cul de poule, mélanger le miel, la moutarde, le concentré de tomates et l'ail haché. 2. Ajouter le piment concassé ainsi que le paprika. 3. Finir avec le jus de citron vert puis l'huile d'olive. 4. 2 jours au frais.","« Marinade pour volaille » est une recette professionnelle METRO (sauces) signée Alex Cook, composée de 8 ingrédients et 4 étapes, pour 10 portions, durée 15 min.","""Marinade pour volaille"" is a professional METRO recipe (sauces) by Alex Cook, with 8 ingredients and 4 steps, for 10 servings.",https://www.metro.fr/inspiration/recette-chef/sauce/marinade-pour-volaille,METRO France – metro.fr/inspiration/recette-chef
METRO-REC-0347,Mayonnaise Allégée au Siphon,sauce,Sauces,Sauces,Wilfried Romain,,25.0,1h15 min,75.0,Facile,Easy,5,6,5 Œufs parfaits | 30g Moutarde de Dijon | 25g Vinaigre de Xérès | 5g Sel | 250g Huile de colza,"1. Cuire les œufs à 63 degrés vapeur pendant 1h 2. Mixer les œufs dans un blender avec moutarde, vinaigre et sel 3. Verser l'huile en filet tout en continuant à mixer 4. Passer au chinois étamine 5. Réserver en siphon et ajouter 2 cartouches de gaz 6. Conserver au frais","« Mayonnaise Allégée au Siphon » est une recette professionnelle METRO (sauces) signée Wilfried Romain, composée de 5 ingrédients et 6 étapes, pour 25 portions, durée 1h15 min.","""Mayonnaise Allégée au Siphon"" is a professional METRO recipe (sauces) by Wilfried Romain, with 5 ingredients and 6 steps, for 25 servings.",https://www.metro.fr/inspiration/recette-chef/sauce/mayonnaise-allegee-siphon,METRO France – metro.fr/inspiration/recette-chef
METRO-REC-0348,Mayonnaise à l'ail noir,sauce,Sauces,Sauces,Wilfried Romain,,25.0,10 min,10.0,Facile,Easy,7,5,40g Jaune d'œuf | 60g Moutarde | 50g Vinaigre xérès | 5g Sel fin | 350g Huile de colza | 50g Pâte d'ail noir | 1 Citron jaune (Zeste),"1. Dans un bol mettre le jaune d'œuf, la moutarde, le vinaigre de xérès et le sel, bien mélanger à l'aide d'un fouet 2. Monter ensuite la mayonnaise en ajoutant l'huile en filet, bien serrer la mayonnaise 3. Zester le citron jaune à l'aide d'une microplane 4. Ajouter enfin la pâte d'ail noir, vérifier la texture 5. Conserver au frais en poche ou en boîte","« Mayonnaise à l'ail noir » est une recette professionnelle METRO (sauces) signée Wilfried Romain, composée de 7 ingrédients et 5 étapes, pour 25 portions, durée 10 min.","""Mayonnaise à l'ail noir"" is a professional METRO recipe (sauces) by Wilfried Romain, with 7 ingredients and 5 steps, for 25 servings.",https://www.metro.fr/inspiration/recette-chef/sauce/mayonnaise-xeres-ail-noir,METRO France – metro.fr/inspiration/recette-chef
METRO-REC-0349,Recette de sauce tahini,sauce,Sauces,Sauces,Alex Cook,"La sauce tahini est une sauce crémeuse à base de graines de sésame, idéale pour ajouter une touche de richesse et de saveur à de nombreux plats.",10.0,20 min,20.0,Moyen,Medium,7,4,500g Yaourt grec | 20cl Crème liquide | 50g Tahini | 7cl Jus de citron vert | 8g Piment d'Espelette | 1g Graines de sésame torréfiées | Sel,"1. Dans un cul de poule, sans cesser de remuer, mélanger le yaourt grec avec le tahini. 2. Ajouter le jus de citron vert ainsi que la crème liquide. 3. Ajouter le piment d'Espelette, les graines de sésame puis rectifier l'assaisonnement. 4. 2 jours au frais.","« Recette de sauce tahini » est une recette professionnelle METRO (sauces) signée Alex Cook, composée de 7 ingrédients et 4 étapes, pour 10 portions, durée 20 min.","""Recette de sauce tahini"" is a professional METRO recipe (sauces) by Alex Cook, with 7 ingredients and 4 steps, for 10 servings.",https://www.metro.fr/inspiration/recette-chef/sauce/sauce-tahini,METRO France – metro.fr/inspiration/recette-chef
METRO-REC-0350,Sauce Chimichurri,sauce,Sauces,Sauces,Alex Cook,"La sauce chimichurri est une sauce argentine pleine de saveurs, parfaite pour accompagner les viandes grillées.",10.0,20 min,20.0,Facile,Easy,11,5,5 Oignons rouges | 8 Gousses d'ail | 1 Botte de persil plat frais | 2 Piments oiseau | 1cl Vinaigre de vin rouge | 20cl Huile d'olive | 1 Citron vert | 30g Origan frais | 10g Fleur de sel | 10g Sel fin | 8g Poivre noir,"1. Ciseler les oignons rouges finement ainsi que le persil et l'origan. 2. Hacher les gousses d'ail ainsi que le piment oiseau. 3. Mélanger tous les éléments. 4. Verser le vinaigre puis l'huile d'olive. 5. Assaisonner sel et poivre. 30 minutes avant l'envoi, ajouter le jus de citron.","« Sauce Chimichurri » est une recette professionnelle METRO (sauces) signée Alex Cook, composée de 11 ingrédients et 5 étapes, pour 10 portions, durée 20 min.","""Sauce Chimichurri"" is a professional METRO recipe (sauces) by Alex Cook, with 11 ingredients and 5 steps, for 10 servings.",https://www.metro.fr/inspiration/recette-chef/sauce/chimichurri,METRO France – metro.fr/inspiration/recette-chef
METRO-REC-0351,Sauce crème de whisky et poivre Sichuan,sauce,Sauces,Sauces,Wilfried Romain,,10.0,30 min,30.0,Facile,Easy,10,5,250g Echalote | 10g Poivre Sichuan | 100g Vinaigre de Xérès | 200g Vin blanc | 50g Whisky | 10g Pâte de truffe | 200g Crème liquide | 50g Beurre noisette | 5g Poivre Sichuan | 10g Whisky,"1. Commencer par émincer les échalotes puis les faire suer dans une casserole 2. Ajouter ensuite le poivre de Sichuan, le vinaigre de xérès, le vin blanc et le whisky 3. Faire réduire jusqu'à réduction de moitié du liquide (20 min environ) 4. Passer au chinois étamine puis ajouter le reste des ingrédients 5. Porter à ébullition et rectifier l'assaisonnement","« Sauce crème de whisky et poivre Sichuan » est une recette professionnelle METRO (sauces) signée Wilfried Romain, composée de 10 ingrédients et 5 étapes, pour 10 portions, durée 30 min.","""Sauce crème de whisky et poivre Sichuan"" is a professional METRO recipe (sauces) by Wilfried Romain, with 10 ingredients and 5 steps, for 10 servings.",https://www.metro.fr/inspiration/recette-chef/sauce/creme-whisky-poivre-sichuan,METRO France – metro.fr/inspiration/recette-chef
METRO-REC-0352,Sauce poivron aigre doux,sauce,Sauces,Sauces,Wilfried Romain,,15.0,2h,120.0,Facile,Easy,10,5,1kg Poivrons | 50g Piment rouge | 1 Oignon blanc | 2gousses Ail | 1botte Thym | 1branche Romarin | 3feuilles Laurier | 250g Beurre | 50g Crème | 75g Vinaigre de xérès,"1. Mixer poivrons, piment, oignon et ail au blender 2. Verser la préparation dans une casserole, ajouter les herbes aromatiques et cuire à feu doux environ 1h30 3. Mixer à fond la pulpe cuite et la remettre dans une casserole et maintenir à feu moyen 4. Ajouter la crème et beurre et faire en sorte d'avoir une texture bien homogène 5. Finir avec la vinaigrette xérès et assaisonner","« Sauce poivron aigre doux » est une recette professionnelle METRO (sauces) signée Wilfried Romain, composée de 10 ingrédients et 5 étapes, pour 15 portions, durée 2h.","""Sauce poivron aigre doux"" is a professional METRO recipe (sauces) by Wilfried Romain, with 10 ingredients and 5 steps, for 15 servings.",https://www.metro.fr/inspiration/recette-chef/sauce/poivron-aigre-doux,METRO France – metro.fr/inspiration/recette-chef
METRO-REC-0353,Sauce pour poulet caramélisé,sauce,Sauces,Sauces,,,10.0,40 min,40.0,Moyen,Medium,6,4,"1kg Sucre | 100g Gingembre | 5cl Jus de gingembre | 1,5l Vinaigre de riz | 1,5l Soy sauce | 1,5l Jus brun de volaille lié","1. Réaliser un caramel avec le sucre, le gingembre et le jus de gingembre. 2. Déglacer avec le vinaigre de riz et la soy sauce. 3. Laisser réduire de moitié puis y ajouter le jus de volaille. 4. Faire réduire de nouveau jusqu'à la nappe.","« Sauce pour poulet caramélisé » est une recette professionnelle METRO (sauces), composée de 6 ingrédients et 4 étapes, pour 10 portions, durée 40 min.","""Sauce pour poulet caramélisé"" is a professional METRO recipe (sauces), with 6 ingredients and 4 steps, for 10 servings.",https://www.metro.fr/inspiration/recette-chef/sauce/sauce-poulet-caramelise,METRO France – metro.fr/inspiration/recette-chef
METRO-REC-0354,Sauce verte pour frites de patate douce,sauce,Sauces,Sauces,Alex Cook,,10.0,20 min,20.0,Moyen,Medium,8,4,50cl Crème d'Isigny | 1 Botte de persil plat | 5 Gousses d'ail | 2 Citrons verts | 150g Mayonnaise | 20g Moutarde | 6g Piment d'Espelette | Sel,"1. Dans un mixeur, mixer la crème d'Isigny, la moutarde, la mayonnaise, le jus de citron vert, le persil équeuté, l'ail préalablement dégermé. 2. Finir avec le piment d'Espelette puis rectifier l'assaisonnement. 3. Réserver au frais minimum 1 heure avant de servir. 4. 2 jours au frais.","« Sauce verte pour frites de patate douce » est une recette professionnelle METRO (sauces) signée Alex Cook, composée de 8 ingrédients et 4 étapes, pour 10 portions, durée 20 min.","""Sauce verte pour frites de patate douce"" is a professional METRO recipe (sauces) by Alex Cook, with 8 ingredients and 4 steps, for 10 servings.",https://www.metro.fr/inspiration/recette-chef/sauce/sauce-verte-pour-frite-de-patate-douce,METRO France – metro.fr/inspiration/recette-chef
METRO-REC-0355,Swicy,sauce,Sauces,Sauces,Wilfried Romain,,25.0,2h,120.0,Facile,Easy,9,4,150g Poivrons | 20g Ail | 20g Gingembre | 10g Piment rouge | 400g Eau | 150g Vinaigre blanc | 150g Sucre | 10g Sel | 15g Maïzena,1. Éplucher les ingrédients et les hacher 2. Rassembler tous les éléments dans une casserole et cuire à feux doux pendant 1h30 3. Lier à la maïzena pour la texture 4. Laisser infuser minimum 24h au frais,"« Swicy » est une recette professionnelle METRO (sauces) signée Wilfried Romain, composée de 9 ingrédients et 4 étapes, pour 25 portions, durée 2h.","""Swicy"" is a professional METRO recipe (sauces) by Wilfried Romain, with 9 ingredients and 4 steps, for 25 servings.",https://www.metro.fr/inspiration/recette-chef/sauce/swicy,METRO France – metro.fr/inspiration/recette-chef
METRO-REC-0356,Vinaigrette pastèque basilic menthe,sauce,Sauces,Sauces,Wilfried Romain,,15.0,2h,120.0,Facile,Easy,8,4,1kg Pastèque (100 g mélasse) | 50g Vinaigre de riz | 1botte Basilic | 1/2botte Menthe | 1gousse Ail | 10g Pimenton de la Vera fumé | 5g Poivre blanc | 200g Huile d'olive,1. Mixer la pastèque dans un blender et filtrer au chinois étamine 2. Faire réduire le jus à feu doux jusqu'à une texture de mélasse 3. Rassembler tous les ingrédients au blender et mixer la vinaigrette 4. Stocker au frais,"« Vinaigrette pastèque basilic menthe » est une recette professionnelle METRO (sauces) signée Wilfried Romain, composée de 8 ingrédients et 4 étapes, pour 15 portions, durée 2h.","""Vinaigrette pastèque basilic menthe"" is a professional METRO recipe (sauces) by Wilfried Romain, with 8 ingredients and 4 steps, for 15 servings.",https://www.metro.fr/inspiration/recette-chef/sauce/vinaigrette-pasteque-basilic-menthe,METRO France – metro.fr/inspiration/recette-chef
METRO-REC-0357,Vinaigrette Thaï,sauce,Sauces,Sauces,Alex Cook,,10.0,25 min,25.0,Facile,Easy,8,7,50cl Sauce soja sucrée | 50g Miel | 60cl Huile de sésame | 6cl Huile d'olive | 60gr Ail | ½ Botte de coriandre | 1 Oignon rouge | Sel,"1. Hacher les gousses d'ail finement. 2. Ciseler l'oignon rouge ainsi que la coriandre. 3. Dans un cul de poule mélanger le miel, ajoutez l'ail haché, la sauce soja sucrée. 4. Verser en filet comme pour une mayonnaise l'huile de sésame, puis l'huile d'olive. 5. Finir avec les oignons ciselés et la coriandre. 6. Rectifier l'assaisonnement. 7. 2 jours au frais","« Vinaigrette Thaï » est une recette professionnelle METRO (sauces) signée Alex Cook, composée de 8 ingrédients et 7 étapes, pour 10 portions, durée 25 min.","""Vinaigrette Thaï"" is a professional METRO recipe (sauces) by Alex Cook, with 8 ingredients and 7 steps, for 10 servings.",https://www.metro.fr/inspiration/recette-chef/sauce/vinaigrette-thai,METRO France – metro.fr/inspiration/recette-chef
METRO-REC-0358,Yakitori,sauce,Sauces,Sauces,Wilfried Romain,,25.0,1h,60.0,Facile,Easy,13,4,1L Sake | 250g Mirin | 1 Poireau | 2 Carottes | 5feuilles Lime | 1 Piment oiseau | Oignon | 1/2 Céleri branche | 10g Grain de coriandre | 5g Cumin | 5g Poivre | 75g Huile sésame | 200g Sauce soja,"1. Dans une casserole faire bouillir et flamber le saké et mirin 2. Ajouter la garniture et cuire environ 1h à feu doux une fois la flamme éteinte 3. Passer ensuite au chinois étamine et vérifier la consistance, en fonction de l'utilisation et du besoin vous pouvez lier légèrement la sauce avec de la maïzena 4. Conserver au frais","« Yakitori » est une recette professionnelle METRO (sauces) signée Wilfried Romain, composée de 13 ingrédients et 4 étapes, pour 25 portions, durée 1h.","""Yakitori"" is a professional METRO recipe (sauces) by Wilfried Romain, with 13 ingredients and 4 steps, for 25 servings.",https://www.metro.fr/inspiration/recette-chef/sauce/yakitori,METRO France – metro.fr/inspiration/recette-chef
METRO-REC-0359,"Champignons travaillés, jaune d'œuf confit et noisettes torréfiées",vegetale,Cuisine végétale,Plant-based cuisine,,,6.0,40 min,40.0,Facile,Easy,9,17,"7 Œufs entier BIO « calibre moyen » | 1,5kg Champignons de Paris | 1kg Chanterelles | 4 Oignons doux | Huile d'olive | 800g Bouillon de Volaille | 1l Crème | 110g Beurre | 70g Noisettes","1. Four vapeur 74 °C pendant 14 min 100 % vapeur, les glacer et réserver au frais. 2. Nettoyer les champignons à grande eau, pour les chanterelles répéter l'opération 2 à 3 fois. 3. Réserver 6 champignons de Paris crus pour le dressage que l'on taillera en fine lamelle. 4. Pour le reste des champignons de Paris, les tailler en 4 puis les faire revenir avec les oignons ciselés dans un rondeau avec de l'huile d'olive. 5. Une fois revenu les égoutter pour enlever l'eau de végétation. 6. Réserver cette eau de cuisson, la filtrer puis la faire réduire de moitié. 7. Crémer légèrement et réserver. 8. Remettre les champignons en cuisson avec bouillon de volaille et crème. 9. Cuire à consistance puis mixer, rectifier avec bouillon de Volaille. 10. Bien égoutter les chanterelles, les faire revenir à la poêle bien chaude, avec de l'huile d'olive. Sel poivre et une noisette de beurre. 11. Torréfier les noisettes à 95°C four 100 % sec environ 10 à 12 min. 12. Ajouter du sel en sorti de four. 13. Enlever la coquille puis séparer le blanc du jaune délicatement. 14. Les passer sous un filet d'eau froide. 15. Dans une assiette creuse chaude, disposer le crémeux de champignons de paris dans le fond y ajouter le jaune d'œuf au centre. 16. Autour du jaune, déposer les chanterelles. 17. Recouvrir le tous des lamelles de champignons de paris et des noisettes torréfiées, fleur de sel.","« Champignons travaillés, jaune d'œuf confit et noisettes torréfiées » est une recette professionnelle METRO (cuisine végétale), composée de 9 ingrédients et 17 étapes, pour 6 portions, durée 40 min.","""Champignons travaillés, jaune d'œuf confit et noisettes torréfiées"" is a professional METRO recipe (plant-based cuisine), with 9 ingredients and 17 steps, for 6 servings.",https://www.metro.fr/inspiration/recette-chef/vegetale/champignon-oeuf-noisette,METRO France – metro.fr/inspiration/recette-chef
METRO-REC-0360,"Cocotte de légumes et Saint-pierre, sauce cressonnière",vegetale,Cuisine végétale,Plant-based cuisine,,Apportez de la couleur avec cette recette réconfortante de poisson blanc et ses légumes d'hiver servis directement dans la cocotte.,10.0,1h30 min,90.0,Moyen,Medium,16,20,"500g Persil tubéreux | Huile d'olive | Vinaigre de Rancio | Sel, poivre | 500g Topinambour | 20 Mini poireaux | 20 Betterave rouge | 500g Rutabaga | 500g Panais | 500g Cerfeuil tubéreux | Saint-pierre | Beurre noisette | 3kg Cresson | 500g Lait | Crème | Jus de citron","1. Tailler le persil tubéreux à la mandoline en copeaux fins et les faire mariner dans une vinaigrette huile d'olive, vinaigre de rancio, sel et poivre. 2. Précuire les topinambours dans une casserole de lait assaisonné. Les rôtir ensuite au beurre mousseux à la minute. 3. Blanchir à l'anglaise les mini poireaux. 4. Cuire les betteraves rouges dans du jus de betterave. 5. Tailler les panais dans la longueur afin de garder la forme originale du produit, tourner les angles. Cuire dans le lait puis snacker de chaque côté. 6. Cuire les rutabagas taillés en quartier et tournés, dans un sautoir. 7. Précuire les cerfeuils tubéreux dans le lait puis les rôtir également au beurre. 8. Monter le beurre noisette à température. 9. Pocher à la minute les filets de Saint-Pierre assaisonnés. 10. Laver le cresson, puis le cuire à l'anglaise. 11. Fixer la couleur en les glaçant après cuisson. 12. Mixer ensuite dans un Thermomix afin qu'il ne reste plus de fibres. Ajouter le lait puis continuer de mixer. 13. Mettre un peu de crème pour légèrement épaissir. 14. Dans une casserole, remonter en température. 15. Rectifier l'assaisonnement en y ajoutant une pointe de jus de citron, sel et poivre si besoin. 16. Dans une cocotte en verre, disposer les légumes un par un en laissant un espace au milieu pour poser le poisson. 17. Quand celui-ci est cuit au beurre noisette, tailler le filet au milieu dans la longueur afin de bien voir la cuisson nacrée. 18. Ajouter quelques belles pluches de cresson frais dans la cocotte. 19. Verser la cressonnière chaude dans une saucière. 20. Bien ajouter de la mousse en faisant foisonner la sauce au mixeur plongeant.","« Cocotte de légumes et Saint-pierre, sauce cressonnière » est une recette professionnelle METRO (cuisine végétale), composée de 16 ingrédients et 20 étapes, pour 10 portions, durée 1h30 min.","""Cocotte de légumes et Saint-pierre, sauce cressonnière"" is a professional METRO recipe (plant-based cuisine), with 16 ingredients and 20 steps, for 10 servings.",https://www.metro.fr/inspiration/recette-chef/vegetale/cocotte-legumes-hiver-st-pierre-cressonniere,METRO France – metro.fr/inspiration/recette-chef
METRO-REC-0361,Cordon vert,vegetale,Cuisine végétale,Plant-based cuisine,,,2.0,20 min,20.0,Difficile,Hard,10,15,500 g Brocoli | 1cac Sel | 1cac Poivre | 100g Farine | 50g Parmesan | 9g Epinard | 4tranches toastinette emmental | 200g chapelure | 200g Farine | 200ml Lait d'amande,"1. Faire bouillir dans une casserole avec un peu de sel les têtes de brocoli pour avoir une texture facile à écraser à la fourchette. 2. Mettre le brocoli immédiatement dans un bol d'eau froide avec glaçons pour qu'il garde sa belle couleur verte. 3. Ecraser le brocolis finement mais grossièrement et dans un grand bol y ajouter le sel, le poivre, la farine et le parmesan. 4. Faire blanchir les feuilles d'épinards dans de l'eau bouillante et les plonger à leur tour dans un bol d'eau froide - pour garder la couleur. 5. Mettre les feuilles à plat l'une sur l'autre. Environ 8 feuilles. 6. Prendre des feuilles sopalin pour éponger l'eau sur les feuilles d'épinards. 7. Prendre les tranches de fromages et les découper en 2 pour avoir un format rectangulaire. Superposer 4 tranches de fromage. 8. Vous devez à présent entourer le fromage avec les feuilles d'épinards. 9. Dans une main faites une forme de galette avec la pâte de brocoli. 10. Dessus, déposer les épinards fourrés au fromage. 11. Puis recouvrir avec une autre galette de pâte d'épinards. 12. Fermer hermétiquement. 13. Dans 3 récipients différents, mettre la chapelure, le lait d'amande et la farine. Faire plonger dans cet ordre les galettes, farine, lait d'amande et chapelure. 14. Mettre un bon filet d'huile dans une poêle chaude et faire dorer doucement le cordon vert. Ne pas hésiter à retourner souvent pour avoir une couleur uniforme pour avoir une belle coloration finale et un coeur très coulant. 15. Terminer la cuisson 5 minutes au four à 180 degrés.","« Cordon vert » est une recette professionnelle METRO (cuisine végétale), composée de 10 ingrédients et 15 étapes, pour 2 portions, durée 20 min.","""Cordon vert"" is a professional METRO recipe (plant-based cuisine), with 10 ingredients and 15 steps, for 2 servings.",https://www.metro.fr/inspiration/recette-chef/vegetale/cordon-brocoli-epinard,METRO France – metro.fr/inspiration/recette-chef
METRO-REC-0362,Cèpe - Mûre - Reine des prés,vegetale,Cuisine végétale,Plant-based cuisine,,"Travaillez le cèpe de plusieurs façons pour en tirer toute sa complexité aromatique, avec ce mariage audacieux. Une expérience gustative inoubliable.",10.0,1h,60.0,Moyen,Medium,19,27,½ Échalote | 150g Cèpes | 100g Lait | 100g Crème | 3g Sel fin | 100g Purée mûres | 2g Agar-agar | 250g Crème | 1g Fleur de Reines des prés séchées | 1g Fleur de sel | 300g Huile de colza | 4 Feuilles de riz | 3 Cèpes | 300g Huile de colza | 10 Cèpes | Beurre demi-sel | Fleur de sel | 3 Cèpes | 10 Mûres fraîches,"1. Faire suer l'échalote au beurre. 2. Ajouter les cèpes. 3. Mouiller avec la crème et le lait. 4. Cuire 10 minutes. 5. Mixer avec le sel et passer au chinois. 6. Mélanger les 2 ingrédients à froid et faire bouillir. 7. Refroidir puis mixer avec le Bar mix. 8. Passer au chinois. 9. Réduire la crème jusqu'à 150 g. 10. Infuser avec les fleurs pendant 20 minutes. 11. Passer au chinois et ajouter la fleur de sel. 12. Réserver au froid. 13. Chauffer l'huile à 180 degrés. 14. Frire les feuilles de riz pendant 5 secondes. 15. Bien égoutter le gras. 16. Couper fins les cèpes à l'aide d'une mandoline. 17. Les frire à 170 degrés jusqu'à ce qu'ils soient bien colorés. 18. Saisir les cèpes à la poêle chaude puis ajouter le beurre. 19. Bien les arroser jusqu'à obtenir une coloration bien dorée. 20. Assaisonner avec un peu de fleur de sel. 21. Couper très finement des tranches de cèpes à l'aide d'une mandoline. 22. Couper les mûres en petits morceaux. 23. Déposer la purée au centre de l'assiette. 24. Déposer des points de condiment de mûres, des mûres fraiches et de la crème aux Reines des prés. 25. Déposer les chips de champignon, les chips de riz et les copeaux de cèpes dessus. 26. Décorer avec quelques petites feuilles d'herbe. 27. Servir avec le cèpe cuit à côté.","« Cèpe - Mûre - Reine des prés » est une recette professionnelle METRO (cuisine végétale), composée de 19 ingrédients et 27 étapes, pour 10 portions, durée 1h.","""Cèpe - Mûre - Reine des prés"" is a professional METRO recipe (plant-based cuisine), with 19 ingredients and 27 steps, for 10 servings.",https://www.metro.fr/inspiration/recette-chef/vegetale/cepe-mure-reine-pres,METRO France – metro.fr/inspiration/recette-chef
METRO-REC-0363,"Demi-potimarron farci au risotto de blé vert fumé, copeaux de champignons, graines de courge",vegetale,Cuisine végétale,Plant-based cuisine,Amar Challal,,2.0,1h30 min,90.0,Facile,Easy,15,15,"1 Potimarron | Huile d'olive | PM Sel, poivre | 1 gousse Ail | 1 feuille Laurier | 2 branches Thym citron | 1/4 Oignon | Huile d'olive | 250g Blé vert fumé | 10cl Vin blanc | 0,5l Fond blanc maison | Beurre | 1/3 botte Persil | 1 Champignon crème | Graines de courge","1. Laver, épépiner et tailler en 2 le potimarron 2. Le cuire avec de l'huile d'olive, sel/poivre, poivre du moulin, ail, thym et laurier, recouvrir d'un alu et enfourner dans un four chaud à 160°C pendant 30 min 3. Réserver 4. Ciseler l'oignon, le faire revenir à l'huile d'olive avec sel/poivre, ail, thym et laurier 5. Ajouter le blé vert fumé, faire revenir, déglacer au vin blanc, laisser réduire à sec, puis ajouter la moitié du fond blanc 6. Laisser cuire 7. En cours de cuisson, ajouter le reste du fond blanc en 2 fois 8. Une fois le blé cuit ajouter du beurre et des herbes hachées 9. Réserver 10. Tailler des copeaux de champignons crème à la mandoline japonaise 11. Dans une assiette creuse, disposer le demi-potimarron au centre 12. Le garnir de risotto de blé vert fumé 13. Ajouter fleur de sel/poivre du moulin 14. Ajouter les copeaux de champignons crème, ciboulette ciselée 15. Décorer avec des graines de courge torréfiées","« Demi-potimarron farci au risotto de blé vert fumé, copeaux de champignons, graines de courge » est une recette professionnelle METRO (cuisine végétale) signée Amar Challal, composée de 15 ingrédients et 15 étapes, pour 2 portions, durée 1h30 min.","""Demi-potimarron farci au risotto de blé vert fumé, copeaux de champignons, graines de courge"" is a professional METRO recipe (plant-based cuisine) by Amar Challal, with 15 ingredients and 15 steps, for 2 servings.",https://www.metro.fr/inspiration/recette-chef/vegetale/potiron-farci-risotto-champignon,METRO France – metro.fr/inspiration/recette-chef
METRO-REC-0364,Déclinaison de Betterave et grenade,vegetale,Cuisine végétale,Plant-based cuisine,Indra Carillo,Alliez gourmandise et élégance du dressage avec cette recette de betteraves marinées au crumble et au sorbet betterave-grenade.,8.0,1h30 min,90.0,Moyen,Medium,18,21,2 Betteraves | 10g Huile d'olive | 400g Jus de grenade | 100g Jus de betteraves | 50g Sucre | 15g Dextrose | 15g Glucose | 6g STAB2000 | 20g Jus de citron | 2 Betteraves blanches | 30g ISOMALT | 100g Beurre | 50g Sucre muscovado | 25g Sucre cassonade | 100g Farine T45 | 100g Farine d'amande | 50g Noisettes torréfiées | 5g Sel de guérande,"1. Cuire la Betterave rouge au four avec huile d'olive pendant 50 min a 170°C. 2. Éplucher, refroidir et couper des fines lamelles. 3. Chauffer jusqu'à ébullition la moitié du jus de grenade et de betterave. 4. Retirer du feu et verser en pluie les poudres. 5. Ajouter le reste de jus de grenade, de betterave et de citron. 6. Réserver au frais et passer à la turbine à glace avant le service. 7. Couper en petit morceaux les betteraves blanches. 8. Mouiller à hauteur avec un bouillon ; rectifier assaisonnement. 9. Une fois cuites, mixer les betteraves. 10. Mélanger avec du sucre. 11. Étaler sur des silkpat et laisser sécher 12h dans un endroit sec. 12. Puis cuire au jour 20 min à 90°C. 13. Mélanger le beurre avec les sucres de moscabado et de sucre cassonade, la farine et la farine d'amandes. 14. Incorporer ensuite de noisettes tarifiées et concassées avec une pince de sel de Guérande. 15. Étaler à une épaisseur de 1mm cuire pendant 13 minutes à 175°c vitesse 2 humidité 15%. 16. Réaliser une vinaigrette épaisse avec le jus de grenade et utiliser-la pour mariner les lamelles de betterave rôtie. 17. Disposer une cuillère de yaourt grec au fonds de l'assiette. 18. Puis rajouter quelques rosas de lamelles de betteraves marinées. 19. Ajouter quelques morceaux de crumble. 20. Placer la quenelle du sorbet betterave-grenade au-dessous. 21. Et couvrir avec la tuile de de betterave blanche.","« Déclinaison de Betterave et grenade » est une recette professionnelle METRO (cuisine végétale) signée Indra Carillo, composée de 18 ingrédients et 21 étapes, pour 8 portions, durée 1h30 min.","""Déclinaison de Betterave et grenade"" is a professional METRO recipe (plant-based cuisine) by Indra Carillo, with 18 ingredients and 21 steps, for 8 servings.",https://www.metro.fr/inspiration/recette-chef/vegetale/betterave-grenade,METRO France – metro.fr/inspiration/recette-chef
METRO-REC-0365,"Fleur de radis Daïkon fermentés, sauce soja charentaise",vegetale,Cuisine végétale,Plant-based cuisine,,Mélangez les saveurs de nos contrées et du bout du monde pour obtenir une recette qui saura surprendre et ravir vos clients.,6.0,1 h,60.0,Moyen,Medium,7,10,200 g Radis Daïkon | 2g Sel | 50g Céphalopodes | 2zestes Citrons de piment d'Espelette | Q.S Huile d'olive | Fleurs et herbes selon goût et saison | Sauce du baume de Bouteville,"1. Éplucher et tailler les radis daikon à la trancheuse d'une épaisseur de 1,5 mm 2. Assaisonner avec les 2 g de sel 3. Mettre en poche sous-vide et la fermer pendant 7 jours à une température d'environ 25°C 4. Puis bloquer la poche en réfrigérateur à 4° 5. Une fois fermentés, égoutter les radis 6. Former des fleurs avec les céphalopodes taillés cru à l'intérieur 7. Assaisonner 2 zestes de citrons de piment d'Espelette et d'huile d'olive de très bonne qualité 8. Dans une assiette disposer la fleur de radis, puis diverses herbes et fleurs aussi bien pour le visuel, que pour la note gustative 9. Au dernier moment, devant le client, assaisonner avec la sauce du baume de Bouteville de la gamme sauvage 10. L'idéal est de déguster cette rose avec une pince de cuisine pour pouvoir l'effeuiller","« Fleur de radis Daïkon fermentés, sauce soja charentaise » est une recette professionnelle METRO (cuisine végétale), composée de 7 ingrédients et 10 étapes, pour 6 portions, durée 1 h.","""Fleur de radis Daïkon fermentés, sauce soja charentaise"" is a professional METRO recipe (plant-based cuisine), with 7 ingredients and 10 steps, for 6 servings.",https://www.metro.fr/inspiration/recette-chef/vegetale/radis-daikon-sauce-soja,METRO France – metro.fr/inspiration/recette-chef
METRO-REC-0366,"Gaspacho de poivron jaune et maïs rôtis, sorbet de tomate",vegetale,Cuisine végétale,Plant-based cuisine,Denise Hoquet,,4.0,1h,60.0,Facile,Easy,13,13,4 Poivrons jaunes | 4 Epis de maïs | 1 Oignon blanc | 1gousse Ail frais | 30ml Huile d'olive | 30ml Vieux vinaigre de Xérès | 1cas Sucre semoule | Fleur de sel | Piment d'Espelette | 50cl Jus de tomates fraîches | 20cl Eau minérale | 1/2 Jus de citron | 150g Sucre semoule,"1. Laver les poivrons jaunes et les épis de maïs avant de les cuire au four à 180°C pendant 30 minutes environ 2. Faire suer l'oignon et l'ail émincés dans un poêle avec l'huile d'olive (sans coloration), pendant ce temps 3. Ajouter les poivrons (épluchés et vidés) et les graines de maïs 4. Faire revenir tous les ingrédients ensemble et assaisonnez avec de la fleur de sel et une pincée de piment d'Espelette 5. Ajouter un peu d'eau et le vinaigre de Xérès ainsi que le sucre semoule 6. Mixer l'ensemble dans un blender jusqu'à obtenir une texture lisse et onctueuse 7. Goutter et ajuster l'assaisonnement si nécessaire 8. Servir bien froid, en décorant de quelques dés de tomates rouges mondées ou quelques graines de maïs soufflés (popcorn) assaisonnées 9. Faire chauffer l'eau à 30°C dans une casserole 10. Ajouter le sucre semoule, faire frémir afin de faire fondre le sucre, puis verser sur les tomates et le jus de citron 11. Laisser refroidir 12. Turbiner dans votre sorbetière 13. Débarrasser le sorbet dans un récipient glacé et mettre au congélateur","« Gaspacho de poivron jaune et maïs rôtis, sorbet de tomate » est une recette professionnelle METRO (cuisine végétale) signée Denise Hoquet, composée de 13 ingrédients et 13 étapes, pour 4 portions, durée 1h.","""Gaspacho de poivron jaune et maïs rôtis, sorbet de tomate"" is a professional METRO recipe (plant-based cuisine) by Denise Hoquet, with 13 ingredients and 13 steps, for 4 servings.",https://www.metro.fr/inspiration/recette-chef/vegetale/gaspacho-poivron-jaune-mais-sorbet-tomate,METRO France – metro.fr/inspiration/recette-chef
METRO-REC-0367,Kabellec d'artichaut breton et craquelin de lentins des chênes,vegetale,Cuisine végétale,Plant-based cuisine,Sylvain Guillemot,,4.0,1h,60.0,Moyen,Medium,16,15,"4 Gros artichauts bretons | 1 botte Oignons nouveaux | 40 Shiitakes | 1 botte Oseille | 100g Beurre ½ sel | 50cl Huile d'olive | 2dl Huile de tournesol | 1/2 botte Sarriette | Thym, laurier, romarin | 1 càc Purée de piment | 15g Sarazin décortiqué frit | 20g Farine T55 | 15g Noisettes hachées | 30g Eau | 1 Blanc d'œuf | 20g Poudre de shiitake","1. 2 jours avant, prélever les queues de champignons afin de les sécher, soit au four ou au déshydrateur à 70 degrés 2. Le jour même, effeuiller les artichauts pour faire apparaitre le cœur, utiliser les feuilles pour faire un bouillon en les mouillant avec de l'eau à hauteur en ajoutant du laurier, du thym et du romarin, et en laissant frémir 30 minutes 3. Déposer les oignons en sautoir à couvert pour les cuire doucement au beurre, une fois ceux-ci prêt, retirer les bulles pour en faire (en les coupant en deux) des petites coupelles que vous réserver au chaud 4. Laisser les parures de fanes à rôtir dans le sautoir, afin de réaliser un jus légèrement caramélisé 5. Passer le jus au chinois fin et réservez le au bain-marie 6. À l'aide d'un économe tailler les fonds d'artichauts en fines et très longues bandes (comme si vous les épluchiez), réserver les cœurs de vos fonds dans une eau citronnée 7. Ébouillanter trois minutes les bandes d'artichauts dans le bouillon frémissant puis enroulez les en spirale, avant de les déposer dans un sautoir avec du beurre noisette 8. Tailler à la mandoline de fines tranches de cœur d'artichauts afin de les frire dans l'huile à 160° et de les débarrasser sur papier absorbant 9. Mélanger les ingrédients solides de la pâte à craquelin, Puis versez dessus les éléments liquides afin de faire une pâte bien homogène 10. Utilisez cette pâte pour étaler sur chacun des champignons (coté brun) 11. Tailler à l'emporte-pièce des pastilles dans les feuilles d'oseille et hacher les déchets de feuilles pour faire un pesto avec l'huile d'olive 12. Au moment, poiler les champignons dans une poêle antiadhésive côté craquelin, avant de les couvrir 13. Chauffer les pyrales d'artichauts bien colorés avant de les déposer sur assiettes chaudes, puis retournez les champignons avant de les assaisonner à la fleur de sel et au poivre 14. Dresser le tout harmonieusement en finissant par les coupelles d'oignons et le jus concentré détendu au pesto d'oseille 15. Finir le dressage avec les pastilles d'oseille et la feuille d'artichaut avec la purée de piment","« Kabellec d'artichaut breton et craquelin de lentins des chênes » est une recette professionnelle METRO (cuisine végétale) signée Sylvain Guillemot, composée de 16 ingrédients et 15 étapes, pour 4 portions, durée 1h.","""Kabellec d'artichaut breton et craquelin de lentins des chênes"" is a professional METRO recipe (plant-based cuisine) by Sylvain Guillemot, with 16 ingredients and 15 steps, for 4 servings.",https://www.metro.fr/inspiration/recette-chef/vegetale/kabellec-artichaud-craquelin-shiitake,METRO France – metro.fr/inspiration/recette-chef
METRO-REC-0368,Salade d'asperges vertes crues et fraises,vegetale,Cuisine végétale,Plant-based cuisine,Vincent Ferniot,,4.0,10 min,10.0,Facile,Easy,7,11,1 Botte d'asperges vertes fines (500g) | 250g Fraises Gariguette ou Ciflorette | 1branche Céleri (vers le cœur) | 1càs Vinaigre balsamique (blanc si possible) | 1/2 Citron jaune (ou vert) bio non traité | 3càs Huile d'olive (fruité vert de préférence) | 1pincée Poivre blanc du moulin,"1. Couper en tranches les fraises rincées, équeutées et séchées dans le sens de la hauteur. Garder de côté 3 fraises coupées 2. Laver, sécher et retirer le bout de l'asperge sur 2cm et peler à l'économe la moitié vers le bout 3. Au couteau, tailler la moitié épluchée en rondelles fines et faire de même avec le céleri 4. Couper la pointe des asperges dans la longueur en trois ou quatre bandes (en partant du bout coupé si c'est à la mandoline) 5. Presser le demi-citron et préparer dans une sauce salade. Dissoudre le sel dans le jus de citron, ajouter le balsamique et incorporer l'huile d'olive 6. Poivrer 7. Ajouter les 3 fraises coupées réservées dedans et les mixer dans la vinaigrette 8. Dans un saladier, assaisonner vos asperges avec les 2/3 de la sauce, bien remuer 9. Les dresser sur assiette et éparpiller dessus les fraises coupées et les rondelles d'asperges et de céleri 10. Verser le restant de la vinaigrette en gouttes éparpillées à la surface 11. Terminer en râpant finement (râpe micro-plane) un peu de zeste de citron sur le dessus","« Salade d'asperges vertes crues et fraises » est une recette professionnelle METRO (cuisine végétale) signée Vincent Ferniot, composée de 7 ingrédients et 11 étapes, pour 4 portions, durée 10 min.","""Salade d'asperges vertes crues et fraises"" is a professional METRO recipe (plant-based cuisine) by Vincent Ferniot, with 7 ingredients and 11 steps, for 4 servings.",https://www.metro.fr/inspiration/recette-chef/vegetale/salade-asperges-vertes-fraises,METRO France – metro.fr/inspiration/recette-chef
METRO-REC-0369,"Tourte céleri, butternut et truffe",vegetale,Cuisine végétale,Plant-based cuisine,,,10.0,2h50 min,170.0,Moyen,Medium,22,34,2 Cèleris | 2 Butternut | 1 Potimarron | 250g Chair de volaille | 80g Crème liquide | Truffe | 500g Farine | 250g Eau | 10g Sel | 375g Beurre | 5 Salade sucrine | 200g Roquette fine | 200g Pousse de moutarde pourpre | 200g Pousse de moutarde verte | 50g Noix fraiche | Crouton de pain de mie | Truffe noire | 1kg Céleri | 400g Céleris branche | 4l Fond blanc | Jus de volaille | Truffe noire haché,"1. Éplucher les céleris et les butternuts. Tailler en tranche d'un demi centimètre puis emporte-pièce d'une taille inferieure à la taille de l'emporte-pièce qui servira à la confection de la tourte. 2. Assaisonner puis les cuire au sautoir dans un glaçage. 3. Réserver au frais après cuisson. 4. Épépiner le potimarron. Tailler à l'aide d'un économe des lamelles de potimarron en gardant bien la beau. 5. Cuire à l'anglaise juste croquant. 6. Faire une farce fine de volaille : Dans un mixeur, pulvériser 250g de chair de blanc de volaille congelé, puis ajouter 80g de crème liquide. Mixer le tout puis passer au tamis. Ajouter ensuite la truffe hachée finement. 7. Réaliser la détrempe en ajoutant la farine, l'eau et le sel au crochet. 8. Conditionner au frais en pâton carré. 9. Abaisser ensuite le pâton en bande. 10. Disposer le beurre préalablement façonné en carré de 2/3 inferieur à la taille de la détrempe. 11. Fermer en porte feuille puis abaisser, refermer en tour double. Laisser au frais 2h. 12. Réaliser un tour simple. Laisser au frais 2h de plus. Puis réaliser un dernier tour double. 13. Abaisser ensuite la pâte à l'épaisseur souhaitée. Tailler des bandes pour foncer le contour de votre cercle, puis un disque de pâte pour le fond de la tourte. 14. Cuire les tourtes à blanc à 180° pendant 20min avec à l'intérieur des plombs pour empêcher le feuilletage de trop développer. 15. Laver toutes les salades. Désépaissir les sucrines afin de ne garder que le cœur vert. 16. Tailler en deux puis vider le cœur jaune afin de ne garder que les quelques feuilles vertes extérieures afin de servir de « coupelle » pour le reste des salades. 17. Faire de belles pluches de moutardes pourpre et verte, triller la roquette fine et réserver dans un cul de poule afin de l'assaisonner à la minute avec une vinaigrette à la truffe noire hachée. 18. Préparer les noix fraîches, des petits croutons de pain de mie et des juliennes de truffe noire fraiches. 19. Rôtir dans un sautoir les céleris taillés en paysanne. 20. Quand ceux-ci ont une belle coloration, ajouter le céleri branche, puis suer. 21. Mouiller au fond blanc, cuire jusqu'à obtenir une sauce à consistance sirupeuse. 22. Filtrer puis réduire si besoin. 23. Ajouter une pointe de jus de volaille et la truffe hachée. 24. Dans le fond de pâte feuilletée précuit, venir disposer une fine couche de farce fine de volaille truffée. 25. Disposer un palet de butternut cuit. 26. Puis une fine couche de farce fine 27. Tailler des truffes noires afin de les disposer par-dessus. 28. Mettre ensuite un palet de céleri cuit, puis une couche de farce fine puis un étage de truffe noire. 29. Réitérer la manipulation en ajoutant un étage de butternut, farce fine et truffe noire. 30. Au dernier étage, disposer les copeaux de potimarron en fleur. 31. Cuire au four a 185°c jusqu'à obtenir une température à cœur de 52°C. 32. Dans une assiette plate, venir disposer le demi tarte sur la gauche 33. Puis disposer la salade préalablement assaisonnée avec à l'intérieur les jeunes pousses, les croutons, les noix fraîches et la julienne de truffe. 34. Mettre la sauce en saucière.","« Tourte céleri, butternut et truffe » est une recette professionnelle METRO (cuisine végétale), composée de 22 ingrédients et 34 étapes, pour 10 portions, durée 2h50 min.","""Tourte céleri, butternut et truffe"" is a professional METRO recipe (plant-based cuisine), with 22 ingredients and 34 steps, for 10 servings.",https://www.metro.fr/inspiration/recette-chef/vegetale/tourte-celeri-butternut-truffe,METRO France – metro.fr/inspiration/recette-chef
METRO-REC-0370,Cheesecake de chèvre surprise,fromage,Fromages,Cheese dishes,,"Facile, rapide et efficace, le Cheesecake de chèvre surprise est une recette savoureuse et onctueuse",4.0,1h,60.0,Difficile,Hard,12,2,125g Farine | 63g Beurre doux | 1 Oeuf bio | Sel | 1 Concombre | 2feuilles Gélatine feuilles | 125g Crème liquide 35% | 100g Chèvre long blanc | 65g Mascarpone | 150g Truite fumée bio | ½botte Aneth | Citron jaune,"1. Faire une pâte sablée avec la farine, le beurre, l'œuf et le sel, ajouter 5g d'aneth ciselée et quelques zestes de citron, former une boule homogène et réserver au frais. 2. Mixer la moitié du concombre avec du sel et du poivre puis verser dans un moule demi-sphère de 3 cm de diamètre puis mettre au congélateur.","« Cheesecake de chèvre surprise » est une recette professionnelle METRO (fromages), composée de 12 ingrédients et 2 étapes, pour 4 portions, durée 1h.","""Cheesecake de chèvre surprise"" is a professional METRO recipe (cheese dishes), with 12 ingredients and 2 steps, for 4 servings.",https://www.metro.fr/inspiration/recette-chef/fromage/cheesecake-chevre,METRO France – metro.fr/inspiration/recette-chef
METRO-REC-0371,Divin parmigiano reggiano AOP et son oeuf parfait,fromage,Fromages,Cheese dishes,,"Laissez-vous tenter par une recette originale de divin parmigiano reggiano aop et oeuf parfait. Un plat tendance et facile à préparer, qui sublimera vos assiettes.",4.0,45 min,45.0,Moyen,Medium,10,14,2 pièces Artichaut camus | 30g Beurre bio | 2 pièces Artichaut poivrade | 4 pièces Pommes de terre agria | 4 Oeufs bio | 250g Lait entier bio | 150g Parmigiano Reggiano AOP bio | 50g Poitrine fumée | Sel/Poivre | 1 botte Ciboulette,"1. Tourner les artichauts camus et poivrade 2. Cuire dans de l'eau bouillante salée 3. Égoutter puis mixer avec le beurre, saler et poivrer 4. Faire de fines tranches d'artichauts poivrade et de pomme de terre 5. Les frire dans une huile à 150°C pour en faire des chips, saler en sortie de friteuse 6. Cuire les œufs pendant 30 min dans le four vapeur à 63°C 7. Chauffer le lait et y faire fondre 75g de Parmigiano Reggiano AOP, mixer puis passer au chinois, réserver au chaud 8. Étaler les tranches de lard sur une plaque, les mettre au four à 180°C pendant 10 min, puis les hacher 9. Avec le reste du Parmigiano Reggiano AOP, râper-le sur un silpat sur 12 cm de long puis passer sous la salamandre pour en faire des tuiles 10. Dans le fond d'une assiette creuse, déposer une cuillère de purée d'artichauts 11. Ajouter dessus l'œuf parfait 12. Émulsionner la crème de Parmigiano Reggiano AOP avec un mixeur plongeant 13. Entourer l'œuf de l'émulsion 14. Puis décorer avec les chips d'artichauts et de pomme de terre, le lard croustillant, la ciboulette ciselée et la tuile","« Divin parmigiano reggiano AOP et son oeuf parfait » est une recette professionnelle METRO (fromages), composée de 10 ingrédients et 14 étapes, pour 4 portions, durée 45 min.","""Divin parmigiano reggiano AOP et son oeuf parfait"" is a professional METRO recipe (cheese dishes), with 10 ingredients and 14 steps, for 4 servings.",https://www.metro.fr/inspiration/recette-chef/fromage/parmigiano-oeuf,METRO France – metro.fr/inspiration/recette-chef
METRO-REC-0372,Maroilles AOP des terres du nord,fromage,Fromages,Cheese dishes,,"Testez nos plus belles recettes de fromages avec le maroilles aop des terres du nord. Nos chefs proposent de bons plats traditionnels, avec toutes les étapes de préparation pour sublimer vos assiettes et satisfaire les amoureux de fromages !",6.0,30 min,30.0,Moyen,Medium,7,8,1kg Pommes de terre Roseval | 375g Maroilles AOP - La Maison du Fromage | 100g Persil plat | 10g Vinaigre de Reims Clovis | 20g Huile d'olive | 200g Endive | 30g Paprika,"1. Cuire les pommes de terre Roseval, les refroidir, puis les évider en laissant la peau. 2. Parer le Maroilles puis réserver les peaux. 3. Faire des tuiles de Maroilles en mettant les parures à cuire entre deux feuilles de papier sulfurisé légèrement huilées et deux plaques, au four pendant 12 min à 180°C. 4. Farcir les pommes de terre avec le Maroilles et rôtir à 200°C pendant 15min. 5. Équeter et frire le persil à la friteuse. 6. Préparer une vinaigrette avec le vinaigre de Reims et l'huile d'olive. 7. Couper les endives en deux. 8. Dresser puis saupoudrer de paprika.","« Maroilles AOP des terres du nord » est une recette professionnelle METRO (fromages), composée de 7 ingrédients et 8 étapes, pour 6 portions, durée 30 min.","""Maroilles AOP des terres du nord"" is a professional METRO recipe (cheese dishes), with 7 ingredients and 8 steps, for 6 servings.",https://www.metro.fr/inspiration/recette-chef/fromage/maroilles-aop-nord,METRO France – metro.fr/inspiration/recette-chef
METRO-REC-0373,Morbier AOP en chantilly et croquant de tomates,fromage,Fromages,Cheese dishes,,,4.0,45 min,45.0,Moyen,Medium,11,14,350g - Crème liquide 35% | 300g - Morbier AOP La Maison du Fromage | 150cl - Vin jaune du Jura | 140g - Sucre | 1kg - Tomates anciennes | 24g - Huile d'olive AOP Château Virant | 4 feuilles - Pâte filo | 30g - Beurre clarifié | Sel/poivre | Charbon végétal actif | Mini oseille rouge micro pousse,"1. Faire chauffer 250 g de crème liquide, ajouter 100g de Morbier AOP sans les croûtes, mixer 2. Passer au chinois, puis mettre en siphon et ajouter 2 cartouches de gaz 3. Réserver au frais 4. Faire chauffer 100g de vin jaune avec 35g de sucre afin d'obtenir une réduction sirupeuse 5. Monder les tomates puis les couper en 4, les disposer sur une plaque allant au four, badigeonner d'huile d'olive, de sel et de poivre 6. Les confire pendant 1h au four à 70°C et faire frire les peaux de tomates dans une friteuse à 150°C 7. Superposer 2 feuilles de pâte filo et badigeonner de beurre clarifié 8. Recommencer l'opération 9. Découper des ronds à l'aide d'un emporte-pièce, les disposer sur du papier sulfurisé entre deux plaques et cuire au four pendant 8 min à 180°C 10. Dans une casserole, chauffer le Morbier AOP paré, la crème et le vin jaune restant, mixer afin d'obtenir un mélange homogène, réserver au chaud 11. Dans une assiette, dresser un disque de pâte filo croustillant, ajouter les quartiers de tomates, la chantilly au Morbier AOP 12. Faire 2 étages, terminer par un disque de pâte et des pétales de peau de tomate frites 13. Ajouter la réduction de vin jaune 14. Décorer avec du charbon végétal et de la mini oseille rouge, servir à part la sauce au Morbier et vin jaune chaude","« Morbier AOP en chantilly et croquant de tomates » est une recette professionnelle METRO (fromages), composée de 11 ingrédients et 14 étapes, pour 4 portions, durée 45 min.","""Morbier AOP en chantilly et croquant de tomates"" is a professional METRO recipe (cheese dishes), with 11 ingredients and 14 steps, for 4 servings.",https://www.metro.fr/inspiration/recette-chef/fromage/morbier-chantilly-tomates,METRO France – metro.fr/inspiration/recette-chef
METRO-REC-0374,Ossau Iraty AOP à la mode forestière,fromage,Fromages,Cheese dishes,,"Égayez votre carte avec fromage maison. Ossau iraty forestière, recette tendance et onctueuse à base de produits frais, ravira amateurs de fromages !",4.0,30 min,30.0,,,9,8,150g Ossau Iraty AOP | 250g Crème liquide 35% | 1 Demi-baguette pré-cuite | 20g Cèpes séchés | 4 Oeufs bio | 50g Jambon de Vendée IGP | 300g Girolles fraîches | 50g Huile d'olive AOP | Tahoon cress,"1. Faire chauffer la crème, ajouter l'Ossau Iraty AOP, mixer, passer au chinois puis dans un siphon, ajouter 2 cartouches de gaz, réserver au chaud. 2. Tailler la demi-baguette précuite encore légèrement congelée à la trancheuse, faire des fines tranches dans toute la longueur puis les badigeonner d'huile d'olive et les rouler autour d'un emporte pièce inox de 8 cm. 3. Cuire debout dans un four à 180° C pendant 9 min sans ventilation. 4. Mixer les cèpes séchés pour en faire une poudre. 5. Cuire le jaune d'oeuf sous-vide à 68° C pendant 25 min, refroidir puis mettre dans une poche à douille. 6. Tailler des petits dés de jambon de Vendée IGP, laver les girolles, les faire sauter légèrement à l'huile d'olive. 7. Sur une assiette plate, à l'aide d'un pochoir faire un rond de poudre de cèpes, déposer dessus la tuile de pain croustillante, la remplir de girolles, ajouter la mousse d'Ossau Iraty AOP et décorer de jambon de Vendée IGP, girolles et tahoon cress. 8. Faire des points de jaune d'oeuf confit.","« Ossau Iraty AOP à la mode forestière » est une recette professionnelle METRO (fromages), composée de 9 ingrédients et 8 étapes, pour 4 portions, durée 30 min.","""Ossau Iraty AOP à la mode forestière"" is a professional METRO recipe (cheese dishes), with 9 ingredients and 8 steps, for 4 servings.",https://www.metro.fr/inspiration/recette-chef/fromage/ossau-iraty-champignons,METRO France – metro.fr/inspiration/recette-chef
METRO-REC-0375,"Raviole artichaut, chèvre, citron, coriandre",fromage,Fromages,Cheese dishes,Alessandra Montagne,"Faites craquer vos clients avec cette recette de ravioles crémeux à l'artichaut, chèvre, citron et coriandre",150.0,1h30 min,90.0,Difficile,Hard,21,13,500g Farine 00 | 500g Semoule fine | 150g Purée d'ortie | 5 Œufs entiers | 75g Huile de ciboulette | Eau | 2kg Artichaut coupés en 4 | 8 pièces Oignons jaunes ciselés | 2 bottes Coriandre | Vin blanc | Sel & poivre | 600g Chèvre frais | 70g Huile d'olive | 6 parures Artichauts | 5l Crème | 90g Vin blanc | 120g Citron jaune | Huile de coriandre | 2 bottes Coriandre | 1l Huile neutre | 50g Epinard,"1. Réaliser la pâte en mélangeant et pétrissant tous les ingrédients. 2. Réservez au frais 3. Passez la pâte au laminoir et détaillez des cercles de pâtes d'environ 10cm. 4. Cuire les artichauts coupés en 4, les oignons jaunes ciselés et la coriandre. 5. Déglacer au vin blanc et ajouter sel & poivre 6. Mettre la préparation au Thermomix 10 secondes à vitesse 10. 7. Ajouter le chèvre frais et l'huile d'olive, vitesse 10 en sens inverse. Réserver. 8. Rôtir au four les parures d'artichaut à 170 degrés pendant 30min. 9. Ajouter la crème, laisser infuser. 10. Faire frémir le vin blanc à la casserole. 11. En parallèle, passez au chinois la préparation artichaut-crème. Ajouter à la première préparation le vin chaud. Puis le citron. Servir tiède. 12. Après avoir cuit minute la raviole farcie à l'artichaut, déposer un fond de crème artichaut-citron dans le fond d'une assiette creuse et déposer la raviole par-dessus. 13. Agrémenter de chips d'artichaut crispy faites-maison, d'huile de coriandre et de pousses végétales (pousse de petits pois, menthe nepeta, fleur d'ail blanc, etc).","« Raviole artichaut, chèvre, citron, coriandre » est une recette professionnelle METRO (fromages) signée Alessandra Montagne, composée de 21 ingrédients et 13 étapes, pour 150 portions, durée 1h30 min.","""Raviole artichaut, chèvre, citron, coriandre"" is a professional METRO recipe (cheese dishes) by Alessandra Montagne, with 21 ingredients and 13 steps, for 150 servings.",https://www.metro.fr/inspiration/recette-chef/fromage/raviole-artichaut-chevre-citron-coriandre,METRO France – metro.fr/inspiration/recette-chef
METRO-REC-0376,Roquefort AOP sucré salé,fromage,Fromages,Cheese dishes,,,4.0,15 min,15.0,Facile,Easy,9,5,246g Poires | 50g Sucre semoule | 200g Eau | 1 Citron vert | 1kg Salsifis | 100g Roquefort AOP | 5g Basilic | 20g Miel de fleurs liquide | 100g Pain de campagne,"1. Éplucher les poires et les faire cuire dans un sirop avec le sucre semoule, l'eau et le citron vert. 2. Eplucher et frire les salsifis. 3. Emincer la poire et intercaler du Roquefort émietté 4. Dresser la poire, le Roquefort, un trait de miel, les salsifis frits et une tuile de pain desséchée au four. 5. Ajouter quelques feuilles de basilic légèrement frit.","« Roquefort AOP sucré salé » est une recette professionnelle METRO (fromages), composée de 9 ingrédients et 5 étapes, pour 4 portions, durée 15 min.","""Roquefort AOP sucré salé"" is a professional METRO recipe (cheese dishes), with 9 ingredients and 5 steps, for 4 servings.",https://www.metro.fr/inspiration/recette-chef/fromage/roquefort-aop-salsifi-poire,METRO France – metro.fr/inspiration/recette-chef
METRO-REC-0377,"Tarte fine à la brousse de brebis, copeaux d'asperges vertes et speck",fromage,Fromages,Cheese dishes,,"Cette tarte fine ravira les amateurs de brousse de brebis, rehaussée par des copeaux d'asperges vertes et du speck.",1.0,30 min,30.0,Facile,Easy,12,19,3 Feuilles de brick | 50g Beurre doux | 100g Roquette | 50g Amandes effilées | 70g Parmesan en poudre | 375g Poivre et sel | 3pièces Asperges vertes en 22/24 | 40g Brousse de brebis | 150ml Huile d'olive | 80g Jambon speck | Feuilles d'ail des ours | Piment d'Espelette,"1. Faire fondre le beurre dans une casserole, l'étaler à l'aide d'un pinceau sur une première feuille de brick. 2. Déposer une seconde feuille de brick par-dessus et recommencer l'opération. 3. Réserver au frais entre deux plaques pendant plusieurs heures. 4. Tailler les bords à l'aide d'un cercle à tarte en fonction de la taille désirée. 5. Mixer le tout au blender. 6. Récupérer les pointes d'asperges pour une autre préparation. A l'aide d'une mandoline, tailler les queues d'asperges vertes en fins copeaux. 7. Les blanchir 20 secondes dans une eau bouillante salée, refroidir. 8. Sur un fond de tarte, étaler à l'aide d'une spatule deux cuillères à soupe de pesto de roquette. 9. Disposer les copeaux d'asperges les uns à côté des autres dans un sens, puis tourner la tarte de 180° et recommencer l'opération. 10. Disposer 40g de brousse de brebis sur l'ensemble de la tarte, un trait d'huile d'olive, un tour de moulin à poivre et deux pincées de fleur de sel. 11. Enfourner à 200°C sur une plaque bien chaude pendant 8 minutes. 12. À la sortie du four, ajouter quelques copeaux de speck sur la tarte et des feuilles d'ail des ours taillées grossièrement. 13. Un dernier trait d'huile d'olive et une pincée de piment d'Espelette. 14. Sur un fond de tarte, étaler à l'aide d'une spatule deux cuillères à soupe de pesto de roquette. 15. Disposer les copeaux d'asperges les uns à côté des autres dans un sens, puis tourner la tarte de 180° et recommencer l'opération. 16. Disposer 40g de brousse de brebis sur l'ensemble de la tarte, un trait d'huile d'olive, un tour de moulin à poivre et deux pincées de fleur de sel. 17. Enfourner à 200°C sur une plaque bien chaude pendant 8 minutes. 18. À la sortie du four, ajouter quelques copeaux de speck sur la tarte et des feuilles d'ail des ours taillées grossièrement. 19. Un dernier trait d'huile d'olive et une pincée de piment d'Espelette.","« Tarte fine à la brousse de brebis, copeaux d'asperges vertes et speck » est une recette professionnelle METRO (fromages), composée de 12 ingrédients et 19 étapes, pour 1 portion, durée 30 min.","""Tarte fine à la brousse de brebis, copeaux d'asperges vertes et speck"" is a professional METRO recipe (cheese dishes), with 12 ingredients and 19 steps, for 1 serving.",https://www.metro.fr/inspiration/recette-chef/fromage/tarte-brousse-asperge-speck,METRO France – metro.fr/inspiration/recette-chef
METRO-REC-0378,"Vacherin de munster fermier, coing confit, florentin de bretzel",fromage,Fromages,Cheese dishes,Gilles Leininger,"Réalisez une version salée et tout aussi gourmande du vacherin, surmonté de son florentin de bretzel au cumin.",8.0,2h30 min,150.0,Moyen,Medium,17,20,"50g Échalote | 10g Beurre | 200g Crème | 300g Lait entier | 170g Munster fermier | 0,4% Iota pour la masse totale (pour 1 kg : 4 gr) | 1g Cumin | 3pièces Coing | 150g Sirop 30 degrés baumé | 2g Acide ascorbique | 20g Miso | 100g Jus de cuisson des coings | 112,5g Fondant blanc | 75g Glucose | 125g Bretzel sec | 4g Graine de cumin | 4g Fleur de sel","1. Faire suer les échalotes au beurre, coloration blonde. 2. Déglacer avec la crème et le lait. Ajouter le cumin. Réduire à 325 gr. 3. Mixer puis passer au chinois étamine. 4. Faire fondre le munster dans la crème chaude. 5. Mixer puis incorporer la Iota et porter à 85°C. 6. Mixer et mettre dans un siphon de 1L. Gazer le siphon 2x. 7. Éplucher et couper en 2 les coings. 8. Cuire sous-vide avec le sirop et l'acide ascorbique à 96°C pendant 2 heures. Refroidir. 9. Égoutter la coing cuit et réserver. 10. Réduire le jus de cuisson en incorporant le miso et réduire à l'état sirupeux. 11. Tailler les coings en morceau. 12. Cuire le fondant et le glucose ensemble à 155 °C. 13. Refroidir sur Silpatâ et mixer. 14. Concasser les Bretzel. 15. Mélanger au cumin et à la fleur de sel. 16. Ajouter la poudre d'Opaline et mélanger. 17. Étaler la poudre d'une couche régulière sur Silpatâ. 18. Cuire à 170°C pendant 6 min. Ventilation 3. 19. Ajouter le caramel de coing miso au coing coupé. 20. Dresser dans l'assiette, ajouter le siphon. Finir par le florentin de Bretzel.","« Vacherin de munster fermier, coing confit, florentin de bretzel » est une recette professionnelle METRO (fromages) signée Gilles Leininger, composée de 17 ingrédients et 20 étapes, pour 8 portions, durée 2h30 min.","""Vacherin de munster fermier, coing confit, florentin de bretzel"" is a professional METRO recipe (cheese dishes) by Gilles Leininger, with 17 ingredients and 20 steps, for 8 servings.",https://www.metro.fr/inspiration/recette-chef/fromage/vacherin-munster-coing-bretzel,METRO France – metro.fr/inspiration/recette-chef
METRO-REC-0379,"Vieux comté de 14 mois, crème de pignons de pin à l'huile de truffe blanche, poivre-vanille-cacao, vinaigre celtique",fromage,Fromages,Cheese dishes,,,2.0,30 min,30.0,Facile,Easy,12,8,60g Comté | 1 gousse Vanille séchée | 1 pointe Poivre de malabar | 1 pointe Grué de cacao | 15cl Jus de pomme | 10cl Vinaigre de cidre | 10cl Cidre | 10g Sucre roux | Quelques Graines de coriandre | 200g Pignons de pin | 100g Lait entier | 1 Salade de saison,"1. Réduire le jus de pomme avec le cidre, le vinaigre de cidre, le sucre roux et les graines de coriandre, jusqu'à texture sirupeuse 2. Passer et réserver 3. Mixer en pâte les pignons de pin 4. Faire fondre tout doucement avec le lait 5. Donner une ébullition 6. Débarrasser en poche à douille 7. Tailler le vieux comté en 4 triangles 8. Dresser à l'aide du vinaigre celtique, une ligne de poivre/vanille/cacao, le comté (2 triangles) et salade de saison","« Vieux comté de 14 mois, crème de pignons de pin à l'huile de truffe blanche, poivre-vanille-cacao, vinaigre celtique » est une recette professionnelle METRO (fromages), composée de 12 ingrédients et 8 étapes, pour 2 portions, durée 30 min.","""Vieux comté de 14 mois, crème de pignons de pin à l'huile de truffe blanche, poivre-vanille-cacao, vinaigre celtique"" is a professional METRO recipe (cheese dishes), with 12 ingredients and 8 steps, for 2 servings.",https://www.metro.fr/inspiration/recette-chef/fromage/comte-14-mois-creme-pignons,METRO France – metro.fr/inspiration/recette-chef
METRO-REC-0380,La Végé,planche,Planches apéritives,Sharing boards,,Offrez le plein de vitamines à vos clients avec cette planche végétarienne aux saveurs méditerranéennes à déguster dans son pain pita.,1.0,10 min,10.0,Facile,Easy,13,6,80g Houmous extra nature | 90g Fromage blanc battu 0% | 100g Pains libanais | 38g Mini burger aux légumes confits | 54g Mini falafel 12g | 280g Concombre calibre 400/500 | 90g Endive filière régionale catégorie 1 | 20g Pois verts wasabi | 66g Mini carotte botte mixte | 100g Chou-fleur violet catégorie 1 | 130g Tomate cerise jaune catégorie 1 | 3g Tabasco rouge | 3g Ketchup,"1. Le houmous est retravaillé avec du citron pour lui donner un coup de peps, puis y ajouter des graines de sésames torréfiées. 2. Penser à travailler sur un fromage blanc à 0%, l'été n'est pas loin 3. Chauffer le pain pita 4. Réaliser la sauce en mélangeant fromage blanc et ketchup 5. Autre variante fromage blanc et tapenade de betterave framboise pour lui donner une couleur rosée 6. Compléter la planche avec des mini-burgers aux légumes confits, mini-falafel, des feuilles d'endives, tomates cerises, mini carottes et choux fleur violet","« La Végé » est une recette professionnelle METRO (planches apéritives), composée de 13 ingrédients et 6 étapes, pour 1 portion, durée 10 min.","""La Végé"" is a professional METRO recipe (sharing boards), with 13 ingredients and 6 steps, for 1 serving.",https://www.metro.fr/inspiration/recette-chef/planche/la-vege,METRO France – metro.fr/inspiration/recette-chef
METRO-REC-0381,Planche chaude d'été,planche,Planches apéritives,Sharing boards,,,2.0,15 min,15.0,Moyen,Medium,9,6,50g Halloumi | 40g Mozza di buffala en bille | 40g Chèvre fleurs | 50g Coppa | 60g Speck | 30g Figatelli | 80g Tomates cerises | 80g Melon | 10g Grenade,"1. Sur une planche, disposer de l'halloumi, légèrement grillé 2. Ajouter quelques billes de mozzarella et de la bûche de chèvre fleurie, pour varier les plaisirs 3. Déposer six tranches de coppa, quatre tranches de speck ainsi que du figatelli, poêlé pour intensifier ses arômes 4. Compléter la planche avec des billes de melon, des tomates cerises fraîches et quelques grains de grenade 5. Terminer par quelques fleurs décoratives, pour une touche colorée, parfaite pour une planche d'été 6. Servir chaude avec un verre de rosé","« Planche chaude d'été » est une recette professionnelle METRO (planches apéritives), composée de 9 ingrédients et 6 étapes, pour 2 portions, durée 15 min.","""Planche chaude d'été"" is a professional METRO recipe (sharing boards), with 9 ingredients and 6 steps, for 2 servings.",https://www.metro.fr/inspiration/recette-chef/planche/planche-chaude-ete,METRO France – metro.fr/inspiration/recette-chef
METRO-REC-0382,Planche de fromages de régions et condiments,planche,Planches apéritives,Sharing boards,,"Découvrez comment composer une planche de fromages savoureuse et élégante, en mêlant textures, couleurs et saveurs uniques.",6.0,10 min,10.0,Facile,Easy,7,6,1 Tomme des bauges | 1 Reblochon | 1 Chevrotin | 1 Bûche cendrée | 1 Abondance | 1 Beaufort d'alpage | 2 branches Romarin,"1. Trancher les fromages sélectionnés en portions que vos convives pourront facilement déguster 2. Varier les tailles, les formes et les couleurs pour susciter la curiosité gourmande et l'esthétique de votre planche 3. Disposer les portions de Reblochon, Chevrotin, Beaufort,... 4. Positionner les ramequins et bols de votre planche 5. Compléter par les d'autres ingrédients à picorer 6. Ajouter des éléments de décoration comme du romarin ou d'autres, évocateurs du thème régionale de votre planche.","« Planche de fromages de régions et condiments » est une recette professionnelle METRO (planches apéritives), composée de 7 ingrédients et 6 étapes, pour 6 portions, durée 10 min.","""Planche de fromages de régions et condiments"" is a professional METRO recipe (sharing boards), with 7 ingredients and 6 steps, for 6 servings.",https://www.metro.fr/inspiration/recette-chef/planche/planche-fromage-region,METRO France – metro.fr/inspiration/recette-chef
METRO-REC-0383,Planche Italie,planche,Planches apéritives,Sharing boards,,"Découvrez cette recette de planche apéritive composée de produits des régions d'Italie, qui saura ravir vos clients.",2.0,10 min,10.0,Facile,Easy,10,5,40g Mozza Buffala en bille | 50g Taleggio | 50g Grana Padano | 50g Jambon de Parme | 30g Mortadelle pistache | 25g Spianata | 50g Tapenade noire | 50g Artichauts | 50g Câprons | 20g Gressins,"1. Sur une planche, disposer des billes de Mozzarella di Bufala, accompagnées de Taleggio pour son onctuosité et de Grana Padano en fines tranches 2. Ajouter du jambon de Parme, de la mortadelle à la pistache et de la spianata, pour une variété de charcuteries italiennes 3. Compléter avec de la tapenade noire, des artichauts marinés et des câprons 4. Terminer par quelques gressins pour le croquant et permettre de savourer chaque accompagnement 5. Accompagner avec un Spritz maison","« Planche Italie » est une recette professionnelle METRO (planches apéritives), composée de 10 ingrédients et 5 étapes, pour 2 portions, durée 10 min.","""Planche Italie"" is a professional METRO recipe (sharing boards), with 10 ingredients and 5 steps, for 2 servings.",https://www.metro.fr/inspiration/recette-chef/planche/planche-italie,METRO France – metro.fr/inspiration/recette-chef
METRO-REC-0384,Planche petit budget,planche,Planches apéritives,Sharing boards,,,2.0,10 min,10.0,Facile,Easy,6,5,70g Tomme grise | 70g Brie de meaux | 60g Rillette de votre choix | 30g Saucisse sèche | 60g Jambon cru | 6pièces Cornichons,"1. Disposer deux tranches de tomme grise et deux tranches de brie sur une planche 2. À côté, déposer une généreuse portion de rillettes de porc 3. Ajouter quatre tranches de jambon sec et six tranches de saucisson (nature, noisette, truffe, chorizo) 4. Terminer par quelques cornichons pour apporter une touche de fraîcheur 5. Servir le tout avec une bière blonde","« Planche petit budget » est une recette professionnelle METRO (planches apéritives), composée de 6 ingrédients et 5 étapes, pour 2 portions, durée 10 min.","""Planche petit budget"" is a professional METRO recipe (sharing boards), with 6 ingredients and 5 steps, for 2 servings.",https://www.metro.fr/inspiration/recette-chef/planche/planche-petit-budget,METRO France – metro.fr/inspiration/recette-chef
METRO-REC-0385,Planche tour de France,planche,Planches apéritives,Sharing boards,,Découvrez cette recette de planche apéritive composée de produits des régions de France.,2.0,10 min,10.0,Facile,Easy,8,4,50g Comté | 50g Camembert | 40g St Félicien | 40g Jambon de Bayonne | 40g Andouille de Vire | 40g Saucisson perche | 20g Noix | 40g Radis,"1. Sur une planche, disposer du Comté, découpé en fines lamelles, du Camembert et du Saint-Félicien 2. Déposer deux tranches de Jambon de Bayonne, deux tranches d'Andouille de Vire et quelques tranches de saucisson Perche, pour représenter différentes régions et saveurs de France 3. Compléter la planche avec un mélange cacahuètes–raisins, des tomates cerises pour la fraîcheur et quelques radis croquants 4. Servir avec un verre de vin rouge Bordelais","« Planche tour de France » est une recette professionnelle METRO (planches apéritives), composée de 8 ingrédients et 4 étapes, pour 2 portions, durée 10 min.","""Planche tour de France"" is a professional METRO recipe (sharing boards), with 8 ingredients and 4 steps, for 2 servings.",https://www.metro.fr/inspiration/recette-chef/planche/planche-tour-france,METRO France – metro.fr/inspiration/recette-chef
METRO-REC-0386,Planche vendange,planche,Planches apéritives,Sharing boards,,,2.0,10 min,10.0,Facile,Easy,10,5,"60g St Nectaire | 35g Rocamadour | 50g Comté | 30g Saucisson sec (nature, noisette, comté, chèvre, espelette…) | 50g Jambon de Vendée | 12g Pâté de campagne | 25g Chips bleu | 60g Raisin | 4 pièces Cornichons | 20g Mélange cacahouète raisin","1. Sur une planche, disposer du Saint-Nectaire, du Rocamadour pour sa texture fondante et du Comté, en fines lamelles 2. Ajouter quelques tranches de saucisson sec (nature, noisette, comté, chèvre, piment d'Espelette…) pour varier les plaisirs 3. Ajouter cinq tranches de Jambon de Vendée et une tranche généreuse de pâté de campagne et quelques cornichons 4. Compléter avec quelques chips bleues pour le croquant, des grains de raisin frais et de quelques noix 5. Server cette planche avec un verre de vin rouge Beaujolais","« Planche vendange » est une recette professionnelle METRO (planches apéritives), composée de 10 ingrédients et 5 étapes, pour 2 portions, durée 10 min.","""Planche vendange"" is a professional METRO recipe (sharing boards), with 10 ingredients and 5 steps, for 2 servings.",https://www.metro.fr/inspiration/recette-chef/planche/planche-vendange,METRO France – metro.fr/inspiration/recette-chef
METRO-REC-0387,"Terrine et mousse de foies de volaille, palette ibérique, pickles, pain toasté",planche,Planches apéritives,Sharing boards,Amar Challal,"Pour des moments conviviaux, misez sur notre planche composée de terrine et mousse de foies de volaille, palette ibérique, pickles et pain toasté.",15.0,24h,1440.0,Moyen,Medium,44,22,"1kg Foies de volaille | 400g Poitrine de porc fraîche | 400g Chair à saucisse | 450g Bardes fines | 4feuilles Laurier | 4brins Thym | 2dl Cognac | 1dl Porto rouge | 1dl Vinaigre de Xérès | 40g Persil plat | 20g Ail haché | 1g Fleurs de thym | 12g Sel fin | 6g Sucre semoule | 1pointe de couteau Muscade | 2g Poivre du moulin | 500g Foies de volaille | 500g Crème liquide | 75g Porto rouge | 125g Œufs | 12,6g Sel nitrité | 2,8g Sucre | 1g Poivre | 9g Sel nitrité | 1,5g Poivre noir | 2g Sucre | 2,5g Acide ascorbique | 50g Carottes jaunes | 50g Carottes orange | 50g Concombres | 50g Oignons rouges | 50g Radis roses | 333g Vinaigre blanc | 66g Vinaigre de vin | 1l Eau | Poivre noir grains | 1pièce Badiane | 1bâton Cannelle | Quelques graines Fenouil | 2branches Thym citron | 1feuille Laurier | 66g Sucre | 80g Palette | 5tranches Pain de campagne","1. Déveiner les foies de volaille, les couper en 2 2. Tailler en lardons la poitrine fraiche de 2 cm de haut et 1 cm de large 3. Hacher ail et persil 4. Mélanger tous les ingrédients et laisser mariner pendant 3h au réfrigérateur 5. Tapisser la terrine de bardes puis garnir la terrine de la farce. Recouvrir de bardes 6. Couvrir d'un papier aluminium 7. Cuire au bain-marie à 170°C, cuire à cœur à 60°C 8. Laisser refroidir 15 min, puis mettre sous presse pendant 1 nuit au réfrigérateur 9. Déveiner les foies. Ajouter l'assaisonnement et les laisser mariner pendant 24h 10. Le lendemain, mixer les foies au robot-coupe avec le sel, le poivre et le sucre 11. Ajouter les œufs, puis la crème et en dernier le Porto rouge 12. Chinoiser l'appareil, puis mettre en bocaux de 200 g 13. Cuire au four vapeur, 85°C pendant 36 min. Refroidir immédiatement dans de l'eau glacée 14. Tailler les carottes jaunes et orange, les concombres en bâtonnets de 5 cm de long et 1 cm de large 15. Tailler les radis roses en 2 dans la longueur et émincer les oignons rouges assez finement 16. Faire bouillir la marinade, cuire les légumes dans l'ordre énoncé ci-dessus 17. Les légumes doivent rester croquants 18. Laisser refroidir dans la marinade 19. Tailler 80 g de palette très finement à la trancheuse 20. Tailler 5 tranches de pain de campagne d'1 cm d'épaisseur, le toaster, mettre de l'huile d'olive et le gratter avec de l'ail 21. Sur une planche, disposer la palette, la terrine, un pot de mousse de foies de volaille, un pot avec des pickles et le pain toasté 22. Fleur de sel/poivre du moulin sur la terrine et la mousse","« Terrine et mousse de foies de volaille, palette ibérique, pickles, pain toasté » est une recette professionnelle METRO (planches apéritives) signée Amar Challal, composée de 44 ingrédients et 22 étapes, pour 15 portions, durée 24h.","""Terrine et mousse de foies de volaille, palette ibérique, pickles, pain toasté"" is a professional METRO recipe (sharing boards) by Amar Challal, with 44 ingredients and 22 steps, for 15 servings.",https://www.metro.fr/inspiration/recette-chef/planche/foie-volaille-palette-iberique-pickles,METRO France – metro.fr/inspiration/recette-chef
METRO-REC-0388,Voila l'été,planche,Planches apéritives,Sharing boards,,Rafraichissez votre carte en proposant cette planche aux saveurs estivales de tomate et vinaigrette balsamique,2.0,15 min,15.0,Facile,Easy,10,5,"Jambon Serrano | Chorizo perche | Tranches de melon | Mozzarella di Buffala Tressée | Burattina | Tomme de Savoie au lait cru | 2 Petits pots avec salade de tomates, basilic et vinaigrette balsamique | Olives noires et vertes | Huile d'olives pour des mouillettes de focaccia | Une corbeille avec tranches de pain frais et pain toasté","1. Trancher finement le jambon serrano et le chorizo perche 2. Les disposer sur les extrémités de votre planche, ils agrémenteront vos ingrédients principaux en ajoutant une touche de sel à votre préparation 3. Découper des morceaux de melon pour rafraîchir votre planche 4. Disposer ensuite la mozzarella di buffala au centre pour qu'elle soit le cœur de la dégustation 5. La touche finale : des ramequins d'olives noires et vertes, corbeilles de tranches de pain et l'huile d'olive pour intensifier les saveurs","« Voila l'été » est une recette professionnelle METRO (planches apéritives), composée de 10 ingrédients et 5 étapes, pour 2 portions, durée 15 min.","""Voila l'été"" is a professional METRO recipe (sharing boards), with 10 ingredients and 5 steps, for 2 servings.",https://www.metro.fr/inspiration/recette-chef/planche/voila-ete,METRO France – metro.fr/inspiration/recette-chef
METRO-REC-0389,Foie gras de canard et coeur de saumon fumé mangue et citron vert,reception,Réceptions,Receptions & events,,,1.0,1h,60.0,Difficile,Hard,13,9,"700g Foie gras de canard | 300g Coeur de saumon fumé | 5g Sel fin de Guérande | 2g Poivre blanc moulu | 300g Purée de mangue | 4,5g Agar agar | 200ml Vinaigre de passion | 12cl Huile d'olive A.O.C. | 25g Oeufs de saumon | 24dés Mangue | 8 Câpres à queue | 8 Jeunes gousses d'ail | Citron vert","1. Sur un bac gastro perforé, étaler le foie gras déveiné, saler, poivrer. 2. Cuire au four à 70°C pendant 15 à 20min. Égoutter le mieux possible. 3. Monter en cadre inox la moitié du foie gras cuit puis poser au centre le coeur de saumon fumé. Recouvrir avec le reste de foie gras et refroidir en cellule. 4. Dans une casserole, mélanger à froid la mangue et l'agar agar. 5. Porter à ébullition 2 min en remuant sans cesse ; puis couler sur la compression de foie gras/saumon fumé. 6. Refroidir avant de démouler. 7. Réduire de moitié le vinaigre de passion. 8. Ajouter l'huile d'olive. Saler à votre goût. 9. Dresser harmonieusement avec les œufs de saumon, les dés de mangue, les câpres et l'ail. Râper un zeste sur les pickles.","« Foie gras de canard et coeur de saumon fumé mangue et citron vert » est une recette professionnelle METRO (réceptions), composée de 13 ingrédients et 9 étapes, pour 1 portion, durée 1h.","""Foie gras de canard et coeur de saumon fumé mangue et citron vert"" is a professional METRO recipe (receptions & events), with 13 ingredients and 9 steps, for 1 serving.",https://www.metro.fr/inspiration/recette-chef/reception/foie-gras-canard-saumon,METRO France – metro.fr/inspiration/recette-chef
METRO-REC-0390,"Foie gras poché 'KÔ HÎMÊKÂ', bouillon corsé au Sichuan",reception,Réceptions,Receptions & events,,,6.0,45 min,45.0,Difficile,Hard,18,17,"2,5kg Carcasses de volaille | 1 Oignon | 1 Poireau | 1 Carotte | 1branche Céleri | 100g Gingembre | 100g Sauce Soja | 1botte Corriandre | 2g baie de Sichuan | 1botte Cébette Thaï | 50g Gingembre frais | 5g Levure boulangère | 40ml Eau tiède | 60ml Lait | 250g Farine type 45 | 30g Sucre | 6g Sel | 450g Lobe de foie gras","1. Dans un rondeau, mettre les 2,5kg de carcasses. Mouiller avec 5l d'eau portée à ébullition. 2. Sur une plaque chaude brûler l'oignon, couper en deux. 3. Bien écumer le fond blanc et ajouter l'oignon brûlé, le poireau, carotte, gingembre, céleri. Cuire à frémissement 2h. 4. Passer le fond blanc puis dégraisser à l'aide d'une petite louche, puis filtrer encore le bouillon pour qu'il soit bien clair. 5. Dans les 2l de bouillon restant, ajouter la sauce soja, porter à ébullition puis y infuser pendant 1h, une demi-botte de coriandre et le gingembre haché grossièrement ainsi que le Sichuan. 6. Filtrer et conserver 7. Laver la cébette thaï, éplucher un morceau de gingembre, tailler en julienne et conserver dans la glace. 8. Dans un grand saladier, diluer la levure boulangère avec de l'eau tiède, laisser la levure agir pendant 5 minutes environ. 9. Ajouter le lait dans le saladier, puis en mélangeant doucement ajouter la farine, puis le sucre et enfin le sel. 10. Pétrir la pâte pendant 10 minutes pour qu'elle soit homogène. Une fois la pâte homogène, la remettre dans le saladier et couvrir d'un film alimentaire. La laisser reposer à température ambiante pendant au moins 1h30. 11. Quand la pâte triple de volume, pétrir de nouveau et confectionner des boules de 50g, laisser pousser 35 minutes. 12. Cuire en vapeur 15 minutes (utiliser des paniers vapeurs bambou). 13. Tailler 6 belles escalopes dans le lobe de foie gras. 14. Dans la base de la cafetière, mettre le bouillon de volaille et dans la partie du haut, déposer les tranches de foie gras sur la demi-botte de coriandre restante, fermer le couvercle et chauffer la cafetière sur l'induction jusqu'à ce que le bouillon monte dans le haut de la cafetière afin de pocher le foie gras. 15. Servir le foie gras, surmonter de la julienne de cébette et gingembre glacé, un tour de moulin de baie de Sichuan. 16. Verser le bouillon de soja sur le foie gras. 17. Accompagner le plat avec le mantou bun.","« Foie gras poché 'KÔ HÎMÊKÂ', bouillon corsé au Sichuan » est une recette professionnelle METRO (réceptions), composée de 18 ingrédients et 17 étapes, pour 6 portions, durée 45 min.","""Foie gras poché 'KÔ HÎMÊKÂ', bouillon corsé au Sichuan"" is a professional METRO recipe (receptions & events), with 18 ingredients and 17 steps, for 6 servings.",https://www.metro.fr/inspiration/recette-chef/reception/foie-gras-sichuan,METRO France – metro.fr/inspiration/recette-chef
METRO-REC-0391,"Foie gras poêlé, butternut, jus de viande truffé",reception,Réceptions,Receptions & events,Rodolphe Regnauld,Une recette de foie gras poêlé qui ravira vos clients grâce à son accompagnement de butternut et de jus de viande truffe.,10.0,45 min,45.0,Facile,Easy,14,16,500g Butternut | 50g Oignons | 20g Huile | 1L Bouillon de volaille | 100g Beurre | 50g Echalote | 100g Truffe | 50g Cognac | 300g Porto | 100g Jus de truffe | 100g Beurre | 500g Fond de veau ½ glace | 1 Branche de thym | 10 pièces Escalopes de foie gras,"1. Éplucher le butternut et le tailler en gros cubes de 2 cm 2. Garner les plus beaux et mettre le reste pour la purée de butternut 3. Mettre en cuisson la purée de butternut 4. Faire revenir l'oignon ciselé dans l'huile, ajouter le butternut, et laisser suer, mouiller à hauteur avec le bouillon de volaille 5. Laisser cuire 30 minutes, égoutter puis mixer avec du beurre, rectifier en sel et poivre 6. Maintenir au chaud 7. Tailler de la julienne de truffe avec la truffe épluchée 8. Ciseler l'échalote, enlever la peau des truffes et les hacher finement 9. Suer l'échalote avec un peu de beurre, ajouter la truffe hachée, puis flamber au cognac 10. Ajouter le porto, laisser réduire à sec 11. Ajouter le jus de truffe, le jus de viande et laisser réduire jusqu'à consistance sirupeuse et monter au beurre 12. Poêler les escalopes de foie gras environ 40 secondes par face dans une poêle bien chaude 13. Mettre sur papier absorbant 14. Dégraisser la poêle 15. Ajouter les cubes de butternut et les poêler en les gardant fermes 16. Mettre une bonne cuillère de purée de butternut au centre de l'assiette, couper l'escalope de foie gras en 3 et disposer dans l'assiette. Ajouter les cubes de butternut, la julienne de truffe, et terminer par la sauce","« Foie gras poêlé, butternut, jus de viande truffé » est une recette professionnelle METRO (réceptions) signée Rodolphe Regnauld, composée de 14 ingrédients et 16 étapes, pour 10 portions, durée 45 min.","""Foie gras poêlé, butternut, jus de viande truffé"" is a professional METRO recipe (receptions & events) by Rodolphe Regnauld, with 14 ingredients and 16 steps, for 10 servings.",https://www.metro.fr/inspiration/recette-chef/reception/foie-gras-poele-butternut,METRO France – metro.fr/inspiration/recette-chef
METRO-REC-0392,"Petites bouchées croustillantes d'aubergine, spianata, foie gras et banane",reception,Réceptions,Receptions & events,Jean-Claude Cahagnet,,6.0,1 h,60.0,Facile,Easy,12,9,"100g Oignon | 80g Fenouil | 10g Ail | Q.S Huile vierge | Q.S Thym frais | 25g Spianata | 15g Tomate séchées | Q.S Sel, Poivre | 2 Bananes | 500g Aubergines | 1 Pépite de foie gras par bouchées | Q.S Pâte à filo","1. Tailler en fine brunoise l'oignon et le fenouil, hacher l'ail et faire suer l'ensemble à l'huile avec le thym 2. Ajouter le Spianata ciselé en fine brunoise et la tomate séchée, débarrasser 3. Tailler des rouelles de banane et les sauter au beurre, débarrasser 4. Éplucher les aubergines, couper en petits cubes et les faire revenir à feu très vif et à l'huile d'olive 5. Égoutter, puis les mélanger avec la base oignons, fenouil, tomate, Spianata 6. Snacker les pépites de foie gras bleu 7. Mouler en forme de mini pyramide avec une pépite par bouchée, puis passer au grand froid, ensuite former des boucher avec la pâte à filo 8. Mettre au four 10/15 min à 185°C 9. Après cuisson et à l'envoi, déposer chaque bouchée chaude sur une rouelle de banane","« Petites bouchées croustillantes d'aubergine, spianata, foie gras et banane » est une recette professionnelle METRO (réceptions) signée Jean-Claude Cahagnet, composée de 12 ingrédients et 9 étapes, pour 6 portions, durée 1 h.","""Petites bouchées croustillantes d'aubergine, spianata, foie gras et banane"" is a professional METRO recipe (receptions & events) by Jean-Claude Cahagnet, with 12 ingredients and 9 steps, for 6 servings.",https://www.metro.fr/inspiration/recette-chef/reception/bouchee-aubergine-spianata-foie-gras-banane,METRO France – metro.fr/inspiration/recette-chef
METRO-REC-0393,Pâté en croûte,reception,Réceptions,Receptions & events,,,,,,,,8,25,Filet de canard 400g | Filet de poulet 400g | Filet de pintade 250g | Foie gras de canard 24g | Sel nitrité 3g | Poivre noir 30g | Jus corsé de volaille 150g | Confit de canard,"1. Réaliser la pâte par sablage. 2. Foncer et cuire à blanc. 3. Foncer et cuire à blanc. 4. Parer les filets et couper en dés de 10 mm. 5. Assaisonner les filets avec du porto. 6. Mise au sel du foie gras avec 17g de sel nitrité/kg, 2g de poivre noir/kg, 4g de sucre/kg et 50g de porto blanc/kg. 7. Assaisonner les filets avec du porto. 8. Mise au sel du foie gras avec 17g de sel nitrité/kg, 2g de poivre noir/kg, 4g de sucre/kg et 50g de porto blanc/kg. 9. Réaliser un jus corsé dans les règles. 10. Mettre au froid la mise au sel en mélangeant le sucre. 11. Incorporer le jus en gardant une température de 4°C. 12. Dégazer 2 fois. 13. Mouler, dégazer. 14. Placer le couvercle de pâte. 15. Enfourner à 160°C. 16. Régler après coloration à 70°C. 17. Cuisson à cœur à 57°C. 18. Mettre au froid la mise au sel en mélangeant le sucre. 19. Incorporer le jus en gardant une température de 4°C. 20. Dégazer 2 fois. 21. Mouler, dégazer. 22. Placer le couvercle de pâte. 23. Enfourner à 160°C. 24. Régler après coloration à 70°C. 25. Cuisson à cœur à 57°C.","« Pâté en croûte » est une recette professionnelle METRO (réceptions), composée de 8 ingrédients et 25 étapes.","""Pâté en croûte"" is a professional METRO recipe (receptions & events), with 8 ingredients and 25 steps.",https://www.metro.fr/inspiration/recette-chef/reception/pate-en-croute,METRO France – metro.fr/inspiration/recette-chef
METRO-REC-0394,Risotto crémeux au caviar,reception,Réceptions,Receptions & events,Raphaëlle Sinquin,,4.0,35 min,35.0,Moyen,Medium,10,14,"320g Riz Arborio | 1pièce Échalote | 50ml Vin blanc sec | 1L Bouillon de légumes | 30g Beurre demi-sel | 40g Parmesan râpé | PM Huile d'olive | PM Sel fin | 40g Caviar Baerii | PM Herbes fraîches (cerfeuil, ciboulette)",1. Éplucher et ciseler l'échalote 2. Faire suer l'échalote dans une casserole avec un filet d'huile d'olive 3. Ajouter le riz Arborio 4. Nacrer les grains 5. Déglacer avec le vin blanc 6. Laisser réduire 7. Mouiller progressivement avec le bouillon chaud en remuant régulièrement 8. Cuire jusqu'à ce que le riz soit crémeux et légèrement ferme 9. Incorporer le beurre et le parmesan hors du feu pour lier le risotto 10. Ajouter une petite quantité de caviar pour parfumer la préparation 11. Rectifier l'assaisonnement si nécessaire 12. Disposer le risotto dans une assiette creuse 13. Ajouter une quenelle de caviar Baerii au centre 14. Décorer avec quelques pluches d'herbes fraîches,"« Risotto crémeux au caviar » est une recette professionnelle METRO (réceptions) signée Raphaëlle Sinquin, composée de 10 ingrédients et 14 étapes, pour 4 portions, durée 35 min.","""Risotto crémeux au caviar"" is a professional METRO recipe (receptions & events) by Raphaëlle Sinquin, with 10 ingredients and 14 steps, for 4 servings.",https://www.metro.fr/inspiration/recette-chef/reception/risotto-cremeux-caviar,METRO France – metro.fr/inspiration/recette-chef
METRO-REC-0395,Soufflé chocolat-mangue,reception,Réceptions,Receptions & events,,Un soufflé qui grâce au chocolat met en valeur le gout du fruit.,8.0,30 min,30.0,Moyen,Medium,8,8,1g Vanille | 20g Purée de mangue | 4g Zeste citron vert | 1 Mangue | 500g Blancs d'œufs | 40g Sucre | ½ Jus de citron | 250g Couverture caraïbe,"1. Infuser la vanille avec la purée de mangue. 2. Détailler la mangue en brunoise. 3. Incorporer les zestes de citron et la purée de mangue vanillée. 4. Monter les blancs serrés avec le sucre et le jus de citron. 5. Incorporer la couverture (50°) à la maryse. 6. Mouler dans les moules à soufflé, préalablement beurrés et sucrés. 7. Cuire 8 min à 180°C. 8. A la sortie du four, pocher la compotée de mangue au milieu des soufflés.","« Soufflé chocolat-mangue » est une recette professionnelle METRO (réceptions), composée de 8 ingrédients et 8 étapes, pour 8 portions, durée 30 min.","""Soufflé chocolat-mangue"" is a professional METRO recipe (receptions & events), with 8 ingredients and 8 steps, for 8 servings.",https://www.metro.fr/inspiration/recette-chef/reception/souffle-chocolat-mangue,METRO France – metro.fr/inspiration/recette-chef
METRO-REC-0396,Toast tartare,reception,Réceptions,Receptions & events,,"Vedette des apéritifs dînatoires, METRO vous propose pour une touche d'originalité des toasts de tartare de bœuf, d'anchois et d'œuf pour régaler vos invités.",4.0,20 min,20.0,Moyen,Medium,15,7,300g Tartare de boeuf | 1 Oignons rouges | ½botte Oseille | 6branches Persil | 10cl Huile d'olive | ½cac Poivre mignonnette | 1cac Poivre vert en saumure | 12 Champignons de Paris | 5cl Vinaigre balsamique | 3pincées Fleur de sel | 4 Œufs bio | 8 Anchois au sel | 4tranches Pain de campagne | 1gousse Ail | 1cas Noisettes concassées,"1. Préparer le tartare de bœuf. 2. Ciseler oignons rouges et les herbes, assaisonner avec de l'huile d'olive et le poivre. 3. Émincer les champignons de paris et les cuire à l'huile d'olive et caraméliser avec le vinaigre balsamique. 4. Cuire les œufs mollet à l'eau bouillante salée. 5. Réaliser des bâtonnets d'anchois. 6. Toaster les tranches de pain de campagne et les gratter à l'ail. 7. Dresser la tartine.","« Toast tartare » est une recette professionnelle METRO (réceptions), composée de 15 ingrédients et 7 étapes, pour 4 portions, durée 20 min.","""Toast tartare"" is a professional METRO recipe (receptions & events), with 15 ingredients and 7 steps, for 4 servings.",https://www.metro.fr/inspiration/recette-chef/reception/toast-tartare,METRO France – metro.fr/inspiration/recette-chef
METRO-REC-0397,Œuf mollet caviar,reception,Réceptions,Receptions & events,Raphaëlle Sinquin,,4.0,20 min,20.0,Facile,Easy,5,11,"4 pièces - Œufs frais calibre moyen | 100g - Crème fraîche épaisse | PM - Sel fin | 40g - Caviar Baerii | PM - Herbes fraîches (ciboulette, cerfeuil)",1. Porter une casserole d'eau à ébullition 2. Plonger les œufs délicatement 3. Les cuire pendant 6 minutes 4. Rafraîchir immédiatement dans de l'eau glacée 5. Écaler les œufs avec précaution 6. Mélanger la crème épaisse avec une pointe de sel 7. Fouetter légèrement pour obtenir une texture aérienne 8. Déposer la crème au fond de l'assiette 9. Poser l'œuf mollet au centre 10. Ajouter une cuillère de caviar Baerii sur l'œuf 11. Terminer avec quelques herbes fraîches,"« Œuf mollet caviar » est une recette professionnelle METRO (réceptions) signée Raphaëlle Sinquin, composée de 5 ingrédients et 11 étapes, pour 4 portions, durée 20 min.","""Œuf mollet caviar"" is a professional METRO recipe (receptions & events) by Raphaëlle Sinquin, with 5 ingredients and 11 steps, for 4 servings.",https://www.metro.fr/inspiration/recette-chef/reception/oeuf-mollet-caviar,METRO France – metro.fr/inspiration/recette-chef
METRO-REC-0398,Burger All Black,burger,Burgers,Burgers,,"Le burger all-black est une recette savoureuse et onctueuse, facile à préparer et à déguster. ""Réinventez un snacking pour les clients qui désirent de nouvelles couleurs et saveurs surprenantes""",4.0,20 min,20.0,Facile,Easy,17,15,500g Radis noir Daïkon | 5cl Vinaigre de riz mirin | 15g Graines de sésame noir | 5cl Huile de sésame | 5cl Huile de pépins de raisin Lesieur | 4 pièces Feuilles de shiso | 3g Sel/Poivre | 5g Sel rose | 5cl Huile de truffe noire | 800g Steak haché de boeuf surgelé Black Angus | 2g Poivre noir de Tasmanie | 4 pièces Bun artisan boulanger au Curry Black Pearl Thiercelin | 40g Moutarde au safran | 100g Mascarpone Ambrosi | 200g Tomate noire de Crimée | 160g Fromage bleu | 20g Pousse d'alfa poireau,"1. Éplucher et râper le radis blanc (Daïkon) 2. Assaisonner le radis râpé avec du mirin, des graines de sésame, de l'huile de sésame et de l'huile de pépins de raisin 3. Ajouter la feuille de shiso finement ciselée 4. Assaisonner la salade de Daikon avec du sel et du poivre 5. Laisser mariner pendant 30 minutes 6. Assaisonner le steak haché de poivre noir de Tasmanie concassé et de sel d'Himalaya 7. Cuire le steak à la plancha pendant 3 minutes de chaque côté 8. Passer les pains sous la salamandre 9. Enduire la partie inférieure des pains avec un mélange de moutarde au safran et de mascarpone 10. Déposer une tranche de tomate noire de Crimée sur le pain 11. Placer le steak Angus sur la tomate 12. Déposer une tranche de bleu Stilton sur le steak 13. Passer le burger sous la salamandre pendant 1 minute 14. Ajouter les pousses d'alfalfa 15. Servir le burger accompagné de la salade de Daikon marinée au shiso","« Burger All Black » est une recette professionnelle METRO (burgers), composée de 17 ingrédients et 15 étapes, pour 4 portions, durée 20 min.","""Burger All Black"" is a professional METRO recipe (burgers), with 17 ingredients and 15 steps, for 4 servings.",https://www.metro.fr/inspiration/recette-chef/burger/burger-all-black,METRO France – metro.fr/inspiration/recette-chef
METRO-REC-0399,Burger mini HOT BOX,burger,Burgers,Burgers,,"Passez en mode ""mini buns"" avec cette recette de burger version miniature ""HOT BOX""",4.0,15 min,15.0,Facile,Easy,7,7,100g Fromage Édel de Cléron | 40g Chutney figue du soleil | 40g Confit d'oignon | 80g Jeunes pousses de pourpier | 80g Jeunes pousses d'épinards | 30g Pain burger enfant | 640g Steak haché rond façon bouchère 15% ou mini-steak haché rond 15%,1. Sortir les fromages de leur boîte et les couper en deux dans la longueur 2. Poser une moitié de fromage sur l'intérieur du haut des pains 3. Les passer à la salamandre 4. Étaler sur la base de 4 pains du confit de figue et sur les 4 autres du confit d'oignons 5. Poser sur le chutney de figue des pousses de pourpier et sur le confit d'oignon des pousses d'épinard 6. Couper les pains en deux et passer la base des pains à la salamandre 7. Cuire les steaks 2 min de chaque côté et les poser sur le cresson ou le pourpier avant de refermer,"« Burger mini HOT BOX » est une recette professionnelle METRO (burgers), composée de 7 ingrédients et 7 étapes, pour 4 portions, durée 15 min.","""Burger mini HOT BOX"" is a professional METRO recipe (burgers), with 7 ingredients and 7 steps, for 4 servings.",https://www.metro.fr/inspiration/recette-chef/burger/burger-minis-edel-epinard,METRO France – metro.fr/inspiration/recette-chef
METRO-REC-0400,Burger Veggie,burger,Burgers,Burgers,,et chutney de griottes,4.0,20 min,20.0,Facile,Easy,30,12,"4 pièces Bun surgelé focaccia 90 g ou Steak de légumes | 100g Tartare de tomates mi-séchées | 450g Tomate green zebra | 100g Sucre poudre Rochambeau | 10cl Vinaigre balsamico blanco | 7cl Vinaigre de vin rouge et framboise | 10cl Porto rouge | 10cl Vin rouge | 1,5g Poivre concassé | Sel | ¼ botte Basilic frais | ¼ botte Coriandre fraîche | 1 bâton Cannelle | 1 Anis étoilé | 15g Ail haché | 50g Miel Fleur oranger | 8 Steaks de légumes mi-séchés et grillés | 25cl Huile d'olive | ½ pièce Chèvre long cendré AOP | Chutney de griottes maison | 40g Alfa poireau Bio | 100g Roquette | 100g Champignon Porto Bello | 1 botte Ciboulette | 75g Oignons jaunes ciselés | 4 Poivrons grillés rouges et jaunes | 100g Échalotes fraîches | 450g Griottes surgelées | 15cl Huile d'olive | Sel, Poivre","1. Émonder les tomates et concasser-les. 2. Continuer en les faisant cuire avec les autres ingrédients (sauf le miel). 3. Ajouter le miel à mi-cuisson, puis confire à feu très doux. 4. Trancher le fromage de chèvre cendré et le réserver en attendant le montage. 5. Poêler les steaks de légumes à l'huile d'olive et les réserver au chaud. 6. Couper les légumes en bâtonnets de 2 cm d'épaisseur environ et les tremper dans une pâte à tempura préalablement diluée à l'eau. 7. Les faire frire, puis les mettre sur du papier absorbant. 8. Assaisonner de sel et de poivre. 9. Toaster le pain coupé en 2. 10. Déposer sur la partie inférieure du pain le ketchup vert. 11. Poser dessus le steak de légumes, les tranches de fromage de chèvre cendré, puis la roquette et les graines germées de poireaux. 12. Refermer et servir accompagné de la tempura de légumes.","« Burger Veggie » est une recette professionnelle METRO (burgers), composée de 30 ingrédients et 12 étapes, pour 4 portions, durée 20 min.","""Burger Veggie"" is a professional METRO recipe (burgers), with 30 ingredients and 12 steps, for 4 servings.",https://www.metro.fr/inspiration/recette-chef/burger/burger-veggie,METRO France – metro.fr/inspiration/recette-chef
METRO-REC-0401,Burger végétarien,burger,Burgers,Burgers,,,4.0,15 min,15.0,Facile,Easy,31,14,1 Brocoli | 2 Carottes | 1 Courgette | 5 Champignons de Paris | 1 Oignons rouges | 2 Gousse d'ail | 5g Cumin en poudre | 5g Piment doux | 10g Huile d'olive | Sel/Poivre | 50g Pousse d'épinard | 100g Haricot rouge en conserve | 5g Noix | ½botte Coriandre | ½botte Menthe | ½botte Ciboulette | ½botte Persil plat | 1c.à.s Tomate concentrée | 2 Oeufs | 150g Chapelure | 50g Riz blanc cuit | Ciboulette | Menthe | Fromage Philadelphia | Jus de citron jaune | Pain burger avec graines | Ketchup | 2 Tranches de cheddar mexicana | 1 Tomate | 3feuilles Salade romaine | 1 Oignon rouge,"1. Tailler grossièrement les légumes. 2. Les mixer en petits morceaux, puis les assaisonner avec les épices et l'huile d'olive. 3. Disposer le tout sur une plaque et cuire au four à 170° pendant 30 min, puis refroidir l'ensemble. 4. Mixer ensuite les pousses d'épinards, les haricots rouges, les noix et les herbes avec le concentré de tomate et les œufs jusqu'à l'obtention d'une pâte. 5. Mélanger ensuite aux légumes cuits et ajouter la chapelure et le riz blanc cuit afin d'obtenir un mélange homogène. 6. Portionner à l'aide d'un cercle de la taille de votre pain (12 cm) puis congeler les steaks afin de maintenir la forme pendant la cuisson. 7. Ciseler très finement de la ciboulette et de la menthe et mélanger au fromage Philadelphia. 8. Ajouter le jus de citron jaune. 9. Toaster les deux faces du pain burger avec du beurre. 10. Ajouter une fine couche de ketchup sur la tranche du bas et poêler le steak végétarien avec de l'huile d'olive à feu vif. 11. Le recouvrir ensuite de deux tranches de cheddar mexicana et faire fondre au four. 12. Tailler deux rondelles de tomate de 1 cm et réserver 3 feuilles de salade romaine. 13. Tailler très finement un oignon rouge en rondelle et les disposer sur le dessus. 14. Recouvrir le pain du haut avec la sauce fromage.","« Burger végétarien » est une recette professionnelle METRO (burgers), composée de 31 ingrédients et 14 étapes, pour 4 portions, durée 15 min.","""Burger végétarien"" is a professional METRO recipe (burgers), with 31 ingredients and 14 steps, for 4 servings.",https://www.metro.fr/inspiration/recette-chef/burger/burger-vegetarien,METRO France – metro.fr/inspiration/recette-chef
METRO-REC-0402,Le Chic Chicken Burger,burger,Burgers,Burgers,,"Besoin d'inspiration pour votre menu ? Lancez-vous dans cette recette du fameux burger ""chic chicken"" pour attirer les fans de burgers.",4.0,15 min,15.0,Facile,Easy,12,11,1 Œuf | 15cl Lait | Corn flakes | 40g Farine | 480g Filets de poulet blancs ou jaunes origine France | 1kg Chapelure blanche | 80g Panure | 4 pièces Pain burger au sésame bio | 60g Salade Batavia | 80g Crispy bacon | 4x25g Cheddar fumé tranches | 80ml Sauce barbecue,"1. Batter un œuf 2. Mélanger le lait avec les corn flakes 3. Fariner le blanc de poulet 4. Plonger-le dans l'œuf, puis passer-le dans la chapelure préalablement mélangée avec la panure et les corn flakes 5. Et enfin réserver 6. Faire toaster les buns 7. Tailler finement la salade 8. Faire cuire le poulet à la friteuse et snacker généreusement le bacon afin de le rendre bien croustillant 9. En parallèle, disposer le fromage sur l'intérieur du haut du bun pour le faire fondre 10. Disposer 1 cuillère de sauce barbecue, la salade, le filet de poulet pané, le bacon 11. Puis refermer avec le bun supérieur","« Le Chic Chicken Burger » est une recette professionnelle METRO (burgers), composée de 12 ingrédients et 11 étapes, pour 4 portions, durée 15 min.","""Le Chic Chicken Burger"" is a professional METRO recipe (burgers), with 12 ingredients and 11 steps, for 4 servings.",https://www.metro.fr/inspiration/recette-chef/burger/burger-chic-chicken,METRO France – metro.fr/inspiration/recette-chef
METRO-REC-0403,Le Fish'n'chips Burger,burger,Burgers,Burgers,,"Ajoutez à votre carte snacking une belle touche anglaise, en réalisant le burger fish'n'chips. Une recette tendance et onctueuse à base de produits frais pour les amateurs de burgers maison.",4.0,15 min,15.0,Facile,Easy,11,7,2 Cornichons | 40g Câpres surfines | 1 pincée Cerfeuil | 1 Échalotte | 1 Œuf | 1 c.à.s. Mayonnaise | 4 pièces Pain burger brioché géant | Salade Iceberg | 4 pièces Tranché de colin Fish'n Chips pané | 2 Tomates | 8cl Jus de citron,"1. Réaliser une brunoise de cornichons de cornichons, câpres, cerfeuil, échalote et œuf dur. 2. Incorporer de la mayonnaise ""maison"" jusqu'à l'obtention de la consistance voulue. 3. Faire toaster le pain brioché. 4. Tailler finement la salade. 5. Faire cuire à la friteuse les colins panés. 6. Disposer 1 cuillère de sauce gribiche, puis la salade ainsi que les tranches de tomates. 7. Déposer le poisson, ajouter un trait de jus de citron puis refermer avec le bun supérieur.","« Le Fish'n'chips Burger » est une recette professionnelle METRO (burgers), composée de 11 ingrédients et 7 étapes, pour 4 portions, durée 15 min.","""Le Fish'n'chips Burger"" is a professional METRO recipe (burgers), with 11 ingredients and 7 steps, for 4 servings.",https://www.metro.fr/inspiration/recette-chef/burger/burger-fish-chips,METRO France – metro.fr/inspiration/recette-chef
METRO-REC-0404,Le Hambourgeau aux rilllons et bun de pommes de terre,burger,Burgers,Burgers,Benoît Sanchez,,4.0,15 min,15.0,Facile,Easy,13,16,"2 échalotes | Beurre | Filet d'huile | 2 c.à.s moutarde au miel | Vinaigre de bière | Miel | Betterave chioggia | Roquette | Sel, poivre | 2 rillons | 120g steak haché | 1 pièce Bourdel (tomme de Touraine) | 4 buns aux pommes de terre","1. Éplucher et émincer les échalotes 2. Faire fondre beurre et huile en poêle 3. Faire suer les échalotes sans coloration, ajouter moutarde au miel 4. Laisser cuire 5 minutes à feu doux 5. Porter vinaigre de bière et miel à ébullition 6. Couper betteraves chioggia en rondelles de 2mm à la mandoline 7. Verser le vinaigre chaud sur les betteraves et refroidir 8. Couper rillons en tranches et saisir en poêle chaude 9. Déglacer rillons avec vinaigre de bière 10. Saisir steaks hachés de chaque côté en poêle antiadhésive ou plancha 11. Déposer Bourdel sur steaks et couvrir 12. Couper buns en deux et réchauffer quelques minutes au grille-pain 13. Étaler fondue d'échalotes sur les talons des buns 14. Ajouter steak haché, rillons, pickles de betteraves et roquette 15. Étaler 1 c.à.s moutarde au miel sur les chapeaux 16. Servir aussitôt","« Le Hambourgeau aux rilllons et bun de pommes de terre » est une recette professionnelle METRO (burgers) signée Benoît Sanchez, composée de 13 ingrédients et 16 étapes, pour 4 portions, durée 15 min.","""Le Hambourgeau aux rilllons et bun de pommes de terre"" is a professional METRO recipe (burgers) by Benoît Sanchez, with 13 ingredients and 16 steps, for 4 servings.",https://www.metro.fr/inspiration/recette-chef/burger/hambourgeau-rillons-buns-pomme-de-terre,METRO France – metro.fr/inspiration/recette-chef
METRO-REC-0405,San Veggisco,burger,Burgers,Burgers,,Burger réinventé avec houmous savoureux et onctueux pour clients en quête de saveurs et couleurs.,1.0,20 min,20.0,Facile,Easy,12,16,40g Pleurote | 25ml Huile végétale Isio 4 pro | 10ml Sauce soja salée Metro Chef | 2 Gousses d'ail blanc | 5g Harissa | 30g Tomates | 1 Pain burger vegan Pur Pain | 1 Galette aux légumes confits | 50g Mozzarisella fumée | 30g Houmous premium | 1 Feuille de chou kale vert origine France | 30g Tapena' olives et tomates,"1. Nettoyer les pleurotes 2. Chauffer la poêle avec huile végétale 3. Ajouter pleurotes et remuer 4. Incorporer sauce soja et ail émincé à la brunissure 5. Après 2 min, ajouter la harissa 6. Couper tomate en rondelles épaisses 7. Toaster le pain burger 8. Snacker galette 4 min avec huile d'olive 9. Retourner et disposer mozzarisella 10. Cuire 4 min supplémentaires 11. Étaler houmous sur base du bun 12. Ajouter 5-6 morceaux de pleurotes et kale 13. Disposer galette fromagée sur kale 14. Ajouter 3 tranches de tomate 15. Tartiner partie supérieure de Tapena' 16. Refermer et servir","« San Veggisco » est une recette professionnelle METRO (burgers), composée de 12 ingrédients et 16 étapes, pour 1 portion, durée 20 min.","""San Veggisco"" is a professional METRO recipe (burgers), with 12 ingredients and 16 steps, for 1 serving.",https://www.metro.fr/inspiration/recette-chef/burger/burger-san-veggisco,METRO France – metro.fr/inspiration/recette-chef
METRO-REC-0406,"Burger, galette blé, St-Môret",durable,Cuisine durable,Sustainable cuisine,,"Impressionnez vos convives avec cette version sans viande, et tout aussi gourmande, du traditionnel burger.",6.0,30 min,30.0,Facile,Easy,13,11,200g Blé précuit | ½ l Eau | 260g Carottes | 50g Pesto alla genovese | 50g Houmous | 2 Œufs entiers | 3càs Huile d'olive | 180g St Môret Entier | 200g Oignons émincés | 6 Pain à hamburger | 100g Salade mâche | 120g Champignons émincés | 1càs Huile d'olive,"1. Cuire le blé 10 minutes dans ½ litre d'eau. Égoutter et réserver. 2. Râper les carottes, faire revenir dans une poêle avec 1 cuillère à soupe d'huile d'olive, puis les faire refroidir. 3. Mélanger le blé, les carottes, le houmous, le pesto et les œufs entiers. 4. Façonner des petites galettes rondes à l'aide d'un emporte pièces. 5. Cuire les galettes dans une poêle avec le reste d'huile d'olive. 6. Dorer 2 minutes de chaque côté. Égoutter sur du papier absorbant. 7. Faire revenir les oignons 12 minutes à la poêle et réserver. 8. Faire revenir les champignons 5 minutes avec une cuillère à soupe d'huile d'olive et réserver. 9. Couper les pains en deux et tartiner la base avec 2 cuillères à soupe (environ 30g) de St Môret sur chaque pain. 10. Ajouter les oignons, placer une galette d'Ebly, quelques feuilles de mâche et terminer avec les champignons. 11. Refermer et déguster.","« Burger, galette blé, St-Môret » est une recette professionnelle METRO (cuisine durable), composée de 13 ingrédients et 11 étapes, pour 6 portions, durée 30 min.","""Burger, galette blé, St-Môret"" is a professional METRO recipe (sustainable cuisine), with 13 ingredients and 11 steps, for 6 servings.",https://www.metro.fr/inspiration/recette-chef/durable/burger-galette-ble-st-moret,METRO France – metro.fr/inspiration/recette-chef
METRO-REC-0407,"Cœur de sucrine braisée, coulis de salade, crème d'ail",durable,Cuisine durable,Sustainable cuisine,,Proposez une explosion de saveurs en associant la puissance de l'ail et la douceur de la sucrine légèrement relevée avec sa sauce laitue.,4.0,45 min,45.0,Moyen,Medium,15,19,"100g Ail épluché | 50g Vin Blanc | 100g Bouillon de poule | 200g Crème Fraiche Liquide | PM Sel, poivre blanc, cannelle | ½ Laitue | ½litre Huile de colza | PM Gomme de Xanthane | 2 Coeurs de Sucrine | 100g Beurre | PM Romarin | PM Mini Oxalys | PM Aneth | PM Fleur d'Ail | 4branches Romarin","1. Blanchir 2 fois l'ail en gousse, départ eau froide. 2. Faire colorer légèrement puis déglacer au vin blanc. 3. Mouiller au bouillon de poule, couvrir et laisser mijoter. 4. Lier avec la crème fraîche liquide, laisser réduire suivant consistance voulue. 5. Mixer et passer au chinois étamine. 6. Assaisonnement : sel, poivre blanc, cannelle. 7. Laver à grande eau la laitue. 8. Tailler en chiffonnade. 9. Tomber à l'huile de colza dans un rond d'eau rapidement, saler légèrement. 10. Déglacer avec un trait d'eau froide, débarrasser avec le jus obtenu. 11. Mixer, rectifier l'assaisonnement, lier avec le Xanthane. 12. Couper en 2 la sucrine 13. Poêler sur feu vif, à l'huile de colza, marquer la demi-sucrine. 14. Arroser au beurre de romarin, saler. 15. Débarrasser sur grille. 16. Réserver à température ambiante. 17. Disposer la demi-sucrine braisée. 18. Assaisonner avec la crème d'ail et le coulis salade. 19. Recouvrir avec Oxalys, Aneth et Fleur d'ail.","« Cœur de sucrine braisée, coulis de salade, crème d'ail » est une recette professionnelle METRO (cuisine durable), composée de 15 ingrédients et 19 étapes, pour 4 portions, durée 45 min.","""Cœur de sucrine braisée, coulis de salade, crème d'ail"" is a professional METRO recipe (sustainable cuisine), with 15 ingredients and 19 steps, for 4 servings.",https://www.metro.fr/inspiration/recette-chef/durable/sucrine-braisee-creme-ail,METRO France – metro.fr/inspiration/recette-chef
METRO-REC-0408,Pokebowl végétal,durable,Cuisine durable,Sustainable cuisine,,,8.0,45 min,45.0,Facile,Easy,8,6,300g Riz Long Grain | 750g Patates douces | 300g Fèves extra-fines | 300g Haricots Verts | 240g Houmous | 400g Carottes | 6càs Huile d'olive | 3càs Moutarde à l'ancienne,"1. Couper les patates douces en dés et faire revenir 15 min dans une poêle avec 2 cuillères à soupe d'huile. 2. Cuire 10 minutes le riz dans une casserole d'eau bouillante. 3. Faire revenir séparément les fèves 6 minutes et les haricots verts 5 minutes à la sauteuse. 4. Râper les carottes. 5. Réaliser une sauce vinaigrette avec le reste d'huile d'olive et la moutarde. 6. Disposer joliment dans un bol, ajouter la touche gourmande d'houmous et servir avec la sauce.","« Pokebowl végétal » est une recette professionnelle METRO (cuisine durable), composée de 8 ingrédients et 6 étapes, pour 8 portions, durée 45 min.","""Pokebowl végétal"" is a professional METRO recipe (sustainable cuisine), with 8 ingredients and 6 steps, for 8 servings.",https://www.metro.fr/inspiration/recette-chef/durable/pokebowl-vegetal,METRO France – metro.fr/inspiration/recette-chef
METRO-REC-0409,"Pâtes aux épinards, Skyr et crème Excellence",durable,Cuisine durable,Sustainable cuisine,,,8.0,30 min,30.0,Facile,Easy,9,7,500g Pâtes | 200g Champignons | 2 Oignons | 4càs Huile d'olive | 1gousse Ail | 300g Feuilles d'épinards | 180g Skyr | 5càs Crème | 3càs Moutarde,"1. Faire cuire les pâtes pendant 10 minutes. 2. Couper et émincer les oignons puis les faire revenir dans 2 cuillères à soupe d'huile d'olive jusqu'à ce qu'ils soient légèrement dorés. 3. Découper les champignons et les cuire avec les oignons 5 minutes. Rajouter la gousse d'ail émincée. 4. Ajouter les pousses d'épinard (lavées) à la poêle avec le reste d'huile d'olive. Mélanger régulièrement jusqu'à ce que les épinards soient cuits. 5. Pendant ce temps, batter au fouet le Skyr , la crème et la moutarde dans une casserole. 6. Chauffer à feu doux pendant 5 minutes. 7. Verser les pâtes cuites dans la poêle, mélanger et rajouter la sauce au Skyr et à la crème.","« Pâtes aux épinards, Skyr et crème Excellence » est une recette professionnelle METRO (cuisine durable), composée de 9 ingrédients et 7 étapes, pour 8 portions, durée 30 min.","""Pâtes aux épinards, Skyr et crème Excellence"" is a professional METRO recipe (sustainable cuisine), with 9 ingredients and 7 steps, for 8 servings.",https://www.metro.fr/inspiration/recette-chef/durable/pates-epinard-skyr,METRO France – metro.fr/inspiration/recette-chef
METRO-REC-0410,"Salade de courge spaghetti, faisselle & noix",durable,Cuisine durable,Sustainable cuisine,,,6.0,1h,60.0,Facile,Easy,15,14,1 Courge spaghetti | 1/2 botte Ciboulette | 2 Echalotes | 25ml Huile de noix | 1 Citron caviar | 1 Citron jaune | 2 Faisselle de vache | 1 Courge butternut | 20g Sucre | 30g Vinaigre blanc | 30g Vin blanc | 100g Eau | 50g Cerneaux de noix | 1/2 botte Ciboulette | Fleurs comestibles au choix,"1. Couper la courge spaghetti en 2 2. Disposer la courge spaghetti dans une plaque et mettre au four vapeur à 100° C pendant 45 minutes environ 3. Faire refroidir et effilocher à l'aide d'une fourchette 4. Assaisonner la faisselle de sel et poivre et conserver au frais jusqu'au dressage 5. Assaisonner la courge spaghetti à l'aide d'huile de noix, de sel et de poivre, les échalotes ciselées, la ciboulette ciselée, le zeste et le jus du citron jaune et le citron caviar 6. Conserver au frais jusqu'au dressage 7. Éplucher la courge butternut 8. Tailler des tranches d'1 mm d'épaisseur 9. Tailler à l'aide d'un emporte-pièce rond de 30 mm de diamètre 10. Réaliser une entaille telle une part de gâteau dans les disques de butternut 11. Dans une russe, mélanger le sucre, le vin blanc, le vinaigre blanc et l'eau 12. Porter à ébullition et verser sur les disques de courge butternut 13. Couvrir 14. Disposer dans le fond d'une assiette creuse la faisselle assaisonnée. Ajouter la courge spaghetti. Mettre des cerneaux de noix préalablement épluchés, de la ciboulette ciselée et des pickles de courge butternut roulés en cônes. Décorer avec les fleurs de votre choix.","« Salade de courge spaghetti, faisselle & noix » est une recette professionnelle METRO (cuisine durable), composée de 15 ingrédients et 14 étapes, pour 6 portions, durée 1h.","""Salade de courge spaghetti, faisselle & noix"" is a professional METRO recipe (sustainable cuisine), with 15 ingredients and 14 steps, for 6 servings.",https://www.metro.fr/inspiration/recette-chef/durable/salade-courge-spaghetti-faisselle-noix,METRO France – metro.fr/inspiration/recette-chef
METRO-REC-0411,Tartare de courgettes,durable,Cuisine durable,Sustainable cuisine,,,4.0,30 min,30.0,Moyen,Medium,15,15,"1 Courgette verte | 1 Courgette jaune | 1 Citron jaune (zestes + jus) | 2 Branches de menthe fraîche | 5 Feuilles de basilic frais | 3 Oignon nouveau | 1 pincées de chaque Sel, poivre blanc | 1 botte Carottes nouvelles | 1 Oignon moyen | 2 càs Huile d'olive | 1 pincée Cumin moulu | 2 pincées de chaque Sel, poivre blanc | 10 cl Crème fraîche épaisse | 2 càs Graines de pavot bleu | Quelques feuilles de roquette - pour la décoration","1. Laver les courgettes, ôter les extrémités, puis les couper en lamelles à l'aide d'une mandoline, ne pas utiliser le cœur puis couper les lamelles en fine brunoise. 2. Laver le citron, les herbes, sécher-les sur du papier absorbant ou un torchon sec. 3. Zester le citron sur les courgettes, ciseler le blanc de l'oignon, émincer la fane puis ajouter-les aux herbes ciselées, saler, poivrer. 4. Arroser du jus de citron. 5. Laisser reposer au frais jusqu'au moment du dressage. 6. Éplucher et couper les carottes en fines rondelles, garder des carottes entières pour la décoration. 7. Éplucher et émincer l'oignon. 8. Dans une casserole, verser un peu d'huile d'olive et rissoler l'oignon, le cumin et les rondelles de carottes pendant environ 5 min, mouiller d'eau à hauteur et laisser mijoter 12 min. 9. Retirer du feu, égoutter les légumes et mixer le tout, pour obtenir une mousseline bien lisse. 10. Assaisonner de sel et poivre. 11. Incorporer la crème en mélangeant bien afin d'obtenir une préparation onctueuse. 12. Débarrasser la crème dans un saladier et placer là au frigo pour la refroidir. 13. Pendant ce temps, blanchir les deux carottes dans l'eau salée pendant 8 min, puis refroidir dans l'eau glacée. 14. Égoutter les et couper les en deux dans le sens de la longueur puis rouler les pointes dans le pavot. 15. Dresser le tartare de courgettes à l'emporte pièces au centre des assiettes, placer une demi-carotte au pavot sur le tartare et décorer de quelques feuilles de roquette. Placer trois quenelles de crème de carottes autour du tartare puis saupoudrer les de graines de pavot restant.","« Tartare de courgettes » est une recette professionnelle METRO (cuisine durable), composée de 15 ingrédients et 15 étapes, pour 4 portions, durée 30 min.","""Tartare de courgettes"" is a professional METRO recipe (sustainable cuisine), with 15 ingredients and 15 steps, for 4 servings.",https://www.metro.fr/inspiration/recette-chef/durable/tartare-courgettes,METRO France – metro.fr/inspiration/recette-chef
